{
    "news": [
        {
            "rank": 0,
            "title": "【轰动】风波再起！众明星卷入，谁能独善其身？",
            "original_title": "",
            "source_platform": "",
            "source_url": "",
            "content": "",
            "image": ""
        },
        {
            "rank": 1,
            "title": "陈妍希夸赞林心如女儿：她太好看了",
            "original_title": "",
            "source_platform": "腾讯娱乐",
            "source_url": "https://news.qq.com/rain/a/20260223V028W500",
            "content": "陈妍希夸赞林心如女儿：她太好看了",
            "image": "images/rank1_陈妍希夸赞林_20260223_185702.jpg"
        },
        {
            "rank": 2,
            "title": "江苏春晚小品《圆桌悟事》爆火",
            "original_title": "",
            "source_platform": "腾讯娱乐",
            "source_url": "https://news.qq.com/rain/a/20260222V02R4000",
            "content": "江苏春晚小品《圆桌悟事》爆火",
            "image": "images/rank2_江苏春晚小品_20260223_185702.jpg"
        },
        {
            "rank": 3,
            "title": "梅婷田雨年代剧《好好的时光》今晚开播",
            "original_title": "",
            "source_platform": "腾讯娱乐",
            "source_url": "https://news.qq.com/rain/a/20260223A045K900",
            "content": "梅婷田雨年代剧《好好的时光》今晚开播",
            "image": "images/rank3_梅婷田雨年代_20260223_185702.jpg"
        },
        {
            "rank": 4,
            "title": "黄子韬回四川当女婿穿大花袄被嘲土",
            "original_title": "",
            "source_platform": "腾讯娱乐",
            "source_url": "https://news.qq.com/rain/a/20260223V048MK00",
            "content": "黄子韬回四川当女婿穿大花袄被嘲土",
            "image": "images/rank4_黄子韬回四川_20260223_185702.jpg"
        },
        {
            "rank": 5,
            "title": "任素汐王骁《除恶》今日开播",
            "original_title": "",
            "source_platform": "腾讯娱乐",
            "source_url": "https://news.qq.com/rain/a/20260223A049AX00",
            "content": "任素汐王骁《除恶》今日开播",
            "image": "images/rank5_任素汐王骁__20260223_185702.jpg"
        },
        {
            "rank": 6,
            "title": "《镖人》“武力值”排行榜",
            "original_title": "",
            "source_platform": "腾讯娱乐",
            "source_url": "https://news.qq.com/rain/a/20260222A05PYG00",
            "content": "《镖人》“武力值”排行榜",
            "image": "images/rank6__镖人__武_20260223_185702.jpg"
        },
        {
            "rank": 7,
            "title": "贾旭明回应春晚小品爆火，两天涨粉20万",
            "original_title": "",
            "source_platform": "腾讯娱乐",
            "source_url": "https://news.qq.com/rain/a/20260223A03XIS00",
            "content": "贾旭明回应春晚小品爆火，两天涨粉20万",
            "image": "images/rank7_贾旭明回应春_20260223_185702.jpg"
        },
        {
            "rank": 8,
            "title": "春节高速免费时段今晚结束",
            "original_title": "",
            "source_platform": "抖音热榜",
            "source_url": "https://www.douyin.com/hot/2409299",
            "content": "春节高速免费时段今晚结束",
            "image": "images/rank8_春节高速免费_20260223_185702.jpg"
        },
        {
            "rank": 9,
            "title": "德国总理默茨将访华",
            "original_title": "",
            "source_platform": "抖音热榜",
            "source_url": "https://www.douyin.com/hot/2409599",
            "content": "德国总理默茨将访华",
            "image": "images/rank9_德国总理默茨_20260223_185702.jpg"
        }
    ],
    "timestamp": "20260223_185702"
}