{
    "news": [
        {
            "rank": 0,
            "title": "美加大桥突遭威胁",
            "original_title": "",
            "source_platform": "",
            "source_url": "",
            "content": "",
            "image": ""
        },
        {
            "rank": 1,
            "title": "特朗普威胁阻挠美加大桥开通",
            "original_title": "Trump threatens to block opening of US-Canada bridge",
            "source_platform": "BBC News",
            "source_url": "https://www.bbc.com/news/articles/cpw052pkvl0o",
            "content": "特朗普威胁阻止连接美国与加拿大的新桥开通，要求美方获得“充分补偿”，此举引发对经济影响的担忧。",
            "image": "images/rank1_特朗普威胁阻_20260210_190159.jpg"
        },
        {
            "rank": 2,
            "title": "布里斯班公布23亿澳元奥运主场馆设计",
            "original_title": "Plans for $2.3 billion stadium ignite debate in 2032 Olympics host city",
            "source_platform": "CNN",
            "source_url": "https://edition.cnn.com/2026/01/07/style/australia-brisbane-olympic-stadium-victoria-park-hnk-intl",
            "content": "澳大利亚布里斯班公布2032年奥运会主场馆设计，耗资23亿澳元，灵感源自当地住宅风格，引发争议。",
            "image": "images/rank2_布里斯班公布_20260210_190159.jpg"
        },
        {
            "rank": 3,
            "title": "英国最小酒馆周日午餐预订秒光",
            "original_title": "Gone in 660 seconds: Why this pint-sized pub is getting booked out in minutes",
            "source_platform": "CNN",
            "source_url": "https://edition.cnn.com/travel/bank-tavern-sunday-roast-lunch-spc",
            "content": "英国布里斯托尔一家不起眼的小酒馆，因其周日烤肉午餐而闻名，预订在几分钟内就被抢购一空。",
            "image": "images/rank3_英国最小酒馆_20260210_190159.jpg"
        },
        {
            "rank": 4,
            "title": "巴黎兴起精品化古着商店",
            "original_title": "The exacting vintage stores offering the cure to your fashion fatigue",
            "source_platform": "CNN",
            "source_url": "https://edition.cnn.com/2026/02/10/style/vintage-stores-offering-cure-to-fashion-fatigue",
            "content": "巴黎兴起一种精品化古着商店，空间宽敞、精心策展，旨在为厌倦快时尚的消费者提供治愈方案。",
            "image": "images/rank4_巴黎兴起精品_20260210_190159.jpg"
        },
        {
            "rank": 5,
            "title": "美国东西部天气即将逆转",
            "original_title": "The eastern US has been gripped by an Arctic freeze. That’s about to change",
            "source_platform": "CNN",
            "source_url": "https://edition.cnn.com/2026/02/06/weather/cold-east-warm-west-weather-pattern-change-climate",
            "content": "美国东部严寒、西部温暖的极端天气格局持续数周后，即将发生转变，东部将再迎寒潮。",
            "image": "images/rank5_美国东西部天_20260210_190159.jpg"
        },
        {
            "rank": 6,
            "title": "2026年将塑造世界的11个建筑项目",
            "original_title": "11 architecture projects set to shape the world in 2026",
            "source_platform": "CNN",
            "source_url": "https://edition.cnn.com/2026/01/01/style/new-buildings-architecture-2026",
            "content": "从纽约摩天大楼到非洲文化中心，盘点2026年即将完工并可能塑造世界面貌的11个重要建筑项目。",
            "image": "images/rank6_2026年将_20260210_190159.jpg"
        },
        {
            "rank": 7,
            "title": "冬奥最古老项目面临衰退，或靠女性参赛拯救",
            "original_title": "One of the Winter Olympics’ oldest sports is facing steady decline. Its savior could be finally allowing women to compete",
            "source_platform": "CNN",
            "source_url": "https://edition.cnn.com/2026/02/10/sport/nordic-combined-malacinski-siblings-winter-olympics",
            "content": "冬奥会最古老项目北欧两项面临参与度下降，其拯救之道可能在于首次允许女性运动员参赛。",
            "image": "images/rank7_冬奥最古老项_20260210_190159.jpg"
        },
        {
            "rank": 8,
            "title": "乌克兰民众在严寒中帐篷裹床求生",
            "original_title": "Russia Knocked Out the Heat. So She Slept in a Tent on Her Bed.",
            "source_platform": "New York Times",
            "source_url": "https://www.nytimes.com/2026/02/10/world/europe/ukraine-war-russia-power-cold.html",
            "content": "俄罗斯持续袭击乌克兰能源设施，首都基辅民众在严寒中被迫在床铺上搭帐篷保暖，生活陷入困境。",
            "image": "images/rank8_乌克兰民众在_20260210_190159.jpg"
        },
        {
            "rank": 9,
            "title": "意大利军警争抢奥运明星运动员",
            "original_title": "The Games Before the Games: How Italy’s Security Forces Compete for Olympic Stars",
            "source_platform": "New York Times",
            "source_url": "https://www.nytimes.com/2026/02/10/world/europe/olympics-italy-police-army-athletes.html",
            "content": "意大利空军和警察部队为提升形象和士气，竞相招募和资助顶尖运动员，形成一场特殊的“赛前竞赛”。",
            "image": "images/rank9_意大利军警争_20260210_190159.jpg"
        }
    ],
    "timestamp": "20260210_190159"
}