{
    "news": [
        {
            "rank": 0,
            "title": "AI春节再炸场？",
            "original_title": "",
            "source_platform": "",
            "source_url": "",
            "content": "",
            "image": ""
        },
        {
            "rank": 1,
            "title": "哈尔滨巨型“雪王”因高温被拆",
            "original_title": "",
            "source_platform": "极目新闻",
            "source_url": "https://baijiahao.baidu.com/s?id=1857067393720911711",
            "content": "哈尔滨哈西万达广场门口18米高蜜雪冰城“雪王”雪雕因近日气温较高，考虑到安全风险，已被大型挖掘机拆除。",
            "image": "images/rank1_哈尔滨巨型__20260214_183535.jpg"
        },
        {
            "rank": 2,
            "title": "DeepSeek测试1M上下文模型",
            "original_title": "",
            "source_platform": "澎湃新闻",
            "source_url": "https://baijiahao.baidu.com/s?id=1857018667688097393",
            "content": "DeepSeek网页/APP正在测试新的长文本模型结构，支持1M上下文，被外界认为或将在春节再次发布新模型。",
            "image": "images/rank2_DeepSe_20260214_183535.jpg"
        },
        {
            "rank": 3,
            "title": "待宰大鹅流泪被送人",
            "original_title": "",
            "source_platform": "潇湘晨报",
            "source_url": "https://baijiahao.baidu.com/s?id=1857062108850127358",
            "content": "安徽一博主准备宰杀家中大鹅时，大鹅垂头流泪的视频引发网络关注，网友纷纷求放过，博主次日将鹅送人。",
            "image": "images/rank3_待宰大鹅流泪_20260214_183535.jpg"
        },
        {
            "rank": 4,
            "title": "春节加班三倍工资日期确定",
            "original_title": "",
            "source_platform": "杭州日报",
            "source_url": "https://baijiahao.baidu.com/s?id=1856960628878143970",
            "content": "杭州市人社局解答，春节2月16日至19日加班，用人单位需另支付三倍日工资。",
            "image": "images/rank4_春节加班三倍_20260214_183535.jpg"
        },
        {
            "rank": 5,
            "title": "8000元迷你小马成网红宠物",
            "original_title": "",
            "source_platform": "环球网",
            "source_url": "https://baijiahao.baidu.com/s?id=1857013726931463627",
            "content": "马年将至，外形憨萌的迷你小马凭借温顺性格走红社交平台，售价约8000元一匹，成为宠物圈新晋网红。",
            "image": "images/rank5_8000元迷_20260214_183535.jpg"
        },
        {
            "rank": 6,
            "title": "男子12万买矮马日租3000元",
            "original_title": "",
            "source_platform": "大象新闻",
            "source_url": "https://baijiahao.baidu.com/s?id=1857077938415890093",
            "content": "河南郑州一男子12万元买进口小矮马，正逢马年租金水涨船高，日租3000元出租，网友称40天可回本。",
            "image": "images/rank6_男子12万买_20260214_183535.jpg"
        },
        {
            "rank": 7,
            "title": "谷爱凌否认入职硅谷风投",
            "original_title": "",
            "source_platform": "Jarrett",
            "source_url": "https://news.qq.com/rain/a/20260214A00E9C00",
            "content": "网传谷爱凌将入职硅谷创投公司Benchmark，谷爱凌亲自在社交媒体留言回应称“这不是真的”。",
            "image": "images/rank7_谷爱凌否认入_20260214_183535.jpg"
        },
        {
            "rank": 8,
            "title": "公司年会现场发6000万现金",
            "original_title": "",
            "source_platform": "红星评论",
            "source_url": "https://www.toutiao.com/article/7606608517209833984/",
            "content": "河南省矿山起重机有限公司今年将拿出1.8亿元用于员工奖励与福利，年会现场发放6000万元现金。",
            "image": "images/rank8_公司年会现场_20260214_183535.jpg"
        },
        {
            "rank": 9,
            "title": "小伙开直升机回家过年",
            "original_title": "",
            "source_platform": "潮新闻",
            "source_url": "https://www.toutiao.com/video/7606377564903751699/",
            "content": "一小伙开直升机回家过年，从空中俯瞰高速堵车场景，视频在社交平台引发关注。",
            "image": "images/rank9_小伙开直升机_20260214_183535.jpg"
        }
    ],
    "timestamp": "20260214_183535"
}