{
    "news": [
        {
            "rank": 0,
            "title": "美伊大战一触即发？",
            "original_title": "",
            "source_platform": "",
            "source_url": "",
            "content": "",
            "image": ""
        },
        {
            "rank": 1,
            "title": "美伊若开战，七种可能场景",
            "original_title": "What could happen if the US strikes Iran? Here are seven scenarios",
            "source_platform": "BBC News",
            "source_url": "https://www.bbc.com/news/articles/ce3kenge1k9o",
            "content": "美国或在数日内打击伊朗。分析预测了从有限空袭到政权更迭、地区冲突升级等七种潜在后果。",
            "image": "images/rank1_美伊若开战__20260129_184658.jpg"
        },
        {
            "rank": 2,
            "title": "美边境人员涉致命枪击案被停职",
            "original_title": "Border agents involved in fatal shooting of Alex Pretti placed on leave",
            "source_platform": "BBC News",
            "source_url": "https://www.bbc.com/news/articles/ckgn0w129lqo",
            "content": "美国海关与边境保护局两名涉枪杀明尼阿波利斯市民的探员已被行政停职，事件引发全国抗议。",
            "image": "images/rank2_美边境人员涉_20260129_184658.jpg"
        },
        {
            "rank": 3,
            "title": "传奇教练贝利奇克跌落神坛",
            "original_title": "Bill Belichick: A Super Bowl god's fall from grace",
            "source_platform": "BBC News",
            "source_url": "https://www.bbc.com/news/articles/clywp0wy21lo",
            "content": "NFL史上最伟大教练贝利奇克转战大学联赛后战绩惨淡，落选名人堂，传奇生涯蒙上阴影。",
            "image": "images/rank3_传奇教练贝利_20260129_184658.jpg"
        },
        {
            "rank": 4,
            "title": "特斯拉年收入首降，转向AI与机器人",
            "original_title": "Tesla cuts car models in shift to robots and AI",
            "source_platform": "BBC News",
            "source_url": "https://www.bbc.com/news/articles/c620177qdg5o",
            "content": "特斯拉2025年营收首次下滑，宣布停产Model S和X，将工厂转产人形机器人，并投资马斯克的AI公司。",
            "image": "images/rank4_特斯拉年收入_20260129_184658.jpg"
        },
        {
            "rank": 5,
            "title": "抗议者聚集德州拘留中心要求释放5岁童",
            "original_title": "Protesters and lawmakers gather outside Texas facility where Minneapolis child is held",
            "source_platform": "BBC News",
            "source_url": "https://www.bbc.com/news/articles/cn8jk5335vdo",
            "content": "抗议者与州警在德州拘留中心外冲突，要求释放被移民局扣押的5岁儿童及其父亲，多名议员到场声援。",
            "image": "images/rank5_抗议者聚集德_20260129_184658.jpg"
        },
        {
            "rank": 6,
            "title": "美拟要求旅客提供社媒信息，旅游业警告将损失巨大",
            "original_title": "Millions of travelers could skip visiting the US if proposed social media policy is implemented, industry experts warn",
            "source_platform": "CNN",
            "source_url": "https://edition.cnn.com/2026/01/28/travel/social-media-esta-proposal-world-travel",
            "content": "美国拟要求免签计划旅客提交社媒账户信息，旅游业警告此举或致470万旅客流失，损失157亿美元消费。",
            "image": "images/rank6_美拟要求旅客_20260129_184658.jpg"
        },
        {
            "rank": 7,
            "title": "贝索斯夫妇高调亮相巴黎时装周",
            "original_title": "Lauren Sanchez Bezos and Jeff Bezos are now fashion insiders",
            "source_platform": "CNN",
            "source_url": "https://edition.cnn.com/2026/01/28/style/lauren-sanchez-bezos-and-jeff-bezos-are-now-fashion-insiders",
            "content": "杰夫·贝索斯与妻子劳伦高调现身巴黎高定时装周前排看秀，与设计师合影，跻身时尚界焦点。",
            "image": "images/rank7_贝索斯夫妇高_20260129_184658.jpg"
        },
        {
            "rank": 8,
            "title": "炸弹气旋将再袭美国东南部",
            "original_title": "Bomb cyclone to bring major winter storm to the Southeast. Northeast could see a glancing blow or a lot of snow",
            "source_platform": "CNN",
            "source_url": "https://edition.cnn.com/2026/01/29/weather/winter-storm-bomb-cyclone-noreaster-climate-hnk",
            "content": "一个快速增强的风暴预计周末在东南沿海形成炸弹气旋，为卡罗来纳州等地带来大雪和强风。",
            "image": "images/rank8_炸弹气旋将再_20260129_184658.jpg"
        },
        {
            "rank": 9,
            "title": "门将压哨头球绝杀，本菲卡送皇马进欧冠附加赛",
            "original_title": "Dramatic, last-gasp header by a goalkeeper caps a climactic Champions League opening round",
            "source_platform": "CNN",
            "source_url": "https://edition.cnn.com/2026/01/28/sport/soccer-champions-league-playoffs-round",
            "content": "欧冠小组赛末轮，本菲卡门将特鲁宾补时头球绝杀，助球队晋级并将皇马踢入资格赛，卫冕冠军巴黎亦出局。",
            "image": "images/rank9_门将压哨头球_20260129_184658.jpg"
        }
    ],
    "timestamp": "20260129_184658"
}