{
    "news": [
        {
            "rank": 0,
            "title": "年轻人被“老年病”盯上？",
            "original_title": "",
            "source_platform": "",
            "source_url": "",
            "content": "",
            "image": ""
        },
        {
            "rank": 1,
            "title": "中国科学家获全球年度大奖",
            "original_title": "",
            "source_platform": "人民日报",
            "source_url": "https://baijiahao.baidu.com/s?id=1858193562377755084",
            "content": "上海交通大学杨溶副教授获美国导航学会2025年度早期成就奖，成为该奖设立近三十年来中国内地第二位获奖者。",
            "image": "images/rank1_中国科学家获_20260227_063029.jpg"
        },
        {
            "rank": 2,
            "title": "中国男篮客场逆转日本队",
            "original_title": "",
            "source_platform": "央视新闻",
            "source_url": "https://baijiahao.baidu.com/s?id=1858190516803012821",
            "content": "中国男篮在世界杯预选赛客场以87-80逆转击败日本男篮，拿下关键胜利，为小组出线赢得主动权。",
            "image": "images/rank2_中国男篮客场_20260227_063029.jpg"
        },
        {
            "rank": 3,
            "title": "机器人春节“打工”档期满",
            "original_title": "",
            "source_platform": "人民日报",
            "source_url": "https://baijiahao.baidu.com/s?id=1858168084420403297",
            "content": "春节假期，从舞台表演到商场服务，机器人应用场景增多，科技味与年味深度交融，加快走进百姓生活。",
            "image": "images/rank3_机器人春节__20260227_063029.jpg"
        },
        {
            "rank": 4,
            "title": "“大喊妈”食用说明引共鸣",
            "original_title": "",
            "source_platform": "红星视频",
            "source_url": "https://baijiahao.baidu.com/s?id=1858199013197787774",
            "content": "贵阳一食品企业脆哨食用说明“大喊‘妈’，然后等着就行了”走红网络，引发网友对亲情的共鸣与讨论。",
            "image": "images/rank4__大喊妈_食_20260227_063029.jpg"
        },
        {
            "rank": 5,
            "title": "“15后”娃开始整顿亲戚",
            "original_title": "",
            "source_platform": "钱江晚报",
            "source_url": "https://baijiahao.baidu.com/s?id=1858157890910570258",
            "content": "“15后”儿童用橡皮泥占马桶、毯子占沙发，并给亲戚立规矩：不抽烟、不问成绩、不喜欢的礼物退回。",
            "image": "images/rank5__15后_娃_20260227_063029.jpg"
        },
        {
            "rank": 6,
            "title": "心血管病逼近年轻人",
            "original_title": "",
            "source_platform": "第一财经",
            "source_url": "https://baijiahao.baidu.com/s?id=1858182175703926580",
            "content": "我国3.3亿心血管病患中年轻人比例上升，一35岁男子春节旅途中胸痛后心梗离世，警示疾病年轻化趋势。",
            "image": "images/rank6_心血管病逼近_20260227_063029.jpg"
        },
        {
            "rank": 7,
            "title": "日系车在华销量大幅下滑",
            "original_title": "",
            "source_platform": "九派新闻",
            "source_url": "https://baijiahao.baidu.com/s?id=1858186642670736772",
            "content": "2025年中国汽车市场，国产新能源占据主流，日系合资品牌销量腰斩，三菱、铃木已退出中国市场。",
            "image": "images/rank7_日系车在华销_20260227_063029.jpg"
        },
        {
            "rank": 8,
            "title": "外卖网店名称须与招牌一致",
            "original_title": "",
            "source_platform": "央视新闻",
            "source_url": "https://news.qq.com/rain/a/20260226A06VOX00",
            "content": "市场监管总局新规6月实施，要求外卖网店名称必须与实体经营门面招牌名一致，以加强食品安全监管。",
            "image": "images/rank8_外卖网店名称_20260227_063029.jpg"
        },
        {
            "rank": 9,
            "title": "女子替父请假两小时被开除",
            "original_title": "",
            "source_platform": "浪潮新闻",
            "source_url": "https://news.qq.com/rain/a/20260226A061N500",
            "content": "济南一女子替父请假两小时，父亲随后被店铺开除。当地人社部门已介入调查核实该起劳动纠纷。",
            "image": "images/rank9_女子替父请假_20260227_063029.jpg"
        }
    ],
    "timestamp": "20260227_063029"
}