{
    "news": [
        {
            "rank": 0,
            "title": "冥币买饭？",
            "original_title": "",
            "source_platform": "",
            "source_url": "",
            "content": "",
            "image": ""
        },
        {
            "rank": 1,
            "title": "春运乘客“买长乘短”被12306阻拦",
            "original_title": "",
            "source_platform": "长江云新闻",
            "source_url": "https://baijiahao.baidu.com/s?id=1856449290779159564",
            "content": "春运期间，乘客因车票紧张选择“买长乘短”，但无法在目的地站中转购票。铁路部门提供临时方案，可致电12306申请人工解锁。",
            "image": "images/rank1_春运乘客_买_20260209_190223.jpg"
        },
        {
            "rank": 2,
            "title": "老人连续7年用冥币买遍半条街",
            "original_title": "",
            "source_platform": "后浪视频",
            "source_url": "https://baijiahao.baidu.com/s?id=1856633669171267670",
            "content": "山东一位70岁老人连续7年使用冥币在小吃街换取食物，商户自愿接受，形成社区互助默契。",
            "image": "images/rank2_老人连续7年_20260209_190223.jpg"
        },
        {
            "rank": 3,
            "title": "苹果最便宜新机要来了",
            "original_title": "",
            "source_platform": "快科技",
            "source_url": "https://baijiahao.baidu.com/s?id=1856600912290840643",
            "content": "iPhone 17e即将发布，取代iPhone 16e，成为苹果最便宜新手机，国行价格预计4499元，补贴后3999元。",
            "image": "images/rank3_苹果最便宜新_20260209_190223.jpg"
        },
        {
            "rank": 4,
            "title": "黑诊所放血疗法地面血流成泊",
            "original_title": "",
            "source_platform": "看看新闻Knews",
            "source_url": "https://baijiahao.baidu.com/s?id=1856628278824331044",
            "content": "上海松江区一无证诊所因实施放血疗法被查处，操作者用长针穿刺患者皮肤放血，导致地面形成血泊，主犯被移送警方。",
            "image": "images/rank4_黑诊所放血疗_20260209_190223.jpg"
        },
        {
            "rank": 5,
            "title": "他在剧里当“爹” 日薪800",
            "original_title": "",
            "source_platform": "人民日报",
            "source_url": "https://baijiahao.baidu.com/s?id=1856628909154706011",
            "content": "42岁韩国强扮演微短剧男主角父亲，成为小有名气“特约演员”，日薪从百余元涨到800元，年收入比打零工时翻倍。",
            "image": "images/rank5_他在剧里当__20260209_190223.jpg"
        },
        {
            "rank": 6,
            "title": "摩根大通：金银铜将“盘整”",
            "original_title": "",
            "source_platform": "华尔街见闻",
            "source_url": "https://news.qq.com/rain/a/20260208A04G1400",
            "content": "摩根大通发布报告称，金、银、铜等主要金属未来几周将进入“盘整期”，铜或在二季度率先反弹。",
            "image": "images/rank6_摩根大通_金_20260209_190223.jpg"
        },
        {
            "rank": 7,
            "title": "老外来中国过年的订单爆了",
            "original_title": "",
            "source_platform": "玉渊谭天",
            "source_url": "https://www.toutiao.com/video/7604664331377328162/",
            "content": "老外来中国过年的订单爆了，显示春节旅游市场对外国游客吸引力增强。",
            "image": "images/rank7_老外来中国过_20260209_190223.jpg"
        },
        {
            "rank": 8,
            "title": "各地年味“气氛组”已陆续上线",
            "original_title": "",
            "source_platform": "央视新闻",
            "source_url": "https://www.toutiao.com/article/7604671444986905139",
            "content": "春节临近，黑龙江等多地进入年货采购高峰期，市场供销两旺，商户推出“省心大礼包”满足消费者需求。",
            "image": "images/rank8_各地年味_气_20260209_190223.jpg"
        },
        {
            "rank": 9,
            "title": "大连市甘井子区海域发生2.9级地震",
            "original_title": "",
            "source_platform": "界面快讯",
            "source_url": "https://www.toutiao.com/article/7604761284671750691/",
            "content": "辽宁地震台网测定，大连市甘井子区海域发生2.9级地震，震源深度9公里，未报告人员伤亡。",
            "image": "images/rank9_大连市甘井子_20260209_190223.jpg"
        }
    ],
    "timestamp": "20260209_190223"
}