{
    "news": [
        {
            "rank": 0,
            "title": "【轰动】风波再起！众明星卷入，谁能独善其身？",
            "original_title": "",
            "source_platform": "",
            "source_url": "",
            "content": "",
            "image": ""
        },
        {
            "rank": 1,
            "title": "第44届金像奖提名名单公布",
            "original_title": "",
            "source_platform": "腾讯娱乐",
            "source_url": "https://news.qq.com/rain/a/20260210A04NQM00",
            "content": "第44届金像奖提名名单公布",
            "image": "images/rank1_第44届金像_20260210_190159.jpg"
        },
        {
            "rank": 2,
            "title": "揭秘影院排片“潜规则”",
            "original_title": "",
            "source_platform": "腾讯娱乐",
            "source_url": "https://news.qq.com/rain/a/20260210A04L8700",
            "content": "揭秘影院排片“潜规则”",
            "image": "images/rank2_揭秘影院排片_20260210_190159.jpg"
        },
        {
            "rank": 3,
            "title": "央视小年夜春晚节目单出炉",
            "original_title": "",
            "source_platform": "腾讯娱乐",
            "source_url": "https://news.qq.com/rain/a/20260210V0464I00",
            "content": "央视小年夜春晚节目单出炉",
            "image": "images/rank3_央视小年夜春_20260210_190159.jpg"
        },
        {
            "rank": 4,
            "title": "徐俊尊科普冬季两项，为中国健儿加油",
            "original_title": "",
            "source_platform": "腾讯娱乐",
            "source_url": "https://news.qq.com/rain/a/20260209V0413500",
            "content": "徐俊尊科普冬季两项，为中国健儿加油",
            "image": "images/rank4_徐俊尊科普冬_20260210_190159.jpg"
        },
        {
            "rank": 5,
            "title": "对手犯规 林孝埈被判晋级",
            "original_title": "",
            "source_platform": "抖音热榜",
            "source_url": "https://www.douyin.com/hot/2396188",
            "content": "对手犯规 林孝埈被判晋级",
            "image": "images/rank5_对手犯规_林_20260210_190159.jpg"
        },
        {
            "rank": 6,
            "title": "2026春节档电影预售开启",
            "original_title": "",
            "source_platform": "抖音热榜",
            "source_url": "https://www.douyin.com/hot/2395616",
            "content": "2026春节档电影预售开启",
            "image": "images/rank6_2026春节_20260210_190159.jpg"
        },
        {
            "rank": 7,
            "title": "今天是北方小年",
            "original_title": "",
            "source_platform": "抖音热榜",
            "source_url": "https://www.douyin.com/hot/2395440",
            "content": "今天是北方小年",
            "image": "images/rank7_今天是北方小_20260210_190159.jpg"
        },
        {
            "rank": 8,
            "title": "外交部回应高市涉华言论",
            "original_title": "",
            "source_platform": "抖音热榜",
            "source_url": "https://www.douyin.com/hot/2395982",
            "content": "外交部回应高市涉华言论",
            "image": "images/rank8_外交部回应高_20260210_190159.jpg"
        },
        {
            "rank": 9,
            "title": "游戏科学拜个早年，《黑神话：钟馗》6分钟实机小短片",
            "original_title": "",
            "source_platform": "黑神话",
            "source_url": "https://www.bilibili.com/video/BV11PcgzWEJp",
            "content": "游戏科学拜个早年，《黑神话：钟馗》6分钟实机小短片",
            "image": "images/rank9_游戏科学拜个_20260210_190159.jpg"
        }
    ],
    "timestamp": "20260210_190159"
}