{
    "news": [
        {
            "rank": 0,
            "title": "【轰动】风波再起！众明星卷入，谁能独善其身？",
            "original_title": "",
            "source_platform": "",
            "source_url": "",
            "content": "",
            "image": ""
        },
        {
            "rank": 1,
            "title": "刘旸松天硕杨雨光变装封神",
            "original_title": "",
            "source_platform": "腾讯娱乐",
            "source_url": "https://news.qq.com/rain/a/20260213V01FGQ00",
            "content": "刘旸松天硕杨雨光变装封神",
            "image": "images/rank1_刘旸松天硕杨_20260213_185123.jpg"
        },
        {
            "rank": 2,
            "title": "《狂飙》《六姊妹》春节爆火剧还能复制吗？",
            "original_title": "",
            "source_platform": "腾讯娱乐",
            "source_url": "https://news.qq.com/rain/a/20260211A05YKB00",
            "content": "《狂飙》《六姊妹》春节爆火剧还能复制吗？",
            "image": "images/rank2__狂飙__六_20260213_185123.jpg"
        },
        {
            "rank": 3,
            "title": "摄影师公开大S未发表旧照",
            "original_title": "",
            "source_platform": "腾讯娱乐",
            "source_url": "https://news.qq.com/rain/a/20260213V01A7W00",
            "content": "摄影师公开大S未发表旧照",
            "image": "images/rank3_摄影师公开大_20260213_185123.jpg"
        },
        {
            "rank": 4,
            "title": "刘大锤聊赵丽颖恋情：与赵德胤再无同框",
            "original_title": "",
            "source_platform": "腾讯娱乐",
            "source_url": "https://news.qq.com/rain/a/20260213V02Y5Z00",
            "content": "刘大锤聊赵丽颖恋情：与赵德胤再无同框",
            "image": "images/rank4_刘大锤聊赵丽_20260213_185123.jpg"
        },
        {
            "rank": 5,
            "title": "春晚彩排白鹿蔡明陈小春现身",
            "original_title": "",
            "source_platform": "腾讯娱乐",
            "source_url": "https://news.qq.com/rain/a/20260213V035U400",
            "content": "春晚彩排白鹿蔡明陈小春现身",
            "image": "images/rank5_春晚彩排白鹿_20260213_185123.jpg"
        },
        {
            "rank": 6,
            "title": "张雨绮被移除辽宁春晚节目单",
            "original_title": "",
            "source_platform": "腾讯娱乐",
            "source_url": "https://news.qq.com/rain/a/20260210V04FT300",
            "content": "张雨绮被移除辽宁春晚节目单",
            "image": "images/rank6_张雨绮被移除_20260213_185123.jpg"
        },
        {
            "rank": 7,
            "title": "外交部回应日本扣押中国渔船",
            "original_title": "",
            "source_platform": "抖音热榜",
            "source_url": "https://www.douyin.com/hot/2399431",
            "content": "外交部回应日本扣押中国渔船",
            "image": "images/rank7_外交部回应日_20260213_185123.jpg"
        },
        {
            "rank": 8,
            "title": "央行将开展10000亿逆回购操作",
            "original_title": "",
            "source_platform": "抖音热榜",
            "source_url": "https://www.douyin.com/hot/2398468",
            "content": "央行将开展10000亿逆回购操作",
            "image": "images/rank8_央行将开展1_20260213_185123.jpg"
        },
        {
            "rank": 9,
            "title": "大司马抖音首秀",
            "original_title": "",
            "source_platform": "抖音热榜",
            "source_url": "https://www.douyin.com/hot/2398795",
            "content": "大司马抖音首秀",
            "image": "images/rank9_大司马抖音首_20260213_185123.jpg"
        }
    ],
    "timestamp": "20260213_185123"
}