{
    "news": [
        {
            "rank": 0,
            "title": "世界秩序崩塌？",
            "original_title": "",
            "source_platform": "",
            "source_url": "",
            "content": "",
            "image": ""
        },
        {
            "rank": 1,
            "title": "德国总理警告：基于规则的世界秩序已不复存在",
            "original_title": "World's rules-based order 'no longer exists', Germany's Merz warns",
            "source_platform": "BBC News",
            "source_url": "https://www.bbc.com/news/articles/cy4wpv0wx43o",
            "content": "德国总理在慕尼黑安全会议上警告，基于规则的世界秩序已不复存在，呼吁欧洲为“牺牲”做好准备。",
            "image": "images/rank1_德国总理警告_20260214_062932.jpg"
        },
        {
            "rank": 2,
            "title": "美移民官员被指就枪击案作伪证",
            "original_title": "ICE agents may have lied about shooting of migrant in Minneapolis, officials say",
            "source_platform": "BBC News",
            "source_url": "https://www.bbc.com/news/articles/cy8l9jp1z3yo",
            "content": "美国移民与海关执法局称，两名官员在关于明尼阿波利斯移民枪击案的宣誓证词中可能做了“不实陈述”。",
            "image": "images/rank2_美移民官员被_20260214_062932.jpg"
        },
        {
            "rank": 3,
            "title": "迪拜港口巨头负责人因爱泼斯坦关联辞职",
            "original_title": "Head of Dubai-based ports giant quits after Epstein links revealed",
            "source_platform": "BBC News",
            "source_url": "https://www.bbc.com/news/articles/ce82xgd2g3yo",
            "content": "全球港口运营商DP World的负责人因与性犯罪者爱泼斯坦的关联曝光而面临压力，已辞去董事长兼首席执行官职务。",
            "image": "images/rank3_迪拜港口巨头_20260214_062932.jpg"
        },
        {
            "rank": 4,
            "title": "特朗普撤销关键气候政策，影响深远",
            "original_title": "Six possible effects of Trump's climate policy change",
            "source_platform": "BBC News",
            "source_url": "https://www.bbc.com/news/articles/cd03ee39945o",
            "content": "特朗普总统撤销了奥巴马时代认定温室气体危害公共健康的关键裁决，此举可能增加排放并影响美国汽车业。",
            "image": "images/rank4_特朗普撤销关_20260214_062932.jpg"
        },
        {
            "rank": 5,
            "title": "美海军陆战队员成缉毒行动首位阵亡者",
            "original_title": "Troop who fell overboard becomes first American killed in drug boat targeting operation",
            "source_platform": "BBC News",
            "source_url": "https://www.bbc.com/news/articles/c9q5lr59e8go",
            "content": "一名美国海军陆战队员在加勒比海从攻击舰上落水身亡，成为特朗普政府打击贩毒船行动中首位已知的美军阵亡者。",
            "image": "images/rank5_美海军陆战队_20260214_062932.jpg"
        },
        {
            "rank": 6,
            "title": "研究：特朗普关税成本主要由美国企业和消费者承担",
            "original_title": "Costs from Trump's tariffs paid mainly by US firms and consumers, NY Fed says",
            "source_platform": "BBC News",
            "source_url": "https://www.bbc.com/news/articles/c78x9256pn7o",
            "content": "纽约联储研究发现，2025年增加的关税成本中，90%由美国公司和消费者承担，导致进口商品价格上涨。",
            "image": "images/rank6_研究_特朗普_20260214_062932.jpg"
        },
        {
            "rank": 7,
            "title": "FBI公布女主播母亲绑架案嫌犯特征",
            "original_title": "FBI releases description of suspect in Nancy Guthrie kidnapping",
            "source_platform": "BBC News",
            "source_url": "https://www.bbc.com/news/articles/cnv63jljnz0o",
            "content": "FBI公布了涉嫌绑架美国新闻主播萨凡纳·格思里母亲的男子体貌特征，并悬赏10万美元征集线索。",
            "image": "images/rank7_FBI公布女_20260214_062932.jpg"
        },
        {
            "rank": 8,
            "title": "亚马逊旗下Ring因隐私担忧终止与Flock合作",
            "original_title": "Amazon’s Ring cancels controversial partnership with tech company Flock amid privacy concerns",
            "source_platform": "CNN",
            "source_url": "https://edition.cnn.com/2026/02/13/tech/amazon-ring-flock-partnership-ice",
            "content": "亚马逊旗下智能门铃公司Ring因隐私担忧，终止了与车牌识别技术公司Flock Safety的合作关系。",
            "image": "images/rank8_亚马逊旗下R_20260214_062932.jpg"
        },
        {
            "rank": 9,
            "title": "国际奥委会因出售纳粹奥运T恤遭批评",
            "original_title": "IOC under fire for selling Nazi-era Olympic Games T-shirt",
            "source_platform": "CNN",
            "source_url": "https://edition.cnn.com/2026/02/13/sport/ioc-nazi-era-t-shirt-scli-intl-spt",
            "content": "国际奥委会因在其官方商店出售纪念1936年纳粹德国柏林奥运会的T恤而受到广泛批评。",
            "image": "images/rank9_国际奥委会因_20260214_062932.jpg"
        }
    ],
    "timestamp": "20260214_062932"
}