{
    "news": [
        {
            "rank": 0,
            "title": "风暴、枪击、背叛…全球炸锅",
            "original_title": "",
            "source_platform": "",
            "source_url": "",
            "content": "",
            "image": ""
        },
        {
            "rank": 1,
            "title": "墨西哥足球场遭枪手袭击致11死",
            "original_title": "Gunmen storm Mexico football pitch and kill at least 11 people",
            "source_platform": "BBC News",
            "source_url": "https://www.bbc.com/news/articles/cp80419gggro",
            "content": "墨西哥萨拉曼卡市一足球场遭武装分子袭击，造成至少11人死亡，包括妇女儿童。",
            "image": "images/rank1_墨西哥足球场_20260127_061948.jpg"
        },
        {
            "rank": 2,
            "title": "英国前内政大臣布拉弗曼转投改革党",
            "original_title": "Braverman accuses Tories of betrayal as she defects to Reform",
            "source_platform": "BBC News",
            "source_url": "https://www.bbc.com/news/articles/c1evq263e49o",
            "content": "英国前内政大臣苏埃拉·布拉弗曼宣布退出保守党，加入奈杰尔·法拉奇的改革党，并指责保守党“背叛”。",
            "image": "images/rank2_英国前内政大_20260127_061948.jpg"
        },
        {
            "rank": 3,
            "title": "美国私人飞机坠毁致7死1伤",
            "original_title": "Seven people killed and one injured in private jet crash in Maine",
            "source_platform": "BBC News",
            "source_url": "https://www.bbc.com/news/articles/cddgqqd0peno",
            "content": "美国缅因州一架私人飞机起飞时坠毁并起火，机上8人中7人死亡，1名机组人员重伤。",
            "image": "images/rank3_美国私人飞机_20260127_061948.jpg"
        },
        {
            "rank": 4,
            "title": "欧盟对马斯克X平台AI展开调查",
            "original_title": "Europe opens major probe into Elon Musk’s X after outcry over sexualized images",
            "source_platform": "CNN",
            "source_url": "https://edition.cnn.com/2026/01/26/tech/eu-probe-grok-sexualized-images-intl",
            "content": "欧盟对埃隆·马斯克旗下X平台的Grok聊天机器人展开广泛调查，因其能生成包括儿童在内的色情图像。",
            "image": "images/rank4_欧盟对马斯克_20260127_061948.jpg"
        },
        {
            "rank": 5,
            "title": "布里斯班公布23亿澳元奥运场馆设计",
            "original_title": "Plans for $2.3 billion stadium ignite debate in 2032 Olympics host city",
            "source_platform": "CNN",
            "source_url": "https://edition.cnn.com/2026/01/07/style/australia-brisbane-olympic-stadium-victoria-park-hnk-intl",
            "content": "澳大利亚布里斯班公布2032年奥运会主体育场设计，耗资23亿澳元，灵感源自当地住宅风格。",
            "image": "images/rank5_布里斯班公布_20260127_061948.jpg"
        },
        {
            "rank": 6,
            "title": "菲律宾渡轮沉没致至少18人死亡",
            "original_title": "At least 18 killed and hundreds rescued in Philippines ferry disaster",
            "source_platform": "CNN",
            "source_url": "https://edition.cnn.com/2026/01/25/asia/ferry-sinking-philippines-basilan-intl-hnk",
            "content": "菲律宾南部一艘载有350多人的渡轮沉没，造成至少18人死亡，数百人获救。",
            "image": "images/rank6_菲律宾渡轮沉_20260127_061948.jpg"
        },
        {
            "rank": 7,
            "title": "北约秘书长警告欧洲离不开美国",
            "original_title": "NATO Chief Says Europe Is ‘Dreaming’ if It Thinks It Can Defend Itself Without U.S.",
            "source_platform": "New York Times",
            "source_url": "https://www.nytimes.com/2026/01/26/world/europe/nato-chief-europe-greenland-trump-us.html",
            "content": "北约秘书长马克·吕特警告欧洲，若认为没有美国也能自卫，那是在“做梦”。",
            "image": "images/rank7_北约秘书长警_20260127_061948.jpg"
        },
        {
            "rank": 8,
            "title": "加拿大白鲸或将迁往美国",
            "original_title": "Canadian Beluga Whales Could Find New Homes in United States",
            "source_platform": "New York Times",
            "source_url": "https://www.nytimes.com/2026/01/26/world/canada/canada-marineland-beluga-whales.html",
            "content": "加拿大濒临破产的海洋公园计划将约30头白鲸送往美国海洋馆，而非此前威胁的安乐死。",
            "image": "images/rank8_加拿大白鲸或_20260127_061948.jpg"
        },
        {
            "rank": 9,
            "title": "英国将迎强风暴“钱德拉”",
            "original_title": "Storm Chandra forecast to bring snow, strong winds and heavy rain to UK",
            "source_platform": "Sky News",
            "source_url": "https://news.sky.com/story/storm-chandra-forecast-to-bring-snow-strong-winds-and-heavy-rain-to-uk-13496150",
            "content": "英国气象局命名风暴“钱德拉”，预计将给英国大部分地区带来强风、暴雨和降雪。",
            "image": "images/rank9_英国将迎强风_20260127_061948.jpg"
        }
    ],
    "timestamp": "20260127_061948"
}