{
    "news": [
        {
            "rank": 0,
            "title": "科技民生热点多，文化奇闻添趣味",
            "content": "",
            "image": ""
        },
        {
            "rank": 1,
            "title": "多地开年首会释放“强信号”",
            "source_platform": "新华社",
            "source_url": "https://baijiahao.baidu.com/s?id=1853626877702293422",
            "content": "上海、福建等多地召开新年首会，聚焦优化营商环境、科技创新和人才布局，释放持续抓建设的决心。",
            "image": "images/rank1_多地开年首会释放强信_20260107_103559.jpg"
        },
        {
            "rank": 2,
            "title": "明天就进入“三九”了",
            "source_platform": "新京报",
            "source_url": "https://baijiahao.baidu.com/s?id=1853632163976231421",
            "content": "1月8日进入“三九”，今冬气温整体偏暖但分布不均，东北偏冷，华北至江南偏暖，需注意防寒保暖。",
            "image": "images/rank2_明天就进入三九了_20260107_103618.jpg"
        },
        {
            "rank": 3,
            "title": "三星警告：所有电子产品面临涨价",
            "source_platform": "华尔街见闻",
            "source_url": "https://baijiahao.baidu.com/s?id=1853637099002710008&wfr=spider&for=pc",
            "content": "三星电子警告，全球内存芯片供应短缺导致成本飙升，可能迫使整个电子行业提高产品价格。",
            "image": "images/rank3_三星警告所有电子产品_20260107_103620.jpg"
        },
        {
            "rank": 4,
            "title": "大爷拍的“素颜巴黎”火了",
            "source_platform": "红星视频",
            "source_url": "https://mbd.baidu.com/newspage/data/videolanding?nid=sv_12686668319009842650",
            "content": "一位大爷实拍的无美颜巴黎照片走红，埃菲尔铁塔被调侃像“电线塔”，塞纳河被戏称为“村头水沟”。",
            "image": "images/rank4_大爷拍的素颜巴黎火了_20260107_103653.jpg"
        },
        {
            "rank": 5,
            "title": "一杯定时豆浆差点把家“煮”没了",
            "source_platform": "环球网",
            "source_url": "https://baijiahao.baidu.com/s?id=1853527473878543277",
            "content": "浙江金华一租户提前给豆浆机定时，结果引发火灾，差点烧毁房屋。",
            "image": "images/rank5_一杯定时豆浆差点把家_20260107_103655.jpg"
        },
        {
            "rank": 6,
            "title": "医生不建议直接穿外裤坐卧在床上",
            "source_platform": "新华社",
            "source_url": "https://mbd.baidu.com/newspage/data/videolanding?nid=sv_5648336479781726957&sourceFrom=share",
            "content": "医生建议回家先换家居服，因外裤表面沾染细菌、真菌等污染物，可能引发皮肤过敏或感染。",
            "image": "images/rank6_医生不建议直接穿外裤_20260107_103658.jpg"
        },
        {
            "rank": 7,
            "title": "新年伊始 入境游持续火热",
            "source_platform": "央视新闻",
            "source_url": "https://www.toutiao.com/article/7592433893584749096",
            "content": "元旦假期入境游市场火热，免签入境外国人同比增长35.8%，北京、上海等地仍是热门目的地。",
            "image": "images/rank7_新年伊始入境游持续火_20260107_103732.jpeg"
        },
        {
            "rank": 8,
            "title": "平台不得大数据“杀熟”",
            "source_platform": "央视新闻",
            "source_url": "https://news.qq.com/rain/a/20260107A02I1100#to-comment",
            "content": "市场监管总局和网信办发布新规，明确网络交易平台不得利用规则实施大数据“杀熟”等行为。",
            "image": "images/rank8_平台不得大数据杀熟_20260107_103737.jpg"
        },
        {
            "rank": 9,
            "title": "A股三大股指震荡收涨",
            "source_platform": "澎湃新闻",
            "source_url": "https://news.qq.com/rain/a/20260107A04MOA00#to-comment",
            "content": "A股三大股指1月7日震荡收涨，半导体产业链走强，大金融板块走弱，两市成交额超2.8万亿元。",
            "image": "images/rank9_A股三大股指震荡收涨_20260107_103737.jpg"
        }
    ]
}