{
    "news": [
        {
            "rank": 0,
            "title": "地缘博弈、科技浪潮与民生冷暖交织的一周",
            "content": ""
        },
        {
            "rank": 1,
            "title": "泰国起重机倒塌致火车脱轨，至少28人遇难",
            "source_platform": "BBC News",
            "source_url": "https://www.bbc.com/news/articles/ceqz7v1507ro",
            "content": "泰国东北部一建筑起重机倒塌砸中行驶中的火车，导致至少28人死亡，64人受伤。政府已下令调查。",
            "image": "images/rank1_泰国起重_20260114_183419.jpg"
        },
        {
            "rank": 2,
            "title": "美最高法院或支持禁止跨性别运动员参赛",
            "source_platform": "New York Times",
            "source_url": "https://www.nytimes.com/2026/01/13/us/politics/supreme-court-transgender-athletes.html",
            "content": "美国最高法院保守派大法官倾向于支持州法律，禁止跨性别运动员参加女子体育赛事，案件结果将影响全美多州。",
            "image": "images/rank2_美最高法_20260114_183419.jpg"
        },
        {
            "rank": 3,
            "content": "微软公布新计划，旨在防止人工智能数据中心推高用户电费账单，应对AI发展带来的能源挑战。",
            "source_platform": "CNN",
            "source_url": "https://edition.cnn.com/2026/01/13/tech/microsoft-ai-data-centers-electricity-bills-plan",
            "title": "微软计划阻止AI数据中心推高电费",
            "image": "images/rank3_微软计划_20260114_183419.jpg"
        },
        {
            "rank": 4,
            "title": "伊朗抗议遭血腥镇压，死亡人数持续上升",
            "source_platform": "New York Times",
            "source_url": "https://www.nytimes.com/2026/01/13/world/middleeast/iran-protester-deaths.html",
            "content": "伊朗当局对大规模抗议活动进行严厉镇压，据报造成大量人员伤亡，并实施通信封锁以阻止信息外流。",
            "image": "images/rank4_伊朗抗议_20260114_183419.jpg"
        },
        {
            "rank": 5,
            "title": "韩国掀起迪拜巧克力风味甜点热潮",
            "source_platform": "BBC News",
            "source_url": "https://www.bbc.com/news/articles/c07xdv0mggzo",
            "content": "一款灵感源自迪拜巧克力的“耐嚼饼干”在韩国引发甜品抢购狂潮，导致关键原料价格飙升。",
            "image": "images/rank5_韩国掀起_20260114_183419.jpg"
        },
        {
            "rank": 6,
            "title": "美被扣油轮现身苏格兰补充物资",
            "source_platform": "BBC News",
            "source_url": "https://www.bbc.com/news/articles/cr57v650380o",
            "content": "美国在北大西洋扣押的一艘涉嫌违反制裁的油轮，被带至苏格兰莫里湾补充食物和水等必需品。",
            "image": "images/rank6_美被扣油_20260114_183419.jpg"
        },
        {
            "rank": 7,
            "title": "基辅民众在严寒与断电中寻求庇护",
            "source_platform": "BBC News",
            "source_url": "https://www.bbc.com/news/articles/cgm4w1g3dggo",
            "content": "俄罗斯袭击加剧，乌克兰首都基辅面临严寒与基础设施破坏，民众在“无敌列车”中寻求温暖与电力。",
            "image": "images/rank7_基辅民众_20260114_183419.jpg"
        },
        {
            "rank": 8,
            "title": "好莱坞演员萨瑟兰涉嫌袭击网约车司机被捕",
            "source_platform": "BBC News",
            "source_url": "https://www.bbc.com/news/articles/cql40ze5pkpo",
            "content": "好莱坞演员基弗·萨瑟兰因涉嫌在洛杉矶袭击并威胁一名网约车司机被捕，后缴纳保释金获释。",
            "image": "images/rank8_好莱坞演_20260114_183419.jpg"
        },
        {
            "rank": 9,
            "title": "缅甸边境大型诈骗园区被曝光",
            "source_platform": "New York Times",
            "source_url": "https://www.nytimes.com/2026/01/13/world/asia/myanmar-scam-center.html",
            "content": "调查揭示缅甸边境地区存在一个大型跨国诈骗中心，雇佣数千人，通过复杂骗局从全球受害者处敛财。",
            "image": "images/rank9_缅甸边境_20260114_183419.jpg"
        }
    ],
    "timestamp": "20260114_183419"
}