{
    "news": [
        {
            "rank": 0,
            "title": "理发师累瘫？",
            "original_title": "",
            "source_platform": "",
            "source_url": "",
            "content": "",
            "image": ""
        },
        {
            "rank": 1,
            "title": "你的Tony老师已经累瘫了",
            "original_title": "",
            "source_platform": "经济观察报",
            "source_url": "https://baijiahao.baidu.com/s?id=1857186884739807406",
            "content": "春节前美发行业迎来高峰，部分理发师日均工作12小时至凌晨，职业疲劳现象显著。",
            "image": "images/rank1_你的Tony_20260215_183623.jpg"
        },
        {
            "rank": 2,
            "title": "谈好330万签约前夜买家再砍40万",
            "original_title": "",
            "source_platform": "潮新闻客户端",
            "source_url": "https://baijiahao.baidu.com/s?id=1857183866893975855",
            "content": "杭州房东与买家谈好330万后，签约前夜被砍至290万。房东最终以320万卖给另一买家，拒绝原买家。",
            "image": "images/rank2_谈好330万_20260215_183623.jpg"
        },
        {
            "rank": 3,
            "title": "才知道眼镜布不是用来擦眼镜的",
            "original_title": "",
            "source_platform": "人民日报",
            "source_url": "https://baijiahao.baidu.com/s?id=1857171421307131830",
            "content": "科普指出眼镜布真实用途是包裹眼镜防磕碰，干擦会划伤镜片。正确清洁方法为清水冲洗后轻搓吸干。",
            "image": "images/rank3_才知道眼镜布_20260215_183623.jpg"
        },
        {
            "rank": 4,
            "title": "丈夫破产负债10亿妻子卖珠宝帮还债",
            "original_title": "",
            "source_platform": "大象新闻",
            "source_url": "https://baijiahao.baidu.com/s?id=1857107611192750953",
            "content": "香港安琪月饼创始人破产负债10亿，妻子变卖房产珠宝帮还债。他转开烧腊店重新创业，已偿还过半债务。",
            "image": "images/rank4_丈夫破产负债_20260215_183623.jpg"
        },
        {
            "rank": 5,
            "title": "短道速滑男子1500米决赛刘少昂孙龙双双摔倒",
            "original_title": "",
            "source_platform": "爱宝1006",
            "source_url": "https://news.qq.com/rain/a/20260215A01GM300",
            "content": "米兰冬奥会短道速滑男子1500米决赛中，中国选手刘少昂和孙龙双双摔出赛道，荷兰选手范德沃特获得金牌。",
            "image": "images/rank5_短道速滑男子_20260215_183623.jpg"
        },
        {
            "rank": 6,
            "title": "冬奥奖牌榜：中国0金2银2铜第19",
            "original_title": "",
            "source_platform": "直播吧",
            "source_url": "https://www.toutiao.com/article/7606945040665002530/",
            "content": "米兰冬奥会第8个比赛日战罢，中国队以2银2铜暂居奖牌榜第19位。挪威、意大利、美国位列前三。",
            "image": "images/rank6_冬奥奖牌榜__20260215_183623.jpg"
        },
        {
            "rank": 7,
            "title": "京彩闹春不打烊",
            "original_title": "",
            "source_platform": "界面快讯",
            "source_url": "https://www.toutiao.com/article/7606919899159462426/",
            "content": "北京推出“京彩中国年”AI电子贺卡系列活动，融合京城年味与AI科技，十大平台参与打造新春互动盛宴。",
            "image": "images/rank7_京彩闹春不打_20260215_183623.jpg"
        },
        {
            "rank": 8,
            "title": "全网为何都在劝退潮汕春节游",
            "original_title": "",
            "source_platform": "20社",
            "source_url": "https://www.toutiao.com/article/7606991331914744358/",
            "content": "今年潮汕春节游因机票酒店大幅涨价成为热门话题，有游客感叹回家路费翻倍，生活成本意外增加。",
            "image": "images/rank8_全网为何都在_20260215_183623.jpg"
        },
        {
            "rank": 9,
            "title": "高速免费倒计时全国车主统一操作",
            "original_title": "",
            "source_platform": "齐鲁壹点",
            "source_url": "https://www.toutiao.com/article/7606906046577197619/",
            "content": "零点高速免费前，全国车主在服务区等候，统一操作以节省通行费用，网友调侃“熬最深的夜省最多的钱”。",
            "image": "images/rank9_高速免费倒计_20260215_183623.jpg"
        }
    ],
    "timestamp": "20260215_183623"
}