{
    "news": [
        {
            "rank": 0,
            "title": "开工抽中10天假？",
            "original_title": "",
            "source_platform": "",
            "source_url": "",
            "content": "",
            "image": ""
        },
        {
            "rank": 1,
            "title": "开工第一天抽中10天带薪假",
            "original_title": "",
            "source_platform": "新派快报",
            "source_url": "https://baijiahao.baidu.com/s?id=1858000858798291764",
            "content": "湖南长沙一员工开工第一天抽中“10天带薪年假”，系00后老板准备的开工礼，引发网友羡慕。",
            "image": "images/rank1_开工第一天抽_20260225_063003.jpg"
        },
        {
            "rank": 2,
            "title": "高速堵车大哥路边卖炒粉",
            "original_title": "",
            "source_platform": "AHTV第一时间",
            "source_url": "https://baijiahao.baidu.com/s?id=1858047415944637476",
            "content": "高速堵车期间，一广西大哥在路边支锅灶卖炒粉，每份10元份量足，炒好打包送到手上才收钱。",
            "image": "images/rank2_高速堵车大哥_20260225_063003.jpg"
        },
        {
            "rank": 3,
            "title": "孩子告别喊“有空再回来”",
            "original_title": "",
            "source_platform": "新华社",
            "source_url": "https://baijiahao.baidu.com/s?id=1858021047717279485",
            "content": "小男孩与小伙伴告别时喊“我有空再回来”，稚嫩声音触动网友，引发对童年时光的怀念。",
            "image": "images/rank3_孩子告别喊__20260225_063003.jpg"
        },
        {
            "rank": 4,
            "title": "夫妻回家发现家门大敞",
            "original_title": "",
            "source_platform": "看齐新闻",
            "source_url": "https://baijiahao.baidu.com/s?id=1858003551813933427",
            "content": "夫妻过年外出几天后回家，发现家门大敞四开，两人当场懵住，网友调侃“还脱鞋”。",
            "image": "images/rank4_夫妻回家发现_20260225_063003.jpg"
        },
        {
            "rank": 5,
            "title": "误喝过期牛奶暴瘦53斤",
            "original_title": "",
            "source_platform": "大河网",
            "source_url": "https://baijiahao.baidu.com/s?id=1858001139303894886",
            "content": "30岁男子误喝过期牛奶，7个月内体重从140斤降至87斤，医生提醒病理性暴瘦是严重警告。",
            "image": "images/rank5_误喝过期牛奶_20260225_063003.jpg"
        },
        {
            "rank": 6,
            "title": "两大学生打卡“魔鬼崖”被困",
            "original_title": "",
            "source_platform": "中国新闻网",
            "source_url": "https://baijiahao.baidu.com/s?id=1858014138116766697",
            "content": "两名大学生跟风打卡温州大罗山“魔鬼崖”时被困，救援队搭设安全绳索后成功将其转移至安全区域。",
            "image": "images/rank6_两大学生打卡_20260225_063003.jpg"
        },
        {
            "rank": 7,
            "title": "大疆起诉美国联邦通信委员会",
            "original_title": "",
            "source_platform": "观察者网",
            "source_url": "https://news.qq.com/rain/a/20260224A06J9T00",
            "content": "大疆创新正式起诉美国联邦通信委员会，挑战其将大疆列入“受管制清单”的决定，以维护企业权益。",
            "image": "images/rank7_大疆起诉美国_20260225_063003.jpg"
        },
        {
            "rank": 8,
            "title": "相机价格5年暴涨10倍",
            "original_title": "",
            "source_platform": "齐鲁壹点",
            "source_url": "https://www.toutiao.com/video/7610043380311326763/",
            "content": "相机市场价格在近5年内暴涨10倍，引发消费者和摄影爱好者广泛关注。",
            "image": "images/rank8_相机价格5年_20260225_063003.jpg"
        },
        {
            "rank": 9,
            "title": "正月剃头死舅舅？真相来了",
            "original_title": "",
            "source_platform": "大象新闻",
            "source_url": "https://www.toutiao.com/article/7610248467969049134/",
            "content": "针对“正月剃头死舅舅”的民间传说，有科普文章指出这是迷信，并探讨了其可能的来源与演变。",
            "image": "images/rank9_正月剃头死舅_20260225_063003.jpg"
        }
    ],
    "timestamp": "20260225_063003"
}