{
    "news": [
        {
            "rank": 0,
            "title": "【轰动】风波再起！众明星卷入，谁能独善其身？",
            "original_title": "",
            "source_platform": "",
            "source_url": "",
            "content": "",
            "image": ""
        },
        {
            "rank": 1,
            "title": "“小年”春节档，赢家已锁定",
            "original_title": "",
            "source_platform": "腾讯娱乐",
            "source_url": "https://news.qq.com/rain/a/20260128A07NS800",
            "content": "“小年”春节档，赢家已锁定",
            "image": "images/rank1__小年_春节_20260129_062355.jpg"
        },
        {
            "rank": 2,
            "title": "“电视湘军”教父魏文彬去世",
            "original_title": "",
            "source_platform": "腾讯娱乐",
            "source_url": "https://news.qq.com/rain/a/20260128V07V2P00",
            "content": "“电视湘军”教父魏文彬去世",
            "image": "images/rank2__电视湘军__20260129_062355.jpg"
        },
        {
            "rank": 3,
            "title": "蔡徐坤方回应被金子涵拉黑",
            "original_title": "",
            "source_platform": "腾讯娱乐",
            "source_url": "https://news.qq.com/rain/a/20260128V07DUJ00",
            "content": "蔡徐坤方回应被金子涵拉黑",
            "image": "images/rank3_蔡徐坤方回应_20260129_062355.jpg"
        },
        {
            "rank": 4,
            "title": "斯塔默抵京开启访华行程",
            "original_title": "",
            "source_platform": "抖音热榜",
            "source_url": "https://www.douyin.com/hot/2382246",
            "content": "斯塔默抵京开启访华行程",
            "image": "images/rank4_斯塔默抵京开_20260129_062355.jpg"
        },
        {
            "rank": 5,
            "title": "十四五新增减税降费退税超10万亿",
            "original_title": "",
            "source_platform": "抖音热榜",
            "source_url": "https://www.douyin.com/hot/2381986",
            "content": "十四五新增减税降费退税超10万亿",
            "image": "images/rank5_十四五新增减_20260129_062355.jpg"
        },
        {
            "rank": 6,
            "title": "生活放点糖它就是甜的",
            "original_title": "",
            "source_platform": "抖音热榜",
            "source_url": "https://www.douyin.com/hot/2382111",
            "content": "生活放点糖它就是甜的",
            "image": "images/rank6_生活放点糖它_20260129_062355.jpg"
        },
        {
            "rank": 7,
            "title": "年度穿搭开启新年时髦感",
            "original_title": "",
            "source_platform": "抖音热榜",
            "source_url": "https://www.douyin.com/hot/2381875",
            "content": "年度穿搭开启新年时髦感",
            "image": "images/rank7_年度穿搭开启_20260129_062355.jpg"
        },
        {
            "rank": 8,
            "title": "挑战让82岁语文老师写高考作文，还有一场谋划了很久的惊喜行动",
            "original_title": "",
            "source_platform": "我叫四羊",
            "source_url": "https://www.bilibili.com/video/BV1qe6uBpE3F",
            "content": "挑战让82岁语文老师写高考作文，还有一场谋划了很久的惊喜行动",
            "image": "images/rank8_挑战让82岁_20260129_062355.jpg"
        },
        {
            "rank": 9,
            "title": "一匹马身价上百万，赛马究竟在看什么？",
            "original_title": "",
            "source_platform": "影视飓风",
            "source_url": "https://www.bilibili.com/video/BV12Q6TBwE2J",
            "content": "一匹马身价上百万，赛马究竟在看什么？",
            "image": "images/rank9_一匹马身价上_20260129_062355.jpg"
        }
    ],
    "timestamp": "20260129_062355"
}