{
    "news": [
        {
            "rank": 0,
            "title": "爱泼斯坦文件再炸锅！",
            "original_title": "",
            "source_platform": "",
            "source_url": "",
            "content": "",
            "image": ""
        },
        {
            "rank": 1,
            "title": "最新爱泼斯坦文件揭露安德鲁王子更多亲密邮件",
            "original_title": "Latest Epstein revelations dig even deeper hole for Andrew",
            "source_platform": "BBC News",
            "source_url": "https://www.bbc.com/news/articles/c20z4ze349jo",
            "content": "最新披露的爱泼斯坦文件显示，安德鲁王子在2011年仍与爱泼斯坦保持联系，并讨论商业交易，与其公开声明相矛盾。",
            "image": "images/rank1_最新爱泼斯坦_20260201_061936.jpg"
        },
        {
            "rank": 2,
            "title": "美商务部长卢特尼克被曝曾计划访问爱泼斯坦岛屿",
            "original_title": "Emails show US Commerce Secretary Lutnick planned Epstein island visit",
            "source_platform": "BBC News",
            "source_url": "https://www.bbc.com/news/articles/crmlr0nk8y9o",
            "content": "邮件显示，美国商务部长霍华德·卢特尼克曾于2012年计划携家人访问爱泼斯坦的私人岛屿，与其此前声称已断绝关系的说法相悖。",
            "image": "images/rank2_美商务部长卢_20260201_061936.jpg"
        },
        {
            "rank": 3,
            "title": "以色列寻求伊朗政权更迭，寄望特朗普行动",
            "original_title": "Israel eyes regime change in Iran - and is counting on Trump to make it happen",
            "source_platform": "BBC News",
            "source_url": "https://www.bbc.com/news/articles/c78egvpkm77o",
            "content": "以色列领导人正私下推动美国对伊朗采取旨在实现政权更迭的最大化打击，认为当前是削弱伊朗政权的“黄金时刻”。",
            "image": "images/rank3_以色列寻求伊_20260201_061936.jpg"
        },
        {
            "rank": 4,
            "title": "意大利网红村庄限制游客进入著名教堂",
            "original_title": "Italian village restricts access to its Instagram-famous church",
            "source_platform": "CNN",
            "source_url": "https://edition.cnn.com/2026/01/31/travel/santa-maddalena-italian-village-restricts-access-instagram-famous-church",
            "content": "意大利北部圣马达莱纳村将从五月起限制游客进入其因多洛米蒂山背景而闻名的教堂，以遏制过度旅游。",
            "image": "images/rank4_意大利网红村_20260201_061936.jpg"
        },
        {
            "rank": 5,
            "title": "2000年前木乃伊肖像将拍卖，样貌惊人现代",
            "original_title": "2,000-year-old mummy portrait looks way ahead of its time",
            "source_platform": "CNN",
            "source_url": "https://edition.cnn.com/2026/01/31/style/fayum-mummy-portrait-sothebys-masters-week",
            "content": "一幅来自罗马埃及时期、描绘一位有着淡褐色眼睛和灰白头发的男性法尤姆木乃伊肖像将于下周拍卖，其样貌极具现代感。",
            "image": "images/rank5_2000年前_20260201_061936.jpg"
        },
        {
            "rank": 6,
            "title": "NBA对76人队保罗·乔治禁赛25场",
            "original_title": "NBA hands down 25-game ban to 76ers’ Paul George for violating anti-drug policy",
            "source_platform": "CNN",
            "source_url": "https://edition.cnn.com/2026/01/31/sport/nba-philadelphia-76ers-paul-george-suspended",
            "content": "NBA宣布，费城76人队球星保罗·乔治因违反联盟反毒品计划规定，被处以25场禁赛处罚。",
            "image": "images/rank6_NBA对76_20260201_061936.jpg"
        },
        {
            "rank": 7,
            "title": "委内瑞拉计划大赦政治犯并关闭臭名昭著监狱",
            "original_title": "Venezuela plans amnesty law for political prisoners and closure of notorious prison",
            "source_platform": "CNN",
            "source_url": "https://edition.cnn.com/2026/01/30/americas/venezuela-amnesty-law-political-prisoners-latam-intl",
            "content": "委内瑞拉代总统宣布一项大赦法提案，可能导致数百名政治犯获释，并计划关闭一所臭名昭著的拘留中心。",
            "image": "images/rank7_委内瑞拉计划_20260201_061936.jpg"
        },
        {
            "rank": 8,
            "title": "伊朗发生爆炸引发恐慌，以方否认参与",
            "original_title": "Two explosions reported in Iran - as Israel denies involvement",
            "source_platform": "Sky News",
            "source_url": "https://news.sky.com/story/explosion-reported-in-iran-as-it-denies-military-leader-targeted-13501162",
            "content": "伊朗南部港口城市阿巴斯港和西南部城市阿瓦士发生爆炸，造成人员伤亡。伊朗否认有军事领导人遇袭，以色列否认参与。",
            "image": "images/rank8_伊朗发生爆炸_20260201_061936.jpg"
        },
        {
            "rank": 9,
            "title": "英国皇家海军陆战队暴风雪中营救被困登山者",
            "original_title": "Marines on training exercise rescue stranded climber in freezing conditions on Ben Nevis",
            "source_platform": "Sky News",
            "source_url": "https://news.sky.com/story/marines-on-training-exercise-rescue-stranded-climber-in-freezing-conditions-on-ben-nevis-13501072",
            "content": "英国皇家海军陆战队预备役人员在苏格兰本尼维斯山暴风雪训练中，成功营救一名因失温而濒临死亡的被困登山者。",
            "image": "images/rank9_英国皇家海军_20260201_061936.jpg"
        }
    ],
    "timestamp": "20260201_061936"
}