{
    "news": [
        {
            "rank": 0,
            "title": "北极熊胖了，世界乱了",
            "original_title": "",
            "source_platform": "",
            "source_url": "",
            "content": "",
            "image": ""
        },
        {
            "rank": 1,
            "title": "加拿大总理要求美国尊重其主权",
            "original_title": "'Respect Canadian sovereignty', Carney tells US officials after they meet Alberta separatists",
            "source_platform": "BBC News",
            "source_url": "https://www.bbc.com/news/articles/cr57j780pgmo",
            "content": "加拿大总理就美国官员会见阿尔伯塔省分离主义者一事，要求美方尊重加拿大主权。",
            "image": "images/rank1_加拿大总理要_20260130_062448.jpg"
        },
        {
            "rank": 2,
            "title": "梅拉尼娅纪录片在南非遭禁映",
            "original_title": "Melania Trump documentary not showing in South African cinemas",
            "source_platform": "BBC News",
            "source_url": "https://www.bbc.com/news/articles/c89q287qxelo",
            "content": "南非院线决定不放映关于美国前第一夫人梅拉尼娅·特朗普的纪录片，原因未明。",
            "image": "images/rank2_梅拉尼娅纪录_20260130_062448.jpg"
        },
        {
            "rank": 3,
            "title": "特朗普称普京同意暂停攻击乌克兰城市",
            "original_title": "Trump says Putin will not attack Ukraine cities during cold week",
            "source_platform": "BBC News",
            "source_url": "https://www.bbc.com/news/articles/c4g4yj92kwro",
            "content": "美国总统特朗普称，普京已同意因严寒天气暂停攻击基辅等乌克兰城市一周。",
            "image": "images/rank3_特朗普称普京_20260130_062448.jpg"
        },
        {
            "rank": 4,
            "title": "美参议院否决拨款法案，政府面临停摆",
            "original_title": "US Senate blocks government funding bill as ICE negotiations continue",
            "source_platform": "BBC News",
            "source_url": "https://www.bbc.com/news/articles/cn9zp0nyvxdo",
            "content": "美国参议院否决了避免政府停摆的拨款法案，因两党就移民执法行动谈判陷入僵局。",
            "image": "images/rank4_美参议院否决_20260130_062448.jpg"
        },
        {
            "rank": 5,
            "title": "演员因选角争议退出新电影",
            "original_title": "Marty Supreme actress quits new film after casting backlash",
            "source_platform": "BBC News",
            "source_url": "https://www.bbc.com/news/articles/c24gyz3j6e1o",
            "content": "女演员奥德萨·阿齐翁因选角争议，宣布退出A24新片《Deep Cuts》。",
            "image": "images/rank5_演员因选角争_20260130_062448.jpg"
        },
        {
            "rank": 6,
            "title": "挪威北极熊变胖，健康状况改善",
            "original_title": "Polar bears on Norwegian islands fatter and healthier despite ice loss, scientists say",
            "source_platform": "BBC News",
            "source_url": "https://www.bbc.com/news/articles/cx2l1xpz03no",
            "content": "科学家发现，尽管海冰减少，挪威斯瓦尔巴群岛的北极熊自90年代以来变得更胖、更健康。",
            "image": "images/rank6_挪威北极熊变_20260130_062448.jpg"
        },
        {
            "rank": 7,
            "title": "布里斯班公布23亿澳元奥运主场馆设计",
            "original_title": "Plans for $2.3 billion stadium ignite debate in 2032 Olympics host city",
            "source_platform": "CNN",
            "source_url": "https://edition.cnn.com/2026/01/07/style/australia-brisbane-olympic-stadium-victoria-park-hnk-intl",
            "content": "澳大利亚布里斯班公布2032年奥运会主场馆设计，耗资23亿澳元，灵感源于当地住宅风格。",
            "image": "images/rank7_布里斯班公布_20260130_062448.jpg"
        },
        {
            "rank": 8,
            "title": "马斯克押注特斯拉未来在于人形机器人",
            "original_title": "Elon Musk is betting Tesla’s future isn’t about cars at all",
            "source_platform": "CNN",
            "source_url": "https://edition.cnn.com/business/tech/elon-musk-tesla-risk-takers",
            "content": "面对电动汽车销售下滑，特斯拉CEO马斯克正将公司未来押注于人形机器人业务。",
            "image": "images/rank8_马斯克押注特_20260130_062448.jpg"
        },
        {
            "rank": 9,
            "title": "美国无美军参与北约军事演习",
            "original_title": "NATO Is Having a Military Exercise. The U.S., Its Largest Member, Won’t Be There.",
            "source_platform": "New York Times",
            "source_url": "https://www.nytimes.com/2026/01/29/world/europe/nato-military-exercise-spain-germany.html",
            "content": "北约举行大规模军事演习，但其最大成员国美国将不派任何部队或装备参与。",
            "image": "images/rank9_美国无美军参_20260130_062448.jpg"
        }
    ],
    "timestamp": "20260130_062448"
}