{
    "news": [
        {
            "rank": 0,
            "title": "【轰动】风波再起！众明星卷入，谁能独善其身？",
            "original_title": "",
            "source_platform": "",
            "source_url": "",
            "content": "",
            "image": ""
        },
        {
            "rank": 1,
            "title": "鹿哈官宣女儿出生，晒一家三口合照",
            "original_title": "",
            "source_platform": "腾讯娱乐",
            "source_url": "https://news.qq.com/rain/a/20260225V04E6T00",
            "content": "鹿哈官宣女儿出生，晒一家三口合照",
            "image": "images/rank1_鹿哈官宣女儿_20260225_193659.jpg"
        },
        {
            "rank": 2,
            "title": "北京导演举报网红“那艺娜”涉嫌偷税漏税",
            "original_title": "",
            "source_platform": "腾讯娱乐",
            "source_url": "https://news.qq.com/rain/a/20260224A0750Y00",
            "content": "北京导演举报网红“那艺娜”涉嫌偷税漏税",
            "image": "images/rank2_北京导演举报_20260225_193659.jpg"
        },
        {
            "rank": 3,
            "title": "沈腾演大家复工状态：对着电脑睁不开眼",
            "original_title": "",
            "source_platform": "腾讯娱乐",
            "source_url": "https://news.qq.com/rain/a/20260224V03MXJ00",
            "content": "沈腾演大家复工状态：对着电脑睁不开眼",
            "image": "images/rank3_沈腾演大家复_20260225_193659.jpg"
        },
        {
            "rank": 4,
            "title": "沈腾成中国影史首位400亿票房演员",
            "original_title": "",
            "source_platform": "腾讯娱乐",
            "source_url": "https://news.qq.com/rain/a/20260224A07FE200",
            "content": "沈腾成中国影史首位400亿票房演员",
            "image": "images/rank4_沈腾成中国影_20260225_193659.jpg"
        },
        {
            "rank": 5,
            "title": "2026春节档放映场次创新高",
            "original_title": "",
            "source_platform": "腾讯娱乐",
            "source_url": "https://news.qq.com/rain/a/20260224A05MHQ00",
            "content": "2026春节档放映场次创新高",
            "image": "images/rank5_2026春节_20260225_193659.jpg"
        },
        {
            "rank": 6,
            "title": "詹姆斯错失绝杀",
            "original_title": "",
            "source_platform": "抖音热榜",
            "source_url": "https://www.douyin.com/hot/2411514",
            "content": "詹姆斯错失绝杀",
            "image": "images/rank6_詹姆斯错失绝_20260225_193659.jpg"
        },
        {
            "rank": 7,
            "title": "伊朗大规模军演 试射多种导弹",
            "original_title": "",
            "source_platform": "抖音热榜",
            "source_url": "https://www.douyin.com/hot/2410859",
            "content": "伊朗大规模军演 试射多种导弹",
            "image": "images/rank7_伊朗大规模军_20260225_193659.jpg"
        },
        {
            "rank": 8,
            "title": "外交部回应英法或供乌核武器",
            "original_title": "",
            "source_platform": "抖音热榜",
            "source_url": "https://www.douyin.com/hot/2411598",
            "content": "外交部回应英法或供乌核武器",
            "image": "images/rank8_外交部回应英_20260225_193659.jpg"
        },
        {
            "rank": 9,
            "title": "阿富汗与巴基斯坦在边境爆发冲突",
            "original_title": "",
            "source_platform": "抖音热榜",
            "source_url": "https://www.douyin.com/hot/2410869",
            "content": "阿富汗与巴基斯坦在边境爆发冲突",
            "image": "images/rank9_阿富汗与巴基_20260225_193659.jpg"
        }
    ],
    "timestamp": "20260225_193659"
}