{
    "news": [
        {
            "rank": 0,
            "title": "【轰动】风波再起！众明星卷入，谁能独善其身？",
            "original_title": "",
            "source_platform": "",
            "source_url": "",
            "content": "",
            "image": ""
        },
        {
            "rank": 1,
            "title": "大S的传奇，被困在感情叙事里",
            "original_title": "",
            "source_platform": "腾讯娱乐",
            "source_url": "https://news.qq.com/rain/a/20260204A0746W00",
            "content": "大S的传奇，被困在感情叙事里",
            "image": "images/rank1_大S的传奇__20260205_062417.jpg"
        },
        {
            "rank": 2,
            "title": "河正宇被曝将结婚，经纪公司否认",
            "original_title": "",
            "source_platform": "腾讯娱乐",
            "source_url": "https://news.qq.com/rain/a/20260204V05TWN00",
            "content": "河正宇被曝将结婚，经纪公司否认",
            "image": "images/rank2_河正宇被曝将_20260205_062417.jpg"
        },
        {
            "rank": 3,
            "title": "1月影视综：《小城大事》问鼎",
            "original_title": "",
            "source_platform": "腾讯娱乐",
            "source_url": "https://news.qq.com/rain/a/20260204A06JZN00",
            "content": "1月影视综：《小城大事》问鼎",
            "image": "images/rank3_1月影视综__20260205_062417.jpg"
        },
        {
            "rank": 4,
            "title": "习近平同特朗普通电话",
            "original_title": "",
            "source_platform": "抖音热榜",
            "source_url": "https://www.douyin.com/hot/2389904",
            "content": "习近平同特朗普通电话",
            "image": "images/rank4_习近平同特朗_20260205_062417.jpg"
        },
        {
            "rank": 5,
            "title": "农业综合生产能力迈上新台阶",
            "original_title": "",
            "source_platform": "抖音热榜",
            "source_url": "https://www.douyin.com/hot/2389907",
            "content": "农业综合生产能力迈上新台阶",
            "image": "images/rank5_农业综合生产_20260205_062417.jpg"
        },
        {
            "rank": 6,
            "title": "过年氛围提前搞起来了",
            "original_title": "",
            "source_platform": "抖音热榜",
            "source_url": "https://www.douyin.com/hot/2389318",
            "content": "过年氛围提前搞起来了",
            "image": "images/rank6_过年氛围提前_20260205_062417.jpg"
        },
        {
            "rank": 7,
            "title": "宋佳工作室严正声明",
            "original_title": "",
            "source_platform": "腾讯娱乐",
            "source_url": "https://news.qq.com/rain/a/20260204V06SCW00",
            "content": "宋佳工作室严正声明",
            "image": "images/rank7_宋佳工作室严_20260205_062417.jpg"
        },
        {
            "rank": 8,
            "title": "湖北省彻查精神病院事件",
            "original_title": "",
            "source_platform": "抖音热榜",
            "source_url": "https://www.douyin.com/hot/2388952",
            "content": "湖北省彻查精神病院事件",
            "image": "images/rank8_湖北省彻查精_20260205_062417.jpg"
        },
        {
            "rank": 9,
            "title": "霉豆腐的风还是吹到了蛋糕界",
            "original_title": "",
            "source_platform": "抖音热榜",
            "source_url": "https://www.douyin.com/hot/2389498",
            "content": "霉豆腐的风还是吹到了蛋糕界",
            "image": "images/rank9_霉豆腐的风还_20260205_062417.jpg"
        }
    ],
    "timestamp": "20260205_062417"
}