{
    "news": [
        {
            "rank": 0,
            "title": "【婚变】感情线崩盘！明星爱情童话为何碎了一地？",
            "original_title": "",
            "source_platform": "",
            "source_url": "",
            "content": "",
            "image": ""
        },
        {
            "rank": 1,
            "title": "陈雪凝老公被曝出轨，婚礼前约女生",
            "original_title": "",
            "source_platform": "腾讯娱乐",
            "source_url": "https://news.qq.com/rain/a/20260124V03WGB00",
            "content": "陈雪凝老公被曝出轨，婚礼前约女生",
            "image": "images/rank1_陈雪凝老公被_20260124_182941.jpg"
        },
        {
            "rank": 2,
            "title": "VaVa澄清：国内第一女Rapper是GAI封的",
            "original_title": "",
            "source_platform": "腾讯娱乐",
            "source_url": "https://news.qq.com/rain/a/20260124V033TZ00",
            "content": "VaVa澄清：国内第一女Rapper是GAI封的",
            "image": "images/rank2_VaVa澄清_20260124_182941.jpg"
        },
        {
            "rank": 3,
            "title": "春晚首排阵容：20+明星亮相，选人有讲究",
            "original_title": "",
            "source_platform": "腾讯娱乐",
            "source_url": "https://news.qq.com/rain/a/20260122A041QX00",
            "content": "春晚首排阵容：20+明星亮相，选人有讲究",
            "image": "images/rank3_春晚首排阵容_20260124_182941.jpg"
        },
        {
            "rank": 4,
            "title": "阿Sa颜值下滑？港圈“甜妹”纷纷老去",
            "original_title": "",
            "source_platform": "腾讯娱乐",
            "source_url": "https://news.qq.com/rain/a/20260123A03A4Y00",
            "content": "阿Sa颜值下滑？港圈“甜妹”纷纷老去",
            "image": "images/rank4_阿Sa颜值下_20260124_182941.jpg"
        },
        {
            "rank": 5,
            "title": "张又侠刘振立被查",
            "original_title": "",
            "source_platform": "抖音热榜",
            "source_url": "https://www.douyin.com/hot/2378175",
            "content": "张又侠刘振立被查",
            "image": "images/rank5_张又侠刘振立_20260124_182941.jpg"
        },
        {
            "rank": 6,
            "title": "2026年货币政策将如何发力",
            "original_title": "",
            "source_platform": "抖音热榜",
            "source_url": "https://www.douyin.com/hot/2377681",
            "content": "2026年货币政策将如何发力",
            "image": "images/rank6_2026年货_20260124_182941.jpg"
        },
        {
            "rank": 7,
            "title": "国际巨星在线为U23决赛加油",
            "original_title": "",
            "source_platform": "抖音热榜",
            "source_url": "https://www.douyin.com/hot/2377920",
            "content": "国际巨星在线为U23决赛加油",
            "image": "images/rank7_国际巨星在线_20260124_182941.jpg"
        },
        {
            "rank": 8,
            "title": "雪地霉豆腐哪有打煤球好玩",
            "original_title": "",
            "source_platform": "抖音热榜",
            "source_url": "https://www.douyin.com/hot/2377300",
            "content": "雪地霉豆腐哪有打煤球好玩",
            "image": "images/rank8_雪地霉豆腐哪_20260124_182941.jpg"
        },
        {
            "rank": 9,
            "title": "《绝区零》妄想天使EP | ReDreaming Angel 复梦天使",
            "original_title": "",
            "source_platform": "绝区零",
            "source_url": "https://www.bilibili.com/video/BV11UBfBMEfQ",
            "content": "《绝区零》妄想天使EP | ReDreaming Angel 复梦天使",
            "image": "images/rank9__绝区零_妄_20260124_182941.jpg"
        }
    ],
    "timestamp": "20260124_182941"
}