{
    "news": [
        {
            "rank": 0,
            "title": "全球炸锅！",
            "original_title": "",
            "source_platform": "",
            "source_url": "",
            "content": "",
            "image": ""
        },
        {
            "rank": 1,
            "title": "欧洲议会将暂停批准美欧贸易协议",
            "original_title": "Global markets on alert as Europe to suspend approval of US trade deal",
            "source_platform": "BBC News",
            "source_url": "https://www.bbc.com/news/articles/c4gwp2me3gzo",
            "content": "因特朗普威胁对格陵兰加征关税，欧洲议会计划暂停批准七月达成的美欧贸易协议，美欧贸易紧张局势再度升级。",
            "image": "images/rank1_欧洲议会将暂_20260121_183827.jpg"
        },
        {
            "rank": 2,
            "title": "印度学生因“食物歧视”获20万美元和解",
            "original_title": "The Indian couple who won a $200,000 settlement over 'food racism' at US university",
            "source_platform": "BBC News",
            "source_url": "https://www.bbc.com/news/articles/cy7mey54npgo",
            "content": "两名印度学生因在校园加热印度食物遭歧视，起诉美国科罗拉多大学博尔德分校，最终获得20万美元和解金。",
            "image": "images/rank2_印度学生因__20260121_183827.jpg"
        },
        {
            "rank": 3,
            "title": "马克龙戴墨镜出席达沃斯引热议",
            "original_title": "Why is Emmanuel Macron wearing sunglasses indoors at Davos?",
            "source_platform": "BBC News",
            "source_url": "https://www.bbc.com/news/articles/c4g050pdld3o",
            "content": "法国总统马克龙在达沃斯论坛戴墨镜发表演讲，引发关注。法媒称其因眼部结膜下出血，为美观而佩戴。",
            "image": "images/rank3_马克龙戴墨镜_20260121_183827.jpg"
        },
        {
            "rank": 4,
            "title": "西班牙巴塞罗那附近通勤列车脱轨",
            "original_title": "Train driver killed in second deadly Spain rail crash in days",
            "source_platform": "BBC News",
            "source_url": "https://www.bbc.com/news/articles/c1m78xl0gmpo",
            "content": "西班牙巴塞罗那附近一列通勤列车因挡土墙倒塌撞击而脱轨，造成司机死亡，至少37人受伤。",
            "image": "images/rank4_西班牙巴塞罗_20260121_183827.jpg"
        },
        {
            "rank": 5,
            "title": "英国公司因关税不确定性取消对美投资",
            "original_title": "Company pulls out of US deal over tariff concerns",
            "source_platform": "BBC News",
            "source_url": "https://www.bbc.com/news/articles/cjdjrnzj95zo",
            "content": "英国一家制造公司因特朗普关税政策带来的不确定性，取消了对美投资计划，损失约40万美元收入。",
            "image": "images/rank5_英国公司因关_20260121_183827.jpg"
        },
        {
            "rank": 6,
            "title": "朝鲜电影突破禁忌引关注",
            "original_title": "Sex, death and betrayal: This North Korean movie shows things audiences have never seen before",
            "source_platform": "CNN",
            "source_url": "https://edition.cnn.com/2026/01/20/style/north-korea-film-taboo-intl-hnk-dst",
            "content": "朝鲜一部国家批准的电影因包含暴力、婚外情等以往罕见的场景和情节，在国内引发轰动并登上国家电视台。",
            "image": "images/rank6_朝鲜电影突破_20260121_183827.jpg"
        },
        {
            "rank": 7,
            "title": "美国将迎本季最极端冬季风暴",
            "original_title": "A major winter storm is brewing. It’s likely to unleash dangerous ice and snow from the Plains to the East Coast",
            "source_platform": "CNN",
            "source_url": "https://edition.cnn.com/2026/01/20/weather/winter-storm-snow-ice-central-eastern-us-climate",
            "content": "一场本季最极端的冬季风暴预计将袭击美国东半部，带来危险的冰雨和大量降雪。",
            "image": "images/rank7_美国将迎本季_20260121_183827.jpg"
        },
        {
            "rank": 8,
            "title": "两名棒球名将入选名人堂",
            "original_title": "Carlos Beltrán and Andruw Jones elected to baseball’s Hall of Fame",
            "source_platform": "CNN",
            "source_url": "https://edition.cnn.com/2026/01/20/sport/baseball-hall-of-fame-jones-beltran",
            "content": "卡洛斯·贝尔特兰和安德鲁·琼斯两位攻守俱佳的中外野手，入选美国棒球名人堂。",
            "image": "images/rank8_两名棒球名将_20260121_183827.jpg"
        },
        {
            "rank": 9,
            "title": "叙利亚政府与库尔德武装达成协议后冲突再起",
            "original_title": "For Syria’s Government, Kurdish Deal Is a Big Win on Shaky Ground",
            "source_platform": "New York Times",
            "source_url": "https://www.nytimes.com/2026/01/20/world/middleeast/syria-fighting-kurdish-deal.html",
            "content": "叙利亚政府与库尔德武装达成控制东北部地区的协议仅一天后，该地区爆发暴力冲突，考验政府控制力。",
            "image": "images/rank9_叙利亚政府与_20260121_183827.jpg"
        }
    ],
    "timestamp": "20260121_183827"
}