{
    "news": [
        {
            "rank": 0,
            "title": "今日热点：天气回暖、紧急救助免责、高效办事扩容",
            "content": "",
            "image": ""
        },
        {
            "rank": 1,
            "title": "今年“三九”不冷 后面还会冷吗",
            "source_platform": "人民日报",
            "source_url": "https://baijiahao.baidu.com/s?id=1854286128418062299",
            "content": "今年“三九”期间我国中东部多地气温偏高，属正常波动。预计1月17日起冷空气南下，多地将出现明显降温和雨雪天气。",
            "image": "images/rank1_今年_三_20260114_204314.jpg"
        },
        {
            "rank": 2,
            "title": "再也不用纠结“扶不扶”了",
            "source_platform": "封面新闻",
            "source_url": "https://mbd.baidu.com/newspage/data/videolanding?nid=sv_2511096589673978749",
            "content": "卫健委发言人介绍，根据《民法典》第184条，自愿紧急救助造成损害，救助人不承担民事责任。",
            "image": "images/rank2_再也不用_20260114_204314.jpg"
        },
        {
            "rank": 3,
            "title": "“高效办成一件事”再扩容",
            "source_platform": "央视新闻",
            "source_url": "https://baijiahao.baidu.com/s?id=1854216075107672645",
            "content": "国务院办公厅印发2026年度第一批重点事项清单，包含13项个人和经营主体事项，聚焦民生与发展。",
            "image": "images/rank3__高效办_20260114_204314.jpg"
        },
        {
            "rank": 4,
            "title": "烟台暴雪过后海边全是蛏子",
            "source_platform": "闪电新闻",
            "source_url": "https://mbd.baidu.com/newspage/data/videolanding?nid=sv_8584864078309201908&sourceFrom=qmj",
            "content": "山东烟台暴雪后强风将大量蛏子刮至海滩，市民密集捡拾，部分区域单日收获可达数百斤。",
            "image": "images/rank4_烟台暴雪_20260114_204314.jpg"
        },
        {
            "rank": 5,
            "title": "主人称装死小羊再高价也不卖",
            "source_platform": "海报新闻",
            "source_url": "https://mbd.baidu.com/newspage/data/videolanding?nid=sv_3964626003056806217",
            "content": "宁夏一小羊靠“装死”绝技走红网络，有人出价近13万求购被拒，主人称留它给家乡特产当“代言羊”。",
            "image": "images/rank5_主人称装_20260114_204314.jpg"
        },
        {
            "rank": 6,
            "title": "卷子还没改完 120拉走29岁数学老师",
            "source_platform": "百姓关注",
            "source_url": "https://mbd.baidu.com/newspage/data/videolanding?nid=sv_3005869210008766813",
            "content": "29岁数学老师批改试卷时因过度劳累被送医，检查显示心律不齐，但她拒绝请假并在病床上处理工作。",
            "image": ""
        },
        {
            "rank": 7,
            "title": "男子牵马乘西安地铁系谣言",
            "source_platform": "贵州辟谣",
            "source_url": "https://www.baidu.com/s?wd=%E7%94%B7%E5%AD%90%E7%89%B5%E9%A9%AC%E4%B9%98%E8%A5%BF%E5%AE%89%E5%9C%B0%E9%93%81%E7%B3%BB%E8%B0%A3%E8%A8%80&sa=fyb_news&rsv_dl=fyb_news",
            "content": "网传“白马出现在地铁”视频实为剧组道具拍摄，西安地铁确认无此站点及动物进站记录。",
            "image": "images/rank7_男子牵马_20260114_204314.jpg"
        },
        {
            "rank": 8,
            "title": "溢价5倍 马钞整套已炒到2000元",
            "source_platform": "都市快报橙柿互动",
            "source_url": "https://baijiahao.baidu.com/s?id=1854267003032988457",
            "content": "二手交易平台上，马年纪念钞一套20张面额20元已炒至2000元，溢价5倍。",
            "image": "images/rank8_溢价5倍_20260114_204314.jpg"
        },
        {
            "rank": 9,
            "title": "苹果被曝买国产折叠屏拆解研究",
            "source_platform": "观察者网",
            "source_url": "https://news.qq.com/rain/a/20260113A04Z4Q00#to-comment",
            "content": "为开发首款折叠屏iPhone，苹果购买并拆解国产竞品OPPO Find N5，仍难消除折痕问题。",
            "image": "images/rank9_苹果被曝_20260114_204314.jpg"
        }
    ],
    "timestamp": "20260114_204314"
}