{
    "news": [
        {
            "rank": 0,
            "title": "【轰动】风波再起！众明星卷入，谁能独善其身？",
            "original_title": "",
            "source_platform": "",
            "source_url": "",
            "content": "",
            "image": ""
        },
        {
            "rank": 1,
            "title": "马筱梅回应大S儿女缺席雕像揭幕",
            "original_title": "",
            "source_platform": "腾讯娱乐",
            "source_url": "https://news.qq.com/rain/a/20260203V07G3V00",
            "content": "马筱梅回应大S儿女缺席雕像揭幕",
            "image": "images/rank1_马筱梅回应大_20260204_062717.jpg"
        },
        {
            "rank": 2,
            "title": "“堂哥”李亚鹏",
            "original_title": "",
            "source_platform": "腾讯娱乐",
            "source_url": "https://news.qq.com/rain/a/20260203A07EQK00",
            "content": "“堂哥”李亚鹏",
            "image": "images/rank2__堂哥_李亚_20260204_062717.jpg"
        },
        {
            "rank": 3,
            "title": "郑恺回应老婆像鹿晗",
            "original_title": "",
            "source_platform": "腾讯娱乐",
            "source_url": "https://news.qq.com/rain/a/20260203V06NJS00",
            "content": "郑恺回应老婆像鹿晗",
            "image": "images/rank3_郑恺回应老婆_20260204_062717.jpg"
        },
        {
            "rank": 4,
            "title": "张雨绮式大女主的陨落",
            "original_title": "",
            "source_platform": "腾讯娱乐",
            "source_url": "https://news.qq.com/rain/a/20260202A04B3400",
            "content": "张雨绮式大女主的陨落",
            "image": "images/rank4_张雨绮式大女_20260204_062717.jpg"
        },
        {
            "rank": 5,
            "title": "2026网络视听盛典官宣",
            "original_title": "",
            "source_platform": "腾讯娱乐",
            "source_url": "https://news.qq.com/rain/a/20260203V05ZM300",
            "content": "2026网络视听盛典官宣",
            "image": "images/rank5_2026网络_20260204_062717.jpg"
        },
        {
            "rank": 6,
            "title": "言承旭哭红双眼被周渝民搀扶",
            "original_title": "",
            "source_platform": "腾讯娱乐",
            "source_url": "https://news.qq.com/rain/a/20260203V02E8Q00",
            "content": "言承旭哭红双眼被周渝民搀扶",
            "image": "images/rank6_言承旭哭红双_20260204_062717.jpg"
        },
        {
            "rank": 7,
            "title": "扫雷吃东西挑战",
            "original_title": "",
            "source_platform": "抖音热榜",
            "source_url": "https://www.douyin.com/hot/2388581",
            "content": "扫雷吃东西挑战",
            "image": "images/rank7_扫雷吃东西挑_20260204_062717.jpg"
        },
        {
            "rank": 8,
            "title": "万物皆可拼豆",
            "original_title": "",
            "source_platform": "抖音热榜",
            "source_url": "https://www.douyin.com/hot/2388414",
            "content": "万物皆可拼豆",
            "image": "images/rank8_万物皆可拼豆_20260204_062717.jpg"
        },
        {
            "rank": 9,
            "title": "《原神》角色预告-「兹白：常身归于世」",
            "original_title": "",
            "source_platform": "原神",
            "source_url": "https://www.bilibili.com/video/BV11a6bBsEXw",
            "content": "《原神》角色预告-「兹白：常身归于世」",
            "image": "images/rank9__原神_角色_20260204_062717.jpg"
        }
    ],
    "timestamp": "20260204_062717"
}