{
    "news": [
        {
            "rank": 0,
            "title": "【轰动】风波再起！众明星卷入，谁能独善其身？",
            "original_title": "",
            "source_platform": "",
            "source_url": "",
            "content": "",
            "image": ""
        },
        {
            "rank": 1,
            "title": "徐冬冬大婚椰树集团送新婚定制椰汁",
            "original_title": "",
            "source_platform": "腾讯娱乐",
            "source_url": "https://news.qq.com/rain/a/20260129V07OR700",
            "content": "徐冬冬大婚椰树集团送新婚定制椰汁",
            "image": "images/rank1_徐冬冬大婚椰_20260130_184405.jpg"
        },
        {
            "rank": 2,
            "title": "内娱红毯女明星美的国泰民安",
            "original_title": "",
            "source_platform": "腾讯娱乐",
            "source_url": "https://news.qq.com/rain/a/20260130V02XMP00",
            "content": "内娱红毯女明星美的国泰民安",
            "image": "images/rank2_内娱红毯女明_20260130_184405.jpg"
        },
        {
            "rank": 3,
            "title": "小S俩女儿合体登封",
            "original_title": "",
            "source_platform": "腾讯娱乐",
            "source_url": "https://news.qq.com/rain/a/20260130V023PM00",
            "content": "小S俩女儿合体登封",
            "image": "images/rank3_小S俩女儿合_20260130_184405.jpg"
        },
        {
            "rank": 4,
            "title": "赵露思0佣金助农直播",
            "original_title": "",
            "source_platform": "腾讯娱乐",
            "source_url": "https://news.qq.com/rain/a/20260129V07WPI00",
            "content": "赵露思0佣金助农直播",
            "image": "images/rank4_赵露思0佣金_20260130_184405.jpg"
        },
        {
            "rank": 5,
            "title": "中国制造向世界闪耀耀眼光芒",
            "original_title": "",
            "source_platform": "抖音热榜",
            "source_url": "https://www.douyin.com/hot/2384389",
            "content": "中国制造向世界闪耀耀眼光芒",
            "image": "images/rank5_中国制造向世_20260130_184405.jpg"
        },
        {
            "rank": 6,
            "title": "U23国足队长徐彬加盟狼队",
            "original_title": "",
            "source_platform": "抖音热榜",
            "source_url": "https://www.douyin.com/hot/2384413",
            "content": "U23国足队长徐彬加盟狼队",
            "image": "images/rank6_U23国足队_20260130_184405.jpg"
        },
        {
            "rank": 7,
            "title": "缅北徐发启犯罪集团案宣判",
            "original_title": "",
            "source_platform": "抖音热榜",
            "source_url": "https://www.douyin.com/hot/2383983",
            "content": "缅北徐发启犯罪集团案宣判",
            "image": "images/rank7_缅北徐发启犯_20260130_184405.jpg"
        },
        {
            "rank": 8,
            "title": "电影镖人一键转场江湖",
            "original_title": "",
            "source_platform": "抖音热榜",
            "source_url": "https://www.douyin.com/hot/2383805",
            "content": "电影镖人一键转场江湖",
            "image": "images/rank8_电影镖人一键_20260130_184405.jpg"
        },
        {
            "rank": 9,
            "title": "挑战让82岁语文老师写高考作文，还有一场谋划了很久的惊喜行动",
            "original_title": "",
            "source_platform": "我叫四羊",
            "source_url": "https://www.bilibili.com/video/BV1qe6uBpE3F",
            "content": "挑战让82岁语文老师写高考作文，还有一场谋划了很久的惊喜行动",
            "image": "images/rank9_挑战让82岁_20260130_184405.jpg"
        }
    ],
    "timestamp": "20260130_184405"
}