{
    "news": [
        {
            "rank": 0,
            "title": "机器人首秀翻车？",
            "original_title": "",
            "source_platform": "",
            "source_url": "",
            "content": "",
            "image": ""
        },
        {
            "rank": 1,
            "title": "小鹏机器人首秀摔倒被抬离",
            "original_title": "",
            "source_platform": "封面新闻",
            "source_url": "https://baijiahao.baidu.com/s?id=1855917846101849169",
            "content": "小鹏机器人IRON在深圳湾首次线下展示时行走中突然摔倒，被工作人员抬离现场，网友调侃为“大型社死现场”。",
            "image": "images/rank1_小鹏机器人首_20260201_183527.jpg"
        },
        {
            "rank": 2,
            "title": "中国最新富豪榜出炉",
            "original_title": "",
            "source_platform": "鲁中晨报",
            "source_url": "https://baijiahao.baidu.com/s?id=1855734997416082596",
            "content": "福布斯中国富豪榜更新，张一鸣、钟睒睒、马化腾稳居前三，雷军以304亿美元跻身前十，马云位列其后。",
            "image": "images/rank2_中国最新富豪_20260201_183527.jpg"
        },
        {
            "rank": 3,
            "title": "10岁男孩舔嘴唇舔出皮炎",
            "original_title": "",
            "source_platform": "经视直播",
            "source_url": "https://baijiahao.baidu.com/s?id=1855906618495536294",
            "content": "安徽10岁男孩因冬季干燥频繁舔嘴唇，导致患上俗称“羊胡子疮”的口周皮炎，医生提醒注意补水。",
            "image": "images/rank3_10岁男孩舔_20260201_183527.jpg"
        },
        {
            "rank": 4,
            "title": "趣味物理课让学生站不起来",
            "original_title": "",
            "source_platform": "人民网",
            "source_url": "https://www.baidu.com/s?wd=%E4%B8%BA%E4%BB%80%E4%B9%88%E4%BF%9D%E6%8C%81%E8%BF%99%E4%B8%AA%E5%9D%90%E5%A7%BF%E4%BA%BA%E5%B0%B1%E7%AB%99%E4%B8%8D%E8%B5%B7%E6%9D%A5&sa=fyb_news&rsv_dl=fyb_news",
            "content": "网友上传“趣味物理课”视频，老师通过特定坐姿让学生坐下后无法站起，引发热议。",
            "image": "images/rank4_趣味物理课让_20260201_183527.jpg"
        },
        {
            "rank": 5,
            "title": "“梅姨案”被拐儿童申聪将结婚",
            "original_title": "",
            "source_platform": "大象新闻",
            "source_url": "https://news.qq.com/rain/a/20260131A031G700",
            "content": "“梅姨案”被拐儿童申聪将于2月9日在周口老家举行婚礼，父亲申军良感慨五年恍然如昨日。",
            "image": "images/rank5__梅姨案_被_20260201_183527.jpg"
        },
        {
            "rank": 6,
            "title": "重庆成中国消费第一城",
            "original_title": "",
            "source_platform": "中国新闻周刊",
            "source_url": "https://news.qq.com/rain/a/20260131A049WZ00",
            "content": "2025年重庆社零总额16688.50亿元，以微弱优势超过上海，成为中国消费第一城。",
            "image": "images/rank6_重庆成中国消_20260201_183527.jpg"
        },
        {
            "rank": 7,
            "title": "央视迎“00后”新主播",
            "original_title": "",
            "source_platform": "政事儿",
            "source_url": "https://www.toutiao.com/article/7601811296530580008/",
            "content": "央视中文国际频道《中国新闻》栏目迎来新主播陶忆雯，她出生于2000年5月，曾担任新华社实习记者。",
            "image": "images/rank7_央视迎_00_20260201_183527.jpg"
        },
        {
            "rank": 8,
            "title": "泡泡玛特欧洲总部设在伦敦",
            "original_title": "",
            "source_platform": "观察者网",
            "source_url": "https://www.toutiao.com/article/7601430304431112754/",
            "content": "中国潮玩品牌泡泡玛特决定将欧洲区域总部设在英国伦敦，作为英国首相访华成果之一。",
            "image": "images/rank8_泡泡玛特欧洲_20260201_183527.jpg"
        },
        {
            "rank": 9,
            "title": "网剧《年少有为》开播",
            "original_title": "",
            "source_platform": "极目新闻",
            "source_url": "https://www.toutiao.com/article/7601832752131965459/",
            "content": "网剧《年少有为》登陆腾讯视频独播，改编自小说《亏成首富从游戏开始》，由彭昱畅、林允等主演。",
            "image": "images/rank9_网剧_年少有_20260201_183527.jpg"
        }
    ],
    "timestamp": "20260201_183527"
}