{
    "news": [
        {
            "rank": 0,
            "title": "黄金要破5000美元？",
            "original_title": "",
            "source_platform": "",
            "source_url": "",
            "content": "",
            "image": ""
        },
        {
            "rank": 1,
            "title": "外国网友模仿中国人生活",
            "original_title": "",
            "source_platform": "中国新闻网",
            "source_url": "https://baijiahao.baidu.com/s?id=1855124446713701993",
            "content": "数以百万计外国网友开始模仿中国人生活细节，并在社交平台打卡“第一次变中国人”。",
            "image": "images/rank1_外国网友模仿_20260124_121559.jpg"
        },
        {
            "rank": 2,
            "title": "警惕冒用12308诈骗电话",
            "original_title": "",
            "source_platform": "焦点24小时",
            "source_url": "https://baijiahao.baidu.com/s?id=1855162134990889884",
            "content": "不法分子冒用外交部全球领事保护热线12308来电实施诈骗，接到建议立即挂断。",
            "image": "images/rank2_警惕冒用12_20260124_121559.jpg"
        },
        {
            "rank": 3,
            "title": "U23国足门将身价暴涨",
            "original_title": "",
            "source_platform": "大象新闻",
            "source_url": "https://www.toutiao.com/article/7598741231396504115/",
            "content": "U23国足门将李昊在本届亚洲杯表现出色，身价达2000万，获多支中超及欧洲俱乐部关注。",
            "image": "images/rank3_U23国足门_20260124_121559.jpg"
        },
        {
            "rank": 4,
            "title": "长期碎片化睡眠加速大脑衰老",
            "original_title": "",
            "source_platform": "人民日报",
            "source_url": "https://baijiahao.baidu.com/s?id=1855161438626750267",
            "content": "研究指出长期碎片化睡眠可导致大脑加速衰老，引发认知损伤、代谢紊乱等健康风险。",
            "image": "images/rank4_长期碎片化睡_20260124_121559.jpg"
        },
        {
            "rank": 5,
            "title": "黄景瑜签约航天公司引关注",
            "original_title": "",
            "source_platform": "齐鲁壹点",
            "source_url": "https://baijiahao.baidu.com/s?id=1855153124694795344",
            "content": "演员黄景瑜签约北京穿越者载人航天科技公司，成为其009号太空游客，该公司仅拥有4项发明专利。",
            "image": "images/rank5_黄景瑜签约航_20260124_121559.jpg"
        },
        {
            "rank": 6,
            "title": "金价逼近5000美元关口",
            "original_title": "",
            "source_platform": "21世纪经济报道",
            "source_url": "https://news.qq.com/rain/a/20260123A077LJ00",
            "content": "1月23日，现货黄金价格逼近5000美元/盎司关口，自去年10月以来持续“狂飙”。",
            "image": "images/rank6_金价逼近50_20260124_121559.jpg"
        },
        {
            "rank": 7,
            "title": "女子戴透视隐形眼镜打麻将被抓",
            "original_title": "",
            "source_platform": "西安晚报",
            "source_url": "https://www.toutiao.com/video/7598532178394677311/",
            "content": "一名女子因佩戴透视隐形眼镜参与麻将赌博活动被警方抓获。",
            "image": "images/rank7_女子戴透视隐_20260124_121559.jpg"
        },
        {
            "rank": 8,
            "title": "106岁太姥爷与重孙首次相见",
            "original_title": "",
            "source_platform": "新华网",
            "source_url": "https://www.toutiao.com/video/7598727338976608306/",
            "content": "一位106岁的太姥爷与刚出生的重孙首次相见，温馨画面引发关注。",
            "image": "images/rank8_106岁太姥_20260124_121559.jpg"
        },
        {
            "rank": 9,
            "title": "我国重载列车实现自动编队",
            "original_title": "",
            "source_platform": "央视新闻",
            "source_url": "https://www.toutiao.com/article/7598309427355058703",
            "content": "我国自主研发的万吨级重载列车完成世界首次自动编队驾驶试验，7列列车通过无线通信协同运行。",
            "image": "images/rank9_我国重载列车_20260124_121559.jpg"
        }
    ],
    "timestamp": "20260124_121559"
}