{
    "news": [
        {
            "rank": 0,
            "title": "美甲竟成救命阻碍？",
            "original_title": "",
            "source_platform": "",
            "source_url": "",
            "content": "",
            "image": ""
        },
        {
            "rank": 1,
            "title": "女子心跳骤停美甲阻碍抢救",
            "original_title": "",
            "source_platform": "闪电新闻",
            "source_url": "https://baijiahao.baidu.com/s?id=1858098059508113174",
            "content": "湖南一28岁女子心跳骤停，因长款美甲导致指脉氧仪无法探测真实血氧数值，医生提醒美甲可能阻碍诊疗。",
            "image": "images/rank1_女子心跳骤停_20260226_063001.jpg"
        },
        {
            "rank": 2,
            "title": "东北商家随意给店铺密码",
            "original_title": "",
            "source_platform": "star星视频",
            "source_url": "https://baijiahao.baidu.com/s?id=1858138054749681707",
            "content": "吉林一商家未营业时接到顾客进店诉求，直接提供店铺密码并留言“好好玩”，引发热议。",
            "image": "images/rank2_东北商家随意_20260226_063001.jpg"
        },
        {
            "rank": 3,
            "title": "男子聚餐后死亡家属索赔被驳",
            "original_title": "",
            "source_platform": "红星新闻",
            "source_url": "https://baijiahao.baidu.com/s?id=1858070282756560055",
            "content": "湖南一男子聚餐后发病死亡，家属索赔40余万元被法院驳回，因证据无法证明朋友存在过错。",
            "image": "images/rank3_男子聚餐后死_20260226_063001.jpg"
        },
        {
            "rank": 4,
            "title": "女老师因学生调皮确诊情志病",
            "original_title": "",
            "source_platform": "爱济南客户端",
            "source_url": "https://baijiahao.baidu.com/s?id=1858101332238267585",
            "content": "浙江一小学女教师因调皮男生长期扰乱课堂，产生恐惧焦虑，体重骤降呕吐，被确诊为中医“脏躁”。",
            "image": "images/rank4_女老师因学生_20260226_063001.jpg"
        },
        {
            "rank": 5,
            "title": "二婚不许摆酒当地回应",
            "original_title": "",
            "source_platform": "荔枝新闻",
            "source_url": "https://baijiahao.baidu.com/s?id=1858129819561597141",
            "content": "贵州盘州市淤泥乡回应“双方二婚不许摆酒”，称经村民投票决定，旨在减少铺张浪费。",
            "image": "images/rank5_二婚不许摆酒_20260226_063001.jpg"
        },
        {
            "rank": 6,
            "title": "教育部严查挤占体育课行为",
            "original_title": "",
            "source_platform": "新华社新闻",
            "source_url": "https://news.qq.com/rain/a/20260225A06MRU00",
            "content": "教育部将严查挤占体育课、课间不准学生出教室等行为，深入实施学生体质强健计划。",
            "image": "images/rank6_教育部严查挤_20260226_063001.jpg"
        },
        {
            "rank": 7,
            "title": "雅阁直降10万元创纪录",
            "original_title": "",
            "source_platform": "第一财经",
            "source_url": "https://www.toutiao.com/article/7610700752004121140/",
            "content": "广汽本田为庆祝雅阁50周年，老客户复购e:PHEV车型仅需13.88万元，较指导价直降10万元。",
            "image": "images/rank7_雅阁直降10_20260226_063001.jpg"
        },
        {
            "rank": 8,
            "title": "华为将首发阔折叠屏",
            "original_title": "",
            "source_platform": "新浪财经",
            "source_url": "https://www.toutiao.com/article/7610704801063633450/",
            "content": "华为将在阔折叠屏新赛道抢得先机，苹果、三星等巨头也盯上这一市场，打破现有折叠屏格局。",
            "image": "images/rank8_华为将首发阔_20260226_063001.jpg"
        },
        {
            "rank": 9,
            "title": "扫码送鸡蛋骗局套取信息",
            "original_title": "",
            "source_platform": "华夏时报",
            "source_url": "https://www.toutiao.com/w/1858105186879488/",
            "content": "山东出现扫码送鸡蛋骗局，老年人注册账号领取礼品，个人信息瞬间被倒卖，每个获利六七元。",
            "image": "images/rank9_扫码送鸡蛋骗_20260226_063001.jpg"
        }
    ],
    "timestamp": "20260226_063001"
}