{
    "news": [
        {
            "rank": 0,
            "title": "200元包机？炸锅了！",
            "original_title": "",
            "source_platform": "",
            "source_url": "",
            "content": "",
            "image": ""
        },
        {
            "rank": 1,
            "title": "红包等级图火了！血亲100元老表20元",
            "original_title": "",
            "source_platform": "大河报",
            "source_url": "https://baijiahao.baidu.com/s?id=1856269195250802519",
            "content": "广东一张标注不同关系利是金额的参考图在社交平台走红，成为春节民俗讨论焦点。",
            "image": "images/rank1_红包等级图火_20260205_185215.jpg"
        },
        {
            "rank": 2,
            "title": "女孩喂大鹅遭袭击当场霸气还击",
            "original_title": "",
            "source_platform": "闪电新闻",
            "source_url": "https://baijiahao.baidu.com/s?id=1856271258210075190",
            "content": "山东烟台一女孩喂大鹅时遭攻击，她当场反击并制服大鹅，妈妈称女儿看似文实则不怕事。",
            "image": "images/rank2_女孩喂大鹅遭_20260205_185215.jpg"
        },
        {
            "rank": 3,
            "title": "没有修辞全是人生 老辈子文学火了",
            "original_title": "",
            "source_platform": "人民日报",
            "source_url": "https://baijiahao.baidu.com/s?id=1856269889116918991",
            "content": "“老辈子文学”因文字质朴温暖而走红，网友称其让人看到曾被生活温暖着的自己。",
            "image": "images/rank3_没有修辞全是_20260205_185215.jpg"
        },
        {
            "rank": 4,
            "title": "博主摆拍“孩子险被拐走”被罚",
            "original_title": "",
            "source_platform": "公安部网安局",
            "source_url": "https://baijiahao.baidu.com/s?id=1856200867223244545",
            "content": "四川泸州一博主发布虚假视频称孩子险被拐走，造成恐慌，警方调查后对其处以行政处罚。",
            "image": "images/rank4_博主摆拍_孩_20260205_185215.jpg"
        },
        {
            "rank": 5,
            "title": "冯巩这一抱 把倪萍抱回了春晚",
            "original_title": "",
            "source_platform": "三湘都市报",
            "source_url": "https://baijiahao.baidu.com/s?id=1856276127896566591",
            "content": "乐龄春晚直播现场，倪萍、冯巩等老友相聚热情拥抱，回忆感拉满。",
            "image": "images/rank5_冯巩这一抱__20260205_185215.jpg"
        },
        {
            "rank": 6,
            "title": "男子住40层因每天等电梯20分钟卖房",
            "original_title": "",
            "source_platform": "钱江晚报",
            "source_url": "https://www.toutiao.com/article/7602953451709940258/",
            "content": "杭州一男子因住在40层每天等电梯20多分钟而决定卖房，称实际居住体验闹心。",
            "image": "images/rank6_男子住40层_20260205_185215.jpg"
        },
        {
            "rank": 7,
            "title": "诸葛亮后人要求撤销“猪葛亮”商标",
            "original_title": "",
            "source_platform": "深圳新闻网",
            "source_url": "https://www.toutiao.com/article/7603195929310528015/",
            "content": "广东一企业注册“猪葛亮”商标引发关注，诸葛亮后裔称其伤害感情并要求撤销。",
            "image": "images/rank7_诸葛亮后人要_20260205_185215.jpg"
        },
        {
            "rank": 8,
            "title": "女子称花200元独享一架客机飞成都",
            "original_title": "",
            "source_platform": "大风新闻",
            "source_url": "https://www.toutiao.com/article/7603206066578391593/",
            "content": "一女子花200元乘坐九寨沟到成都航班，因只有她一名乘客而独享整架客机，提前到达。",
            "image": "images/rank8_女子称花20_20260205_185215.jpg"
        },
        {
            "rank": 9,
            "title": "冰雪经济“燃”起来",
            "original_title": "",
            "source_platform": "新华社",
            "source_url": "https://www.toutiao.com/article/7603213876095730186",
            "content": "北京奥林匹克中心区通过多元场景联动激发冰雪运动热潮，激活“冰雪+”消费新动能。",
            "image": "images/rank9_冰雪经济_燃_20260205_185215.jpg"
        }
    ],
    "timestamp": "20260205_185215"
}