{
    "news": [
        {
            "rank": 0,
            "title": "前总统夫妇双双入狱！",
            "original_title": "",
            "source_platform": "",
            "source_url": "",
            "content": "",
            "image": ""
        },
        {
            "rank": 1,
            "title": "美国议员奥马尔遭不明液体袭击",
            "original_title": "Minnesota congresswoman Ilhan Omar attacked with unknown liquid at event",
            "source_platform": "BBC News",
            "source_url": "https://www.bbc.com/news/articles/cn9zpee3llxo",
            "content": "美国明尼苏达州民主党众议员伊尔汗·奥马尔在活动中遭一名观众用注射器喷洒不明液体袭击，本人未受伤，袭击者已被捕。",
            "image": "images/rank1_美国议员奥马_20260128_183803.jpg"
        },
        {
            "rank": 2,
            "title": "共和党就移民政策与特朗普政府现分歧",
            "original_title": "Republicans wrestle with immigration message after Minneapolis backlash",
            "source_platform": "BBC News",
            "source_url": "https://www.bbc.com/news/articles/cj3vp84j1l3o",
            "content": "因联邦特工在明尼阿波利斯枪杀两名美国公民引发公愤，部分共和党议员开始与特朗普政府的移民镇压行动保持距离。",
            "image": "images/rank2_共和党就移民_20260128_183803.jpg"
        },
        {
            "rank": 3,
            "title": "UPS将裁员3万人并减少亚马逊业务",
            "original_title": "UPS to cut 30,000 jobs as it moves away from Amazon",
            "source_platform": "BBC News",
            "source_url": "https://www.bbc.com/news/articles/cdxjpj7j754o",
            "content": "快递巨头UPS宣布今年将裁员多达3万人，并进一步减少为其最大客户亚马逊的送货量，以专注于利润更高的客户。",
            "image": "images/rank3_UPS将裁员_20260128_183803.jpg"
        },
        {
            "rank": 4,
            "title": "亚马逊误发邮件确认新一轮全球裁员",
            "original_title": "Amazon accidentally sends email confirming layoffs",
            "source_platform": "BBC News",
            "source_url": "https://www.bbc.com/news/articles/cx2ywzxlxnlo",
            "content": "亚马逊在一封误发的邮件中向员工确认了新一轮全球裁员，涉及美国、加拿大和哥斯达黎加的员工。",
            "image": "images/rank4_亚马逊误发邮_20260128_183803.jpg"
        },
        {
            "rank": 5,
            "title": "韩国前第一夫人因受贿被判20个月监禁",
            "original_title": "South Korea's ex-first lady jailed for 20 months for bribery",
            "source_platform": "BBC News",
            "source_url": "https://www.bbc.com/news/articles/cevnppplkjjo",
            "content": "韩国被罢免前总统尹锡悦的妻子金建希因收受统一教贿赂，被判20个月监禁，成为韩国首对同时被定罪的前总统夫妇。",
            "image": "images/rank5_韩国前第一夫_20260128_183803.jpg"
        },
        {
            "rank": 6,
            "title": "印度尼帕病毒疫情引发亚洲多国机场加强筛查",
            "original_title": "Nipah virus outbreak in India triggers Asia airport screenings",
            "source_platform": "BBC News",
            "source_url": "https://www.bbc.com/news/articles/cd7zp581q5do",
            "content": "印度西孟加拉邦暴发致命尼帕病毒疫情，泰国、尼泊尔等国已在机场对来自该地区的旅客加强健康筛查。",
            "image": "images/rank6_印度尼帕病毒_20260128_183803.jpg"
        },
        {
            "rank": 7,
            "title": "布里斯班公布23亿澳元奥运主场馆设计",
            "original_title": "Plans for $2.3 billion stadium ignite debate in 2032 Olympics host city",
            "source_platform": "CNN",
            "source_url": "https://edition.cnn.com/2026/01/07/style/australia-brisbane-olympic-stadium-victoria-park-hnk-intl",
            "content": "澳大利亚布里斯班公布2032年奥运会主场馆设计方案，这座耗资23亿澳元、可容纳6.3万人的体育场设计灵感源自当地传统住宅。",
            "image": "images/rank7_布里斯班公布_20260128_183803.jpg"
        },
        {
            "rank": 8,
            "title": "美国东海岸周末或迎“炸弹气旋”风暴",
            "original_title": "Forecast models are predicting a bomb cyclone off the East Coast this weekend. Here are the scenarios",
            "source_platform": "CNN",
            "source_url": "https://edition.cnn.com/2026/01/27/weather/winter-storm-snow-bomb-cyclone",
            "content": "预报模型显示，一个强大的冬季风暴本周末将在美国东海岸外迅速增强为“炸弹气旋”，其具体路径将决定沿岸城市的降雪情况。",
            "image": "images/rank8_美国东海岸周_20260128_183803.jpg"
        },
        {
            "rank": 9,
            "title": "阿尔巴尼亚“AI部长”开发者被控贪腐",
            "original_title": "Albania Created an ‘A.I. Minister’ to Curb Corruption. Then Its Developers Were Accused of Graft.",
            "source_platform": "New York Times",
            "source_url": "https://www.nytimes.com/2026/01/27/world/europe/albania-ai-corruption-graft.html",
            "content": "阿尔巴尼亚为反腐推出全球首位AI虚拟部长，但开发该AI的机构负责人却被指控在公共合同中操纵投标、涉嫌贪腐。",
            "image": "images/rank9_阿尔巴尼亚__20260128_183803.jpg"
        }
    ],
    "timestamp": "20260128_183803"
}