{
    "news": [
        {
            "rank": 0,
            "title": "娱乐资讯精选 | 01月14日热点",
            "content": "今日娱乐资讯精选：细看闫学晶资产，“飘”太高真的会摔、3000万粉网红彭十六偷税被禁言、章泽天：禁止孩子使用社交媒体等热点话题"
        },
        {
            "rank": 1,
            "title": "细看闫学晶资产，“飘”太高真的会摔",
            "source_platform": "腾讯娱乐",
            "source_url": "https://news.qq.com/rain/a/20260112A074ZW00",
            "content": "细看闫学晶资产，“飘”太高真的会摔",
            "image": "images/rank1_细看闫学_20260114_183419.jpg"
        },
        {
            "rank": 2,
            "title": "3000万粉网红彭十六偷税被禁言",
            "source_platform": "腾讯娱乐",
            "source_url": "https://news.qq.com/rain/a/20260114A04PQY00",
            "content": "3000万粉网红彭十六偷税被禁言",
            "image": "images/rank2_3000_20260114_183419.jpg"
        },
        {
            "rank": 3,
            "title": "章泽天：禁止孩子使用社交媒体",
            "source_platform": "腾讯娱乐",
            "source_url": "https://news.qq.com/rain/a/20260113A04I6A00",
            "content": "章泽天：禁止孩子使用社交媒体",
            "image": "images/rank3_章泽天：_20260114_183419.jpg"
        },
        {
            "rank": 4,
            "title": "周杰伦“一球制胜”没碰到球",
            "source_platform": "抖音",
            "source_url": "https://www.douyin.com/hot/2367578",
            "content": "周杰伦“一球制胜”没碰到球",
            "image": "images/rank4_周杰伦“_20260114_183419_resized.jpg"
        },
        {
            "rank": 5,
            "title": "我的国考出分时刻",
            "source_platform": "抖音",
            "source_url": "https://www.douyin.com/hot/2366898",
            "content": "我的国考出分时刻",
            "image": "images/rank5_我的国考_20260114_183419_resized.jpg"
        },
        {
            "rank": 6,
            "title": "我国去年外贸进出口规模再创新高",
            "source_platform": "抖音",
            "source_url": "https://www.douyin.com/hot/2367552",
            "content": "我国去年外贸进出口规模再创新高",
            "image": "images/rank6_我国去年_20260114_183419_resized.jpg"
        },
        {
            "rank": 7,
            "title": "《原神》角色预告-「哥伦比娅：飞往何方」",
            "source_platform": "哔哩哔哩",
            "source_url": "https://www.bilibili.com/video/BV16erhBREXR",
            "content": "《原神》角色预告-「哥伦比娅：飞往何方」",
            "image": "images/rank7_《原神》_20260114_183419_resized.jpg"
        },
        {
            "rank": 8,
            "title": "重拍了99次的镜头",
            "source_platform": "哔哩哔哩",
            "source_url": "https://www.bilibili.com/video/BV1VW6dB1EtZ",
            "content": "重拍了99次的镜头",
            "image": "images/rank8_重拍了9_20260114_183419_resized.jpg"
        },
        {
            "rank": 9,
            "title": "《鸣潮》共鸣者「莫宁」PV | 群星点亮时",
            "source_platform": "哔哩哔哩",
            "source_url": "https://www.bilibili.com/video/BV1durvBtEks",
            "content": "《鸣潮》共鸣者「莫宁」PV | 群星点亮时",
            "image": "images/rank9_《鸣潮》_20260114_183419_resized.jpg"
        }
    ],
    "timestamp": "20260114_183419"
}