{
    "news": [
        {
            "rank": 0,
            "title": "风暴、枪击、绑架！世界怎么了？",
            "original_title": "",
            "source_platform": "",
            "source_url": "",
            "content": "",
            "image": ""
        },
        {
            "rank": 1,
            "title": "世界重回二战前秩序，“中等强国”面临严峻挑战",
            "original_title": "As the world inches back to a pre-WW2 order, the 'middle powers' face a grave new challenge",
            "source_platform": "BBC News",
            "source_url": "https://www.bbc.com/news/articles/c99kkerr93ko",
            "content": "分析指出，随着美国转向“美国优先”战略，世界正重回大国划定势力范围的旧秩序，加拿大等“中等强国”面临被边缘化的风险。",
            "image": "images/rank1_世界重回二战_20260126_061807.jpg"
        },
        {
            "rank": 2,
            "title": "美国ICU护士遭联邦特工枪杀，事件引发争议",
            "original_title": "Who was Alex Pretti, the intensive care nurse shot dead in Minneapolis?",
            "source_platform": "BBC News",
            "source_url": "https://www.bbc.com/news/articles/c62r4g590wqo",
            "content": "37岁的重症监护护士亚历克斯·普雷蒂在明尼阿波利斯被联邦特工枪杀。官方称其持枪拒捕，但目击者及家属质疑此说法。",
            "image": "images/rank2_美国ICU护_20260126_061807.jpg"
        },
        {
            "rank": 3,
            "title": "美国冬季风暴致百万人断电，数千航班取消",
            "original_title": "Hundreds of thousands without power as winter storm hits US",
            "source_platform": "BBC News",
            "source_url": "https://www.bbc.com/news/articles/c1klrmz90yjo",
            "content": "一场大规模冬季风暴席卷美国，造成至少百万人断电、超万架航班取消，多地宣布进入紧急状态，已报告数人死亡。",
            "image": "images/rank3_美国冬季风暴_20260126_061807.jpg"
        },
        {
            "rank": 4,
            "title": "徒手攀岩家霍诺德无保护登顶台北101",
            "original_title": "Climber Alex Honnold scales 101-floor skyscraper without safety gear",
            "source_platform": "BBC News",
            "source_url": "https://www.bbc.com/news/articles/c4gl0njzxjdo",
            "content": "美国著名攀岩家亚历克斯·霍诺德在无绳索、无安全装备的情况下，成功徒手攀爬508米高的台北101摩天大楼。",
            "image": "images/rank4_徒手攀岩家霍_20260126_061807.jpg"
        },
        {
            "rank": 5,
            "title": "法国扣押涉嫌违反制裁的俄罗斯“影子油轮”",
            "original_title": "Captain of suspected Russian shadow tanker in French custody",
            "source_platform": "BBC News",
            "source_url": "https://www.bbc.com/news/articles/c62vke5dly2o",
            "content": "法国海军在地中海扣押一艘涉嫌违反制裁、为俄罗斯战争融资的“影子油轮”，其印度籍船长已被拘留。",
            "image": "images/rank5_法国扣押涉嫌_20260126_061807.jpg"
        },
        {
            "rank": 6,
            "title": "特朗普改口，称赞英国士兵是“最伟大的战士”",
            "original_title": "Trump says UK soldiers in Afghanistan 'among greatest of all warriors'",
            "source_platform": "BBC News",
            "source_url": "https://www.bbc.com/news/articles/c3edwx37pd9o",
            "content": "特朗普此前贬低北约盟友在阿富汗战争中的作用引发众怒，在与英国首相通话后，他改口称赞英军是“最伟大的战士”。",
            "image": "images/rank6_特朗普改口__20260126_061807.jpg"
        },
        {
            "rank": 7,
            "title": "南韩前总理因戒严案被判23年监禁",
            "original_title": "South Korea’s former leader jailed for 23 years in martial law case",
            "source_platform": "CNN",
            "source_url": "https://edition.cnn.com/2026/01/21/asia/south-korea-han-yoon-jailed-intl-hnk",
            "content": "韩国法院裁定前总统尹锡悦实施的戒严构成叛乱罪，其任命的总理韩悳洙因涉案被判23年监禁。",
            "image": "images/rank7_南韩前总理因_20260126_061807.jpg"
        },
        {
            "rank": 8,
            "title": "美墨网红遭持枪绑架后，在墨西哥被安全找到",
            "original_title": "US-Mexican influencer abducted at gunpoint in viral video found ‘alive and well’ in Sinaloa state",
            "source_platform": "CNN",
            "source_url": "https://edition.cnn.com/2026/01/23/americas/us-mexico-influencer-abducted-gunpoint-latam-intl",
            "content": "一段视频显示美墨双国籍网红妮可·帕尔多在墨西哥锡那罗亚州光天化日下遭持枪绑架。检方周六宣布已安全找到她。",
            "image": "images/rank8_美墨网红遭持_20260126_061807.jpg"
        },
        {
            "rank": 9,
            "title": "伊朗德黑兰现反美壁画，警告美国勿发动军事打击",
            "original_title": "Iran unveils mural warning US not to launch military strike",
            "source_platform": "Sky News",
            "source_url": "https://news.sky.com/story/iran-unveils-mural-warning-us-not-to-launch-military-strike-13498878",
            "content": "伊朗在德黑兰革命广场揭幕一幅新壁画，描绘受损的美军航母甲板，并用英法双语警告美国“若种下风，将收获旋风”。",
            "image": "images/rank9_伊朗德黑兰现_20260126_061807.jpg"
        }
    ],
    "timestamp": "20260126_061807"
}