{
    "news": [
        {
            "rank": 0,
            "title": "【轰动】风波再起！众明星卷入，谁能独善其身？",
            "original_title": "",
            "source_platform": "",
            "source_url": "",
            "content": "",
            "image": ""
        },
        {
            "rank": 1,
            "title": "龙洋说春晚结束时泪水夺眶",
            "original_title": "",
            "source_platform": "腾讯娱乐",
            "source_url": "https://news.qq.com/rain/a/20260218V03VJC00",
            "content": "龙洋说春晚结束时泪水夺眶",
            "image": "images/rank1_龙洋说春晚结_20260218_185521.jpg"
        },
        {
            "rank": 2,
            "title": "《惊蛰无声》豆瓣开分6.3",
            "original_title": "",
            "source_platform": "腾讯娱乐",
            "source_url": "https://news.qq.com/rain/a/20260218V035JT00",
            "content": "《惊蛰无声》豆瓣开分6.3",
            "image": "images/rank2__惊蛰无声__20260218_185521.jpg"
        },
        {
            "rank": 3,
            "title": "肖战温柔献唱《岁岁年年》",
            "original_title": "",
            "source_platform": "腾讯娱乐",
            "source_url": "https://news.qq.com/rain/a/20260217V06F2D00",
            "content": "肖战温柔献唱《岁岁年年》",
            "image": "images/rank3_肖战温柔献唱_20260218_185521.jpg"
        },
        {
            "rank": 4,
            "title": "秦海璐说立春全女阵容十全十美",
            "original_title": "",
            "source_platform": "腾讯娱乐",
            "source_url": "https://news.qq.com/rain/a/20260217V05SYB00",
            "content": "秦海璐说立春全女阵容十全十美",
            "image": "images/rank4_秦海璐说立春_20260218_185521.jpg"
        },
        {
            "rank": 5,
            "title": "姚安娜新剧开播，口碑逆袭靠什么？",
            "original_title": "",
            "source_platform": "腾讯娱乐",
            "source_url": "https://news.qq.com/rain/a/20260217A06AQU00",
            "content": "姚安娜新剧开播，口碑逆袭靠什么？",
            "image": "images/rank5_姚安娜新剧开_20260218_185521.jpg"
        },
        {
            "rank": 6,
            "title": "霍启山娜然传恋情后同游欧洲",
            "original_title": "",
            "source_platform": "腾讯娱乐",
            "source_url": "https://news.qq.com/rain/a/20260218V01XI300",
            "content": "霍启山娜然传恋情后同游欧洲",
            "image": "images/rank6_霍启山娜然传_20260218_185521.jpg"
        },
        {
            "rank": 7,
            "title": "岳云鹏浙江春晚独唱《上春山》",
            "original_title": "",
            "source_platform": "腾讯娱乐",
            "source_url": "https://news.qq.com/rain/a/20260217V06LIK00",
            "content": "岳云鹏浙江春晚独唱《上春山》",
            "image": "images/rank7_岳云鹏浙江春_20260218_185521.jpg"
        },
        {
            "rank": 8,
            "title": "李宇春献唱《回春天》，一开口满溢春意",
            "original_title": "",
            "source_platform": "腾讯娱乐",
            "source_url": "https://news.qq.com/rain/a/20260217V0653O00",
            "content": "李宇春献唱《回春天》，一开口满溢春意",
            "image": "images/rank8_李宇春献唱__20260218_185521.jpg"
        },
        {
            "rank": 9,
            "title": "苏翊鸣迎来冲金时刻",
            "original_title": "",
            "source_platform": "抖音热榜",
            "source_url": "https://www.douyin.com/hot/2404758",
            "content": "苏翊鸣迎来冲金时刻",
            "image": "images/rank9_苏翊鸣迎来冲_20260218_185521.jpg"
        }
    ],
    "timestamp": "20260218_185521"
}