{
    "news": [
        {
            "rank": 0,
            "title": "特朗普“和平”大戏，盟友不买账",
            "original_title": "",
            "source_platform": "",
            "source_url": "",
            "content": "",
            "image": ""
        },
        {
            "rank": 1,
            "title": "加州州长纽森称白宫阻挠其达沃斯发言",
            "original_title": "California Governor Newsom says White House blocked his Davos event",
            "source_platform": "BBC News",
            "source_url": "https://www.bbc.com/news/articles/cd0yy5n8v8mo",
            "content": "加州州长加文·纽森称，特朗普政府阻止他在达沃斯世界经济论坛的美国馆发言，引发政治争议。",
            "image": "images/rank1_加州州长纽森_20260122_183720.jpg"
        },
        {
            "rank": 2,
            "title": "英国因普京问题暂不加入特朗普“和平委员会”",
            "original_title": "UK holds off joining Trump's Board of Peace over Putin concerns",
            "source_platform": "BBC News",
            "source_url": "https://www.bbc.com/news/articles/cp9jj1j74ggo",
            "content": "英国外交大臣表示，因担忧俄罗斯总统普京可能参与，英国暂不签署加入特朗普提议的“和平委员会”。",
            "image": "images/rank2_英国因普京问_20260122_183720.jpg"
        },
        {
            "rank": 3,
            "title": "印度IT男坠入施工坑溺亡引发众怒",
            "original_title": "Outrage after Indian man drowns in open pit after begging for help for hours",
            "source_platform": "BBC News",
            "source_url": "https://www.bbc.com/news/articles/c620l5e2q1vo",
            "content": "印度一名IT专业人士驾车坠入无标识的施工深坑，呼救数小时后溺亡，引发对城市道路安全的广泛质疑。",
            "image": "images/rank3_印度IT男坠_20260122_183720.jpg"
        },
        {
            "rank": 4,
            "title": "美众议院委员会投票认定克林顿夫妇藐视国会",
            "original_title": "US House panel votes to hold Clintons in contempt over Epstein subpoenas",
            "source_platform": "BBC News",
            "source_url": "https://www.bbc.com/news/articles/ckgxxw0wx44o",
            "content": "美国众议院监督委员会投票认定前总统克林顿及其妻希拉里藐视国会，因二人拒绝就爱泼斯坦调查案作证。",
            "image": "images/rank4_美众议院委员_20260122_183720.jpg"
        },
        {
            "rank": 5,
            "title": "多伦多男子伪造飞行员证件骗取数百次免费航班",
            "original_title": "Toronto man fakes pilot badge to score hundreds of free flights, officials say",
            "source_platform": "BBC News",
            "source_url": "https://www.bbc.com/news/articles/c5y223170vdo",
            "content": "一名加拿大男子被指控伪造员工证件，在四年间冒充飞行员和空乘，骗取美国航空公司数百次免费航班。",
            "image": "images/rank5_多伦多男子伪_20260122_183720.jpg"
        },
        {
            "rank": 6,
            "title": "布里斯班公布23亿美元奥运场馆设计引争议",
            "original_title": "Plans for $2.3 billion stadium ignite debate in 2032 Olympics host city",
            "source_platform": "CNN",
            "source_url": "https://edition.cnn.com/2026/01/07/style/australia-brisbane-olympic-stadium-victoria-park-hnk-intl",
            "content": "澳大利亚布里斯班公布2032年奥运会主体育场设计，耗资23亿美元，灵感来自当地民居，但选址遗产公园引发争议。",
            "image": "images/rank6_布里斯班公布_20260122_183720.jpg"
        },
        {
            "rank": 7,
            "title": "美国将迎近年最极端冬季风暴",
            "original_title": "One of the most extreme winter storms in years is set to deliver damaging ice and heavy snow to nearly half the US",
            "source_platform": "CNN",
            "source_url": "https://edition.cnn.com/2026/01/20/weather/winter-storm-snow-ice-central-eastern-us-climate",
            "content": "一场极端冬季风暴将袭击美国超过二十个州，带来破坏性冰雹和暴雪，影响近半国土，可能造成大范围停电。",
            "image": "images/rank7_美国将迎近年_20260122_183720.jpg"
        },
        {
            "rank": 8,
            "title": "巴西79岁“新人”演员意外走红成电影偶像",
            "original_title": "Brazil’s Newest Film Icon Is Not Your Typical Star",
            "source_platform": "New York Times",
            "source_url": "https://www.nytimes.com/2026/01/22/world/americas/tania-maria-brazil-the-secret-agent.html",
            "content": "巴西79岁女演员塔尼亚·玛丽亚凭借在电影《秘密特工》中的表演意外走红，成为该国新晋电影偶像。",
            "image": "images/rank8_巴西79岁__20260122_183720.jpg"
        },
        {
            "rank": 9,
            "title": "新西兰露营地发生山体滑坡，数人失踪",
            "original_title": "Several missing after New Zealand campsite landslide - with no sign of life detected for hours, official says",
            "source_platform": "Sky News",
            "source_url": "https://news.sky.com/story/several-missing-after-new-zealand-campsite-landslide-with-no-sign-of-life-detected-for-hours-official-says-13497417",
            "content": "新西兰北岛东部因暴雨发生山体滑坡，一处热门旅游露营地被埋，救援人员正在搜寻数名失踪者。",
            "image": "images/rank9_新西兰露营地_20260122_183720.jpg"
        }
    ],
    "timestamp": "20260122_183720"
}