{
    "news": [
        {
            "rank": 0,
            "title": "特朗普关税大棒挥向盟友！加拿大倒向中国引发北美贸易地震？",
            "original_title": "",
            "source_platform": "",
            "source_url": "",
            "content": "",
            "image": ""
        },
        {
            "rank": 1,
            "title": "特朗普威胁对反对吞并格陵兰的国家加征关税",
            "original_title": "Trump threatens new tariffs on countries opposed to Greenland takeover",
            "source_platform": "BBC News",
            "source_url": "https://www.bbc.com/news/articles/c9qpy952xvno",
            "content": "美国总统特朗普威胁，将对不支持其吞并格陵兰计划的国家加征关税，称此举出于国家安全需要。",
            "image": "images/rank1_特朗普威胁对_20260117_094155.jpg"
        },
        {
            "rank": 2,
            "title": "倒卖黄牛夫妇被勒令退还300万英镑，否则将入狱",
            "original_title": "Sheeran touts ordered to pay back £3m or face jail",
            "source_platform": "BBC News",
            "source_url": "https://www.bbc.com/news/articles/cr57vyv27mno",
            "content": "一对倒卖艾德·希兰等明星演唱会门票的夫妇被勒令三个月内退还300万英镑非法所得，否则将面临额外监禁。",
            "image": "images/rank2_倒卖黄牛夫妇_20260117_094155.jpg"
        },
        {
            "rank": 3,
            "title": "特朗普任命布莱尔和卢比奥加入加沙“和平委员会”",
            "original_title": "Blair and Rubio among names on Gaza 'Board of Peace'",
            "source_platform": "BBC News",
            "source_url": "https://www.bbc.com/news/articles/c07xv92vrz2o",
            "content": "特朗普政府任命美国国务卿卢比奥和英国前首相布莱尔等人，加入负责加沙战后治理与重建的“和平委员会”。",
            "image": "images/rank3_特朗普任命布_20260117_094155.jpg"
        },
        {
            "rank": 4,
            "title": "瑞士酒吧火灾遇难员工家属称其未获安全培训",
            "original_title": "Swiss bar employee who reportedly held sparkler unaware of dangers, family says",
            "source_platform": "BBC News",
            "source_url": "https://www.bbc.com/news/articles/ckgvjnxpp9zo",
            "content": "瑞士跨年夜致命酒吧火灾中遇难的员工家属称，死者未接受安全培训，也不知晓天花板材料的易燃危险。",
            "image": "images/rank4_瑞士酒吧火灾_20260117_094155.jpg"
        },
        {
            "rank": 5,
            "title": "美国司法部调查明尼苏达州民主党人涉嫌妨碍移民执法",
            "original_title": "US justice department investigates Minnesota Democrats over alleged obstruction of ICE",
            "source_platform": "BBC News",
            "source_url": "https://www.bbc.com/news/articles/czx1wgvpr1zo",
            "content": "美国司法部正调查明尼苏达州州长和市长，指控其发表言论试图阻碍联邦移民与海关执法局的行动。",
            "image": "images/rank5_美国司法部调_20260117_094155.jpg"
        },
        {
            "rank": 6,
            "title": "新加坡严打电子烟：设举报热线，违者最高可判鞭刑",
            "original_title": "A hotline to report vapers and caning if you're caught: Singapore's e-cigarette crackdown",
            "source_platform": "BBC News",
            "source_url": "https://www.bbc.com/news/articles/c3387lrz5g4o",
            "content": "新加坡严厉打击电子烟，设立公众举报热线，违者可能面临监禁、强制康复甚至鞭刑等严厉惩罚。",
            "image": "images/rank6_新加坡严打电_20260117_094155.jpg"
        },
        {
            "rank": 7,
            "title": "ChatGPT将开始根据用户对话内容展示广告",
            "original_title": "ChatGPT to start showing users ads based on their conversations",
            "source_platform": "CNN",
            "source_url": "https://edition.cnn.com/2026/01/16/tech/chatgpt-ads-openai",
            "content": "OpenAI宣布，其AI聊天机器人ChatGPT将开始根据用户的对话内容来展示个性化广告。",
            "image": "images/rank7_ChatGP_20260117_094155.jpg"
        },
        {
            "rank": 8,
            "title": "海地无人机行动空袭黑帮头目“烧烤”住所",
            "original_title": "Haiti drone operation strikes home of gang leader ‘Barbecue’",
            "source_platform": "CNN",
            "source_url": "https://edition.cnn.com/2026/01/15/americas/haiti-drone-operation-strikes-home-of-gang-leader-barbecue",
            "content": "海地当局发动无人机行动，空袭了该国势力强大的黑帮头目“烧烤”的住所。",
            "image": "images/rank8_海地无人机行_20260117_094155.jpg"
        },
        {
            "rank": 9,
            "title": "乌干达反对派领袖博比·瓦恩据称遭安全部队绑架",
            "original_title": "Ugandan Opposition Leader Bobi Wine Was Abducted, His Party Says",
            "source_platform": "New York Times",
            "source_url": "https://www.nytimes.com/2026/01/16/world/africa/uganda-bobi-wine-abduction.html",
            "content": "乌干达主要反对派领袖博比·瓦恩的政党称，其在总统选举结果公布前被安全部队从家中绑架，下落不明。",
            "image": "images/rank9_乌干达反对派_20260117_094155.jpg"
        }
    ],
    "timestamp": "20260117_094155"
}