{
    "news": [
        {
            "rank": 0,
            "title": "【轰动】风波再起！众明星卷入，谁能独善其身？",
            "original_title": "",
            "source_platform": "",
            "source_url": "",
            "content": "",
            "image": ""
        },
        {
            "rank": 1,
            "title": "撒贝宁春节带媳妇回老家探亲",
            "original_title": "",
            "source_platform": "腾讯娱乐",
            "source_url": "https://news.qq.com/rain/a/20260224V072Z500",
            "content": "撒贝宁春节带媳妇回老家探亲",
            "image": "images/rank1_撒贝宁春节带_20260225_063003.jpg"
        },
        {
            "rank": 2,
            "title": "佟丽娅教小酒窝跳舞",
            "original_title": "",
            "source_platform": "腾讯娱乐",
            "source_url": "https://news.qq.com/rain/a/20260224V06ZOZ00",
            "content": "佟丽娅教小酒窝跳舞",
            "image": "images/rank2_佟丽娅教小酒_20260225_063003.jpg"
        },
        {
            "rank": 3,
            "title": "春晚未播画面曝光：王菲候场清冷疏离",
            "original_title": "",
            "source_platform": "腾讯娱乐",
            "source_url": "https://news.qq.com/rain/a/20260224V06YE000",
            "content": "春晚未播画面曝光：王菲候场清冷疏离",
            "image": "images/rank3_春晚未播画面_20260225_063003.jpg"
        },
        {
            "rank": 4,
            "title": "大衣哥春节后复工忙，十余安保开道护航",
            "original_title": "",
            "source_platform": "腾讯娱乐",
            "source_url": "https://news.qq.com/rain/a/20260224V06QJH00",
            "content": "大衣哥春节后复工忙，十余安保开道护航",
            "image": "images/rank4_大衣哥春节后_20260225_063003.jpg"
        },
        {
            "rank": 5,
            "title": "57岁周涛新年拍短剧",
            "original_title": "",
            "source_platform": "腾讯娱乐",
            "source_url": "https://news.qq.com/rain/a/20260224V071A100",
            "content": "57岁周涛新年拍短剧",
            "image": "images/rank5_57岁周涛新_20260225_063003.jpg"
        },
        {
            "rank": 6,
            "title": "汪涵11岁儿子在咖啡店当义工",
            "original_title": "",
            "source_platform": "腾讯娱乐",
            "source_url": "https://news.qq.com/rain/a/20260224V06RIC00",
            "content": "汪涵11岁儿子在咖啡店当义工",
            "image": "images/rank6_汪涵11岁儿_20260225_063003.jpg"
        },
        {
            "rank": 7,
            "title": "复工飒气穿搭拿捏了",
            "original_title": "",
            "source_platform": "抖音热榜",
            "source_url": "https://www.douyin.com/hot/2409507",
            "content": "复工飒气穿搭拿捏了",
            "image": "images/rank7_复工飒气穿搭_20260225_063003.jpg"
        },
        {
            "rank": 8,
            "title": "李在明社媒发AI视频",
            "original_title": "",
            "source_platform": "抖音热榜",
            "source_url": "https://www.douyin.com/hot/2410021",
            "content": "李在明社媒发AI视频",
            "image": "images/rank8_李在明社媒发_20260225_063003.jpg"
        },
        {
            "rank": 9,
            "title": "中方回应“美考虑军事打击伊朗”",
            "original_title": "",
            "source_platform": "抖音热榜",
            "source_url": "https://www.douyin.com/hot/2410571",
            "content": "中方回应“美考虑军事打击伊朗”",
            "image": "images/rank9_中方回应_美_20260225_063003.jpg"
        }
    ],
    "timestamp": "20260225_063003"
}