{
    "news": [
        {
            "rank": 0,
            "title": "存款取不出？",
            "original_title": "",
            "source_platform": "",
            "source_url": "",
            "content": "",
            "image": ""
        },
        {
            "rank": 1,
            "title": "周生生足金挂坠检测结果公布",
            "original_title": "",
            "source_platform": "北京日报客户端",
            "source_url": "https://baijiahao.baidu.com/s?id=1856288605345118818",
            "content": "周生生挂坠金含量官方检测完成，结果为足金符合标准，市场监管部门已送达报告，双方无异议。",
            "image": "images/rank1_周生生足金挂_20260206_062340.jpg"
        },
        {
            "rank": 2,
            "title": "年轻人青睐“新三金”",
            "original_title": "",
            "source_platform": "人民日报",
            "source_url": "https://baijiahao.baidu.com/s?id=1856288041279031673",
            "content": "由货币基金、债券基金和黄金基金组成的“新三金”在年轻人中流行，超2100万用户配齐，年轻人占比近半。",
            "image": "images/rank2_年轻人青睐__20260206_062340.jpg"
        },
        {
            "rank": 3,
            "title": "这座城每6个人就有1个老板",
            "original_title": "",
            "source_platform": "人民日报",
            "source_url": "https://baijiahao.baidu.com/s?id=1856292318344470961",
            "content": "湖州经营主体增至58万户，按常住人口计算约每6人中有1个“老板”，反映当地优越的创业就业环境。",
            "image": "images/rank3_这座城每6个_20260206_062340.jpg"
        },
        {
            "rank": 4,
            "title": "中国汽车将禁用隐藏式车门把手",
            "original_title": "",
            "source_platform": "人民日报",
            "source_url": "https://baijiahao.baidu.com/s?id=1856278255757428600",
            "content": "强制性国家标准规定，2027年起在中国销售的汽车必须配备机械释放车门外把手，新标准已批准发布。",
            "image": "images/rank4_中国汽车将禁_20260206_062340.jpg"
        },
        {
            "rank": 5,
            "title": "夺刀女警脸上伤疤无法恢复",
            "original_title": "",
            "source_platform": "央视新闻",
            "source_url": "https://baijiahao.baidu.com/s?id=1856264259807948698",
            "content": "河南女警王妙丽休假时赤手空拳夺刀救人，面部受创缝30多针，伤疤无法恢复如初，被授予一级英模。",
            "image": "images/rank5_夺刀女警脸上_20260206_062340.jpg"
        },
        {
            "rank": 6,
            "title": "男子取亡父15万存款被拒",
            "original_title": "",
            "source_platform": "奔流新闻",
            "source_url": "https://www.toutiao.com/article/7603372486213861929/",
            "content": "江西一男子提取父亲15万元存款时被银行要求提供继承权公证书，银行称5万元以上需公证。",
            "image": "images/rank6_男子取亡父1_20260206_062340.jpg"
        },
        {
            "rank": 7,
            "title": "美团拟7.17亿美元收购叮咚买菜",
            "original_title": "",
            "source_platform": "第一财经",
            "source_url": "https://www.toutiao.com/video/7603312306983010314/",
            "content": "美团计划豪掷7.17亿美元收购叮咚买菜，此举可能重塑生鲜电商市场格局。",
            "image": "images/rank7_美团拟7_1_20260206_062340.jpg"
        },
        {
            "rank": 8,
            "title": "男子掰开降压药吃致血压骤降",
            "original_title": "",
            "source_platform": "大象新闻",
            "source_url": "https://www.toutiao.com/video/7603333837225934902/",
            "content": "一男子擅自将降压药掰开服用，导致血压急剧下降，提醒患者需遵医嘱用药。",
            "image": "images/rank8_男子掰开降压_20260206_062340.jpg"
        },
        {
            "rank": 9,
            "title": "宝宝到山东探亲一月长高4cm",
            "original_title": "",
            "source_platform": "大河网",
            "source_url": "https://www.toutiao.com/article/7603223770123338292/",
            "content": "一2岁半宝宝从江苏到山东探亲一个月，身高从89厘米长到93厘米，可能与饮食和户外运动有关。",
            "image": "images/rank9_宝宝到山东探_20260206_062340.jpg"
        }
    ],
    "timestamp": "20260206_062340"
}