{
    "news": [
        {
            "rank": 0,
            "title": "金正恩传位13岁女儿！",
            "original_title": "",
            "source_platform": "",
            "source_url": "",
            "content": "",
            "image": ""
        },
        {
            "rank": 1,
            "title": "特朗普推翻奥巴马时代温室气体危害认定",
            "original_title": "Trump revokes landmark ruling that greenhouse gases endanger public health",
            "source_platform": "BBC News",
            "source_url": "https://www.bbc.com/news/articles/cn0zdd7yl4vo",
            "content": "美国总统特朗普撤销了2009年一项关键科学认定，该认定是联邦所有遏制温室气体行动的法律基石。",
            "image": "images/rank1_特朗普推翻奥_20260213_062915.jpg"
        },
        {
            "rank": 2,
            "title": "挪威前首相因爱泼斯坦案被控严重腐败",
            "original_title": "Norway's former PM charged with gross corruption over Epstein links",
            "source_platform": "BBC News",
            "source_url": "https://www.bbc.com/news/articles/c5yqr8eggvwo",
            "content": "挪威前首相托尔比约恩·亚格兰因与美国性犯罪者爱泼斯坦的关系，被警方指控犯有“严重腐败”罪。",
            "image": "images/rank2_挪威前首相因_20260213_062915.jpg"
        },
        {
            "rank": 3,
            "title": "英国温莎拒付国事访问费用",
            "original_title": "We won't pay for Windsor state visits, council says",
            "source_platform": "BBC News",
            "source_url": "https://www.bbc.com/news/articles/c86yqlg4vzdo",
            "content": "英国温莎-梅登黑德区议会表示，在去年接待特朗普的费用未获报销后，将不再支持任何国事访问。",
            "image": "images/rank3_英国温莎拒付_20260213_062915.jpg"
        },
        {
            "rank": 4,
            "title": "法官阻止美军降级参议员凯利军衔",
            "original_title": "Judge blocks US military from demoting Mark Kelly over 'illegal orders' video",
            "source_platform": "BBC News",
            "source_url": "https://www.bbc.com/news/articles/cvgk4vl30vko",
            "content": "美国联邦法官阻止国防部长降低参议员马克·凯利的军衔，因其曾发布视频鼓励军人拒绝非法命令。",
            "image": "images/rank4_法官阻止美军_20260213_062915.jpg"
        },
        {
            "rank": 5,
            "title": "爱尔兰为艺术家提供基本收入",
            "original_title": "Ireland is paying artists a basic income in a pioneering scheme",
            "source_platform": "CNN",
            "source_url": "https://edition.cnn.com/2026/02/12/style/ireland-artists-basic-income-intl-scli",
            "content": "爱尔兰政府启动一项开创性计划，将在三年内为2000名艺术家提供每周325欧元的基本收入。",
            "image": "images/rank5_爱尔兰为艺术_20260213_062915.jpg"
        },
        {
            "rank": 6,
            "title": "俄罗斯宣布封锁WhatsApp应用",
            "original_title": "Russia says it has blocked WhatsApp amid wider clampdown on social media",
            "source_platform": "CNN",
            "source_url": "https://edition.cnn.com/2026/02/12/tech/russia-whatsapp-social-media-clampdown-intl",
            "content": "俄罗斯确认已在该国封锁即时通讯应用WhatsApp，并引导公民使用其国家支持的Max应用。",
            "image": "images/rank6_俄罗斯宣布封_20260213_062915.jpg"
        },
        {
            "rank": 7,
            "title": "印尼计划将高速公路改为战机跑道",
            "original_title": "Freeways as runways: Indonesia plans to turn its islands into cheaper ‘aircraft carriers’",
            "source_platform": "CNN",
            "source_url": "https://edition.cnn.com/2026/02/12/asia/indonesia-freeways-fighter-jet-runways-intl-hnk-ml",
            "content": "印尼计划将全国高速公路路段改造为战斗机紧急跑道，使其在广阔群岛拥有多个“航空母舰”。",
            "image": "images/rank7_印尼计划将高_20260213_062915.jpg"
        },
        {
            "rank": 8,
            "title": "美国对索马里发动猛烈空袭",
            "original_title": "As U.S. Bombs Somalia, Israel Shakes Status Quo on Horn of Africa",
            "source_platform": "New York Times",
            "source_url": "https://www.nytimes.com/2026/02/12/world/africa/israel-somaliland-mideast-trump.html",
            "content": "特朗普政府上台以来，美军对索马里境内目标发动了约150次空袭，远超其他任何国家。",
            "image": "images/rank8_美国对索马里_20260213_062915.jpg"
        },
        {
            "rank": 9,
            "title": "诺奖得主帕慕克作品终获Netflix改编",
            "original_title": "Nobel Novelist Orhan Pamuk Finally Gets the Netflix Series He Wanted",
            "source_platform": "New York Times",
            "source_url": "https://www.nytimes.com/2026/02/12/world/europe/orhan-pamuk-istanbul-turkey-museum-of-innocence.html",
            "content": "土耳其诺贝尔文学奖得主奥尔罕·帕慕克历经波折，其小说《纯真博物馆》的改编权最终回归，并将由Netflix制作。",
            "image": "images/rank9_诺奖得主帕慕_20260213_062915.jpg"
        }
    ],
    "timestamp": "20260213_062915"
}