{
    "news": [
        {
            "rank": 0,
            "title": "【轰动】风波再起！众明星卷入，谁能独善其身？",
            "original_title": "",
            "source_platform": "",
            "source_url": "",
            "content": "",
            "image": ""
        },
        {
            "rank": 1,
            "title": "林一苏翊鸣梦幻联动",
            "original_title": "",
            "source_platform": "腾讯娱乐",
            "source_url": "https://news.qq.com/rain/a/20260206V0655W00",
            "content": "林一苏翊鸣梦幻联动",
            "image": "images/rank1_林一苏翊鸣梦_20260208_062214.jpg"
        },
        {
            "rank": 2,
            "title": "2026春节档电影前瞻：六骏争先",
            "original_title": "",
            "source_platform": "腾讯娱乐",
            "source_url": "https://news.qq.com/rain/a/20260206A07OUM00",
            "content": "2026春节档电影前瞻：六骏争先",
            "image": "images/rank2_2026春节_20260208_062214.jpg"
        },
        {
            "rank": 3,
            "title": "沈腾领奖两次忘词，众星笑疯",
            "original_title": "",
            "source_platform": "腾讯娱乐",
            "source_url": "https://news.qq.com/rain/a/20260206V03GWN00",
            "content": "沈腾领奖两次忘词，众星笑疯",
            "image": "images/rank3_沈腾领奖两次_20260208_062214.jpg"
        },
        {
            "rank": 4,
            "title": "梁小龙账号被质疑遭霸占，运营人回应停更",
            "original_title": "",
            "source_platform": "腾讯娱乐",
            "source_url": "https://news.qq.com/rain/a/20260207V0390F00",
            "content": "梁小龙账号被质疑遭霸占，运营人回应停更",
            "image": "images/rank4_梁小龙账号被_20260208_062214.jpg"
        },
        {
            "rank": 5,
            "title": "苏翊鸣大跳台铜牌",
            "original_title": "",
            "source_platform": "抖音热榜",
            "source_url": "https://www.douyin.com/hot/2392759",
            "content": "苏翊鸣大跳台铜牌",
            "image": "images/rank5_苏翊鸣大跳台_20260208_062214.jpg"
        },
        {
            "rank": 6,
            "title": "冰雪“冷资源”活力“热引擎”",
            "original_title": "",
            "source_platform": "抖音热榜",
            "source_url": "https://www.douyin.com/hot/2393279",
            "content": "冰雪“冷资源”活力“热引擎”",
            "image": "images/rank6_冰雪_冷资源_20260208_062214.jpg"
        },
        {
            "rank": 7,
            "title": "社火夜行祈福安康",
            "original_title": "",
            "source_platform": "抖音热榜",
            "source_url": "https://www.douyin.com/hot/2392745",
            "content": "社火夜行祈福安康",
            "image": "images/rank7_社火夜行祈福_20260208_062214.jpg"
        },
        {
            "rank": 8,
            "title": "广州街头豫剧奶奶",
            "original_title": "",
            "source_platform": "抖音热榜",
            "source_url": "https://www.douyin.com/hot/2392424",
            "content": "广州街头豫剧奶奶",
            "image": "images/rank8_广州街头豫剧_20260208_062214.jpg"
        },
        {
            "rank": 9,
            "title": "星穹铁道4.0版本PV",
            "original_title": "",
            "source_platform": "抖音热榜",
            "source_url": "https://www.douyin.com/hot/2392391",
            "content": "星穹铁道4.0版本PV",
            "image": "images/rank9_星穹铁道4__20260208_062214.jpg"
        }
    ],
    "timestamp": "20260208_062214"
}