{
    "news": [
        {
            "rank": 0,
            "title": "【轰动】风波再起！众明星卷入，谁能独善其身？",
            "original_title": "",
            "source_platform": "",
            "source_url": "",
            "content": "",
            "image": ""
        },
        {
            "rank": 1,
            "title": "李亚鹏获捐1400万元：口碑逆转深藏善意",
            "original_title": "",
            "source_platform": "腾讯娱乐",
            "source_url": "https://news.qq.com/rain/a/20260118A00CX700",
            "content": "李亚鹏获捐1400万元：口碑逆转深藏善意",
            "image": "images/rank1_李亚鹏获捐1_20260118_182955.jpg"
        },
        {
            "rank": 2,
            "title": "王鹤棣演唱会赵露思惊喜助阵",
            "original_title": "",
            "source_platform": "腾讯娱乐",
            "source_url": "https://news.qq.com/rain/a/20260118V008NM00",
            "content": "王鹤棣演唱会赵露思惊喜助阵",
            "image": "images/rank2_王鹤棣演唱会_20260118_182955.jpg"
        },
        {
            "rank": 3,
            "title": "吴佩慈准婆婆崔丽杰被逮捕",
            "original_title": "",
            "source_platform": "腾讯娱乐",
            "source_url": "https://news.qq.com/rain/a/20260117A01BMI00",
            "content": "吴佩慈准婆婆崔丽杰被逮捕",
            "image": "images/rank3_吴佩慈准婆婆_20260118_182955.jpg"
        },
        {
            "rank": 4,
            "title": "曝保剑锋曾被黄慧颐用刀捅伤",
            "original_title": "",
            "source_platform": "腾讯娱乐",
            "source_url": "https://news.qq.com/rain/a/20260118V001VW00",
            "content": "曝保剑锋曾被黄慧颐用刀捅伤",
            "image": "images/rank4_曝保剑锋曾被_20260118_182955.jpg"
        },
        {
            "rank": 5,
            "title": "米兰时装周：成龙老了，贾玲瘦出新高度",
            "original_title": "",
            "source_platform": "腾讯娱乐",
            "source_url": "https://news.qq.com/rain/a/20260117A059GE00",
            "content": "米兰时装周：成龙老了，贾玲瘦出新高度",
            "image": "images/rank5_米兰时装周__20260118_182955.jpg"
        },
        {
            "rank": 6,
            "title": "向华强：娱乐圈明星美女看不上眼",
            "original_title": "",
            "source_platform": "腾讯娱乐",
            "source_url": "https://news.qq.com/rain/a/20260118A027PM00",
            "content": "向华强：娱乐圈明星美女看不上眼",
            "image": "images/rank6_向华强_娱乐_20260118_182955.jpg"
        },
        {
            "rank": 7,
            "title": "越剧演员陈丽君、李云霄破格晋升一级演员",
            "original_title": "",
            "source_platform": "腾讯娱乐",
            "source_url": "https://news.qq.com/rain/a/20260117A036PR00",
            "content": "越剧演员陈丽君、李云霄破格晋升一级演员",
            "image": "images/rank7_越剧演员陈丽_20260118_182955.jpg"
        },
        {
            "rank": 8,
            "title": "“火云邪神”梁小龙去世",
            "original_title": "",
            "source_platform": "抖音热榜",
            "source_url": "https://www.douyin.com/hot/2371874",
            "content": "“火云邪神”梁小龙去世",
            "image": "images/rank8__火云邪神__20260118_182955.jpg"
        },
        {
            "rank": 9,
            "title": "男子摆拍女儿50元换茅台被处罚",
            "original_title": "",
            "source_platform": "抖音热榜",
            "source_url": "https://www.douyin.com/hot/2371831",
            "content": "男子摆拍女儿50元换茅台被处罚",
            "image": "images/rank9_男子摆拍女儿_20260118_182955.jpg"
        }
    ],
    "timestamp": "20260118_182955"
}