{
    "news": [
        {
            "rank": 0,
            "title": "格陵兰主权争夺战升级！特朗普关税大棒砸向欧洲盟友？",
            "original_title": "",
            "source_platform": "",
            "source_url": "",
            "content": "",
            "image": ""
        },
        {
            "rank": 1,
            "title": "伊朗最高领袖首次承认抗议致数千人死亡",
            "original_title": "Iran supreme leader acknowledges thousands killed during recent protests",
            "source_platform": "BBC News",
            "source_url": "https://www.bbc.com/news/articles/ckglee733wno",
            "content": "伊朗最高领袖哈梅内伊首次公开承认，近期抗议活动中有数千人丧生，并将责任归咎于美国。",
            "image": "images/rank1_伊朗最高领袖_20260118_061734.jpg"
        },
        {
            "rank": 2,
            "title": "格陵兰与丹麦爆发抗议，反对特朗普收购计划",
            "original_title": "Protests in Greenland and Denmark against Trump plans",
            "source_platform": "BBC News",
            "source_url": "https://www.bbc.com/news/articles/c338rm41y88o",
            "content": "格陵兰和丹麦数千人抗议特朗普收购格陵兰的计划，特朗普威胁对反对其计划的欧洲国家加征关税。",
            "image": "images/rank2_格陵兰与丹麦_20260118_061734.png"
        },
        {
            "rank": 3,
            "title": "加拿大与华达成协议，削减电动汽车关税",
            "original_title": "Canada's deal with China signals it is serious about shift from US",
            "source_platform": "BBC News",
            "source_url": "https://www.bbc.com/news/articles/cm24k6kk1rko",
            "content": "加拿大宣布降低部分中国电动汽车关税，以换取中国降低对加拿大农产品的关税，此举被视为对美政策调整。",
            "image": "images/rank3_加拿大与华达_20260118_061734.jpg"
        },
        {
            "rank": 4,
            "title": "美法官限制ICE对明尼阿波利斯抗议者使用武力",
            "original_title": "US judge restricts ICE response to Minneapolis protesters",
            "source_platform": "BBC News",
            "source_url": "https://www.bbc.com/news/articles/cvgprwlplqwo",
            "content": "美国联邦法官下令限制移民海关执法局对明尼阿波利斯“和平”抗议者使用逮捕和胡椒喷雾等战术。",
            "image": "images/rank4_美法官限制I_20260118_061734.jpg"
        },
        {
            "rank": 5,
            "title": "瑞士酒吧火灾遇难者家属称员工未受安全培训",
            "original_title": "Swiss bar employee who reportedly held sparkler unaware of dangers, family says",
            "source_platform": "BBC News",
            "source_url": "https://www.bbc.com/news/articles/ckgvjnxpp9zo",
            "content": "瑞士酒吧致命火灾中遇难的员工家属称，其未接受安全培训，不知天花板易燃风险。酒吧老板被控过失杀人。",
            "image": "images/rank5_瑞士酒吧火灾_20260118_061734.jpg"
        },
        {
            "rank": 6,
            "title": "特朗普公布加沙“和平委员会”首批成员名单",
            "original_title": "Big names on Trump's peace panel face huge challenges in Gaza",
            "source_platform": "BBC News",
            "source_url": "https://www.bbc.com/news/articles/c07xvv9r422o",
            "content": "白宫公布加沙“和平委员会”首批成员，包括库什纳、布莱尔等，被批缺乏巴勒斯坦代表，面临重建与和平巨大挑战。",
            "image": "images/rank6_特朗普公布加_20260118_061734.jpg"
        },
        {
            "rank": 7,
            "title": "OpenAI将在免费版ChatGPT中测试广告",
            "original_title": "ChatGPT to start showing users ads based on their conversations",
            "source_platform": "CNN",
            "source_url": "https://edition.cnn.com/2026/01/16/tech/chatgpt-ads-openai",
            "content": "OpenAI宣布将在免费版ChatGPT中测试基于对话的广告，并推出低价“Go”订阅层，以增加收入。",
            "image": "images/rank7_OpenAI_20260118_061734.jpg"
        },
        {
            "rank": 8,
            "title": "印尼搜寻载有11人的失踪监视飞机",
            "original_title": "Indonesia searching for missing surveillance plane with 11 on board",
            "source_platform": "CNN",
            "source_url": "https://edition.cnn.com/2026/01/17/asia/indonesia-missing-surveillance-plane-intl",
            "content": "印尼一架载有11人的渔业监视飞机在苏拉威西岛附近失联，救援人员正在展开搜索。",
            "image": "images/rank8_印尼搜寻载有_20260118_061734.jpg"
        },
        {
            "rank": 9,
            "title": "救援视频曝光委内瑞拉反对派领袖海上逃亡",
            "original_title": "Video of Machado’s daring escape from Venezuela released by rescue team",
            "source_platform": "CNN",
            "source_url": "https://edition.cnn.com/2026/01/16/americas/machado-escape-venezuela-video-grey-bull-latam-intl",
            "content": "美国救援团队发布视频，展示其如何协助委内瑞拉反对派领袖马查多从海上逃离该国。",
            "image": "images/rank9_救援视频曝光_20260118_061734.jpg"
        }
    ],
    "timestamp": "20260118_061734"
}