{
    "news": [
        {
            "rank": 0,
            "title": "返程堵哭？",
            "original_title": "",
            "source_platform": "",
            "source_url": "",
            "content": "",
            "image": ""
        },
        {
            "rank": 1,
            "title": "谷爱凌冬奥刷爆纪录",
            "original_title": "",
            "source_platform": "大象新闻",
            "source_url": "https://baijiahao.baidu.com/s?id=1857831740590133089",
            "content": "谷爱凌卫冕自由式滑雪女子U型场地金牌，成冬奥该项目首位卫冕者，生涯6枚冬奥奖牌追平王濛。",
            "image": "images/rank1_谷爱凌冬奥刷_20260223_062035.jpg"
        },
        {
            "rank": 2,
            "title": "6元塑料盆用41年未坏",
            "original_title": "",
            "source_platform": "封面新闻",
            "source_url": "https://baijiahao.baidu.com/s?id=1857840772955118179",
            "content": "网友称1984年买的6元塑料盆成“传家盆”，用了41年仍完好，洗过澡、洗过衣、淘过麦。",
            "image": "images/rank2_6元塑料盆用_20260223_062035.jpg"
        },
        {
            "rank": 3,
            "title": "济南“出逃”鳌鱼被找到",
            "original_title": "",
            "source_platform": "九派新闻",
            "source_url": "https://baijiahao.baidu.com/s?id=1857827244171052199",
            "content": "济南全网关注的“出逃”鳌鱼在章丘一水域被网友发现，主人已赶往现场核实情况。",
            "image": "images/rank3_济南_出逃__20260223_062035.jpg"
        },
        {
            "rank": 4,
            "title": "上海空气重度污染",
            "original_title": "",
            "source_platform": "鲁中晨报",
            "source_url": "https://baijiahao.baidu.com/s?id=1857832237442230159",
            "content": "2月22日上海市实时空气质量指数为250，重度污染，儿童、老年人等应停止户外运动。",
            "image": "images/rank4_上海空气重度_20260223_062035.jpg"
        },
        {
            "rank": 5,
            "title": "韩国二次电池技术被中国反超",
            "original_title": "",
            "source_platform": "环球时报新媒体",
            "source_url": "https://news.qq.com/rain/a/20260222A044IK00",
            "content": "韩媒数据显示，韩国在战略技术领域中唯一保持领先的二次电池技术水平已被中国反超。",
            "image": "images/rank5_韩国二次电池_20260223_062035.jpg"
        },
        {
            "rank": 6,
            "title": "瑞银唱多“中国锂”",
            "original_title": "",
            "source_platform": "每日经济新闻",
            "source_url": "https://news.qq.com/rain/a/20260222A05B1900",
            "content": "瑞银接连发布报告，看好“中国锂”，大幅上调锂辉石、碳酸锂价格预测，称市场进入第三次锂价超级周期。",
            "image": "images/rank6_瑞银唱多_中_20260223_062035.jpg"
        },
        {
            "rank": 7,
            "title": "存储巨头称今年涨价贯穿全年",
            "original_title": "",
            "source_platform": "每日经济新闻",
            "source_url": "https://news.qq.com/rain/a/20260222A044CV00",
            "content": "SK海力士称全球存储器产业已彻底转向卖方市场，2026年价格涨势将贯穿全年，基于AI需求爆发与供应端约束。",
            "image": "images/rank7_存储巨头称今_20260223_062035.jpg"
        },
        {
            "rank": 8,
            "title": "中美AI同步加速更新",
            "original_title": "",
            "source_platform": "量子位",
            "source_url": "https://news.qq.com/rain/a/20260222A055GK00",
            "content": "2026年中美AI节奏几乎同步，硅谷与中国高频技术脉冲平均每2-3天一次，47天30次更新。",
            "image": "images/rank8_中美AI同步_20260223_062035.jpg"
        },
        {
            "rank": 9,
            "title": "一家人春节自驾游7城花8千",
            "original_title": "",
            "source_platform": "浪涨新闻",
            "source_url": "https://www.toutiao.com/video/7609113970485493800/",
            "content": "一家人春节自驾11天游7城仅花费8000元，展示了经济实惠的旅行方式。",
            "image": "images/rank9_一家人春节自_20260223_062035.jpg"
        }
    ],
    "timestamp": "20260223_062035"
}