{
    "news": [
        {
            "rank": 0,
            "title": "风暴、冲突与变革：全球格局下的多棱镜",
            "content": ""
        },
        {
            "rank": 1,
            "title": "美国对叙利亚境内IS目标发动大规模空袭",
            "source_platform": "BBC News",
            "source_url": "https://www.bbc.com/news/articles/cly9597r4qpo",
            "content": "美军对叙利亚境内伊斯兰国目标发动大规模空袭，以报复此前该组织对美军的致命袭击。",
            "image": "images/rank1_美国对叙_20260110_221739.png"
        },
        {
            "rank": 2,
            "title": "伊朗抗议持续，医院不堪重负",
            "source_platform": "BBC News",
            "source_url": "https://www.bbc.com/news/articles/cj9rengvnp9o",
            "content": "伊朗反政府抗议持续，医院医护人员称收治大量死伤者，医疗系统面临巨大压力。",
            "image": "images/rank2_伊朗抗议_20260110_221739.jpg"
        },
        {
            "rank": 3,
            "title": "首版超人漫画拍出1500万美元天价",
            "source_platform": "BBC News",
            "source_url": "https://www.bbc.com/news/articles/cly95lpwl1ro",
            "content": "1938年首版《动作漫画》以1500万美元高价售出，该漫画曾从演员尼古拉斯·凯奇家中被盗。",
            "image": "images/rank3_首版超人_20260110_221739.jpg"
        },
        {
            "rank": 4,
            "title": "加州持续遭遇风暴洪水威胁",
            "source_platform": "CNN",
            "source_url": "https://edition.cnn.com/2025/12/31/weather/california-storms-rain-flooding-new-years-rose-parade-climate-hnk",
            "content": "美国加州持续遭遇风暴袭击，洪水威胁预计将持续至下周，多地面临严重灾害风险。",
            "image": "images/rank4_加州持续_20260110_221739.png"
        },
        {
            "rank": 5,
            "title": "卫冕冠军水晶宫在足总杯爆冷出局",
            "source_platform": "CNN",
            "source_url": "https://edition.cnn.com/2026/01/10/sport/fa-cup-holders-palace-knocked-out-macclesfield",
            "content": "英格兰足总杯爆出大冷门，卫冕冠军水晶宫被非联赛球队麦克尔斯菲尔德淘汰出局。",
            "image": "images/rank5_卫冕冠军_20260110_221739.jpg"
        },
        {
            "rank": 6,
            "title": "CES展会AI热潮不减，泡沫担忧暂未显现",
            "source_platform": "CNN",
            "source_url": "https://edition.cnn.com/2026/01/10/tech/ces-ai-tech-las-vegas",
            "content": "全球最大科技展会CES上，人工智能仍是绝对焦点，市场对AI泡沫的担忧并未在展会中体现。",
            "image": "images/rank6_CES展_20260110_221739.jpg"
        },
        {
            "rank": 7,
            "title": "乌克兰无人机袭击致俄罗斯油库起火",
            "source_platform": "Sky News",
            "source_url": "https://news.sky.com/story/russian-oil-depot-fire-after-ukrainian-drone-strike-as-un-to-meet-over-hypersonic-missile-attack-13492804",
            "content": "乌克兰无人机袭击俄罗斯伏尔加格勒地区一油库引发火灾，该油库据称为俄军供应燃料。",
            "image": "images/rank7_乌克兰无_20260110_221739.jpg"
        },
        {
            "rank": 8,
            "title": "英国天气转暖，部分地区气温将超马德里",
            "source_platform": "Sky News",
            "source_url": "https://news.sky.com/story/uk-weather-end-of-cold-spell-in-sight-as-parts-of-country-expected-to-have-milder-temperatures-than-madrid-13492893",
            "content": "英国寒冷天气即将结束，预计部分地区周末气温将升至两位数，甚至高于西班牙马德里。",
            "image": "images/rank8_英国天气_20260110_221739.jpg"
        },
        {
            "rank": 9,
            "title": "教皇谴责各国以武力扩张势力范围",
            "source_platform": "Sky News",
            "source_url": "https://news.sky.com/story/pope-leo-criticises-how-countries-are-using-force-to-assert-their-dominion-amid-zeal-for-war-13492454",
            "content": "教皇利奥十四世谴责“战争狂热”蔓延，批评一些国家正使用武力来扩张其势力范围。",
            "image": "images/rank9_教皇谴责_20260110_221739.jpg"
        }
    ],
    "timestamp": "20260110_221739"
}