{
    "news": [
        {
            "rank": 0,
            "title": "15后整顿亲戚？",
            "original_title": "",
            "source_platform": "",
            "source_url": "",
            "content": "",
            "image": ""
        },
        {
            "rank": 1,
            "title": "女孩27年后与照片陌生人重逢",
            "original_title": "",
            "source_platform": "封面新闻",
            "source_url": "https://baijiahao.baidu.com/s?id=1858181530118360396",
            "content": "山西女孩时隔27年，在同一地点与旧照片中的陌生人意外重逢，故事引发网络热议。",
            "image": "images/rank1_女孩27年后_20260226_185600.jpg"
        },
        {
            "rank": 2,
            "title": "春节年轻人疯抢“拼豆”",
            "original_title": "",
            "source_platform": "潮新闻客户端",
            "source_url": "https://baijiahao.baidu.com/s?id=1858142007138768645",
            "content": "春节期间，一种名为拼豆的手工活动在年轻人中爆火，通过彩色塑料颗粒拼贴制作装饰品。",
            "image": "images/rank2_春节年轻人疯_20260226_185600.jpg"
        },
        {
            "rank": 3,
            "title": "中国音乐家纽约换胎被撞身亡",
            "original_title": "",
            "source_platform": "红星新闻",
            "source_url": "https://baijiahao.baidu.com/s?id=1858156948416590044",
            "content": "中国音乐指挥李梳曈在美国路边换轮胎时，被超速汽车撞倒，经抢救无效去世。",
            "image": "images/rank3_中国音乐家纽_20260226_185600.jpg"
        },
        {
            "rank": 4,
            "title": "上海楼市开年松绑“沪七条”",
            "original_title": "",
            "source_platform": "腾讯财经",
            "source_url": "https://news.qq.com/rain/a/20260225A057WW00",
            "content": "上海发布楼市新政“沪七条”，调减限购条件、公积金贷款提额及房产税减负，优化购房门槛。",
            "image": "images/rank4_上海楼市开年_20260226_185600.jpg"
        },
        {
            "rank": 5,
            "title": "人民币汇率创34个月新高",
            "original_title": "",
            "source_platform": "21世纪经济报道",
            "source_url": "https://news.qq.com/rain/a/20260225A05RCM00",
            "content": "2月25日，在岸、离岸人民币兑美元汇率双双升破6.87，创下34个月以来的新高。",
            "image": "images/rank5_人民币汇率创_20260226_185600.jpg"
        },
        {
            "rank": 6,
            "title": "三亚毁约民宿被罚35万吊销执照",
            "original_title": "",
            "source_platform": "南方+客户端",
            "source_url": "https://www.toutiao.com/video/7611053688106254371/",
            "content": "三亚一家民宿因毁约行为，被处以35万元罚款并吊销营业执照，市场监管部门从严处理。",
            "image": "images/rank6_三亚毁约民宿_20260226_185600.jpg"
        },
        {
            "rank": 7,
            "title": "默茨访华参访宇树科技",
            "original_title": "",
            "source_platform": "央视新闻",
            "source_url": "https://www.toutiao.com/article/7611118696865612328/",
            "content": "德国总理默茨访华期间参访中国机器人企业宇树科技，观看机器人拳击、舞蹈等表演。",
            "image": "images/rank7_默茨访华参访_20260226_185600.jpg"
        },
        {
            "rank": 8,
            "title": "我国锂电池核心技术获突破",
            "original_title": "",
            "source_platform": "科工洞洞拐",
            "source_url": "https://www.toutiao.com/article/7611069902941700646/",
            "content": "科研团队通过改进电解液，研发出能量密度达700Wh/kg的电池，且具备优异耐低温性能。",
            "image": "images/rank8_我国锂电池核_20260226_185600.jpg"
        },
        {
            "rank": 9,
            "title": "男孩用压岁钱给妈妈买金戒指",
            "original_title": "",
            "source_platform": "黄河新闻网吕梁",
            "source_url": "https://www.toutiao.com/w/1858124034482188/",
            "content": "浙江桐乡9岁男孩用3000元压岁钱为妈妈购买足金戒指和足银手镯，表达感恩之情。",
            "image": "images/rank9_男孩用压岁钱_20260226_185600.jpg"
        }
    ],
    "timestamp": "20260226_185600"
}