{
    "news": [
        {
            "rank": 0,
            "title": "突发！校园血案震惊全球",
            "original_title": "",
            "source_platform": "",
            "source_url": "",
            "content": "",
            "image": ""
        },
        {
            "rank": 1,
            "title": "加拿大校园枪击致九死二十五伤",
            "original_title": "Tumbler Ridge mass shooting: What we know so far",
            "source_platform": "BBC News",
            "source_url": "https://www.bbc.com/news/articles/c1e98w35qyjo",
            "content": "加拿大不列颠哥伦比亚省一偏远社区发生校园枪击案，造成九人死亡，二十五人受伤，枪手已身亡。",
            "image": "images/rank1_加拿大校园枪_20260211_185827.jpg"
        },
        {
            "rank": 2,
            "title": "奥斯卡提名者齐聚年度午宴",
            "original_title": "12 things we spotted in the Oscars class photo",
            "source_platform": "BBC News",
            "source_url": "https://www.bbc.com/news/articles/cgl5k6ygk57o",
            "content": "好莱坞明星齐聚奥斯卡提名者午宴并拍摄年度“班级合影”，提莫西·查拉梅、艾玛·斯通等大咖悉数到场。",
            "image": "images/rank2_奥斯卡提名者_20260211_185827.jpg"
        },
        {
            "rank": 3,
            "title": "英女在美被父枪杀，疑因特朗普争论",
            "original_title": "Dad shot daughter after 'arguing about Donald Trump'",
            "source_platform": "BBC News",
            "source_url": "https://www.bbc.com/news/articles/cwyk917xy8no",
            "content": "一名英国女子在美国探亲时被父亲枪杀，据称事发前父女曾就特朗普相关话题发生激烈争吵。",
            "image": "images/rank3_英女在美被父_20260211_185827.jpg"
        },
        {
            "rank": 4,
            "title": "美商务部长承认曾到访爱泼斯坦岛",
            "original_title": "Under-fire Trump commerce secretary confirms he visited Epstein's island",
            "source_platform": "BBC News",
            "source_url": "https://www.bbc.com/news/articles/cwyx9vq0ne0o",
            "content": "美国商务部长霍华德·卢特尼克在国会听证会上承认，他曾在2012年携家人到访杰弗里·爱泼斯坦的私人岛屿。",
            "image": "images/rank4_美商务部长承_20260211_185827.jpg"
        },
        {
            "rank": 5,
            "title": "布里斯班公布23亿澳元奥运主场馆设计",
            "original_title": "Plans for $2.3 billion stadium ignite debate in 2032 Olympics host city",
            "source_platform": "CNN",
            "source_url": "https://edition.cnn.com/2026/01/07/style/australia-brisbane-olympic-stadium-victoria-park-hnk-intl",
            "content": "澳大利亚布里斯班公布2032年奥运会主场馆设计方案，耗资23亿澳元，灵感源自当地特色民居，引发争议。",
            "image": "images/rank5_布里斯班公布_20260211_185827.jpg"
        },
        {
            "rank": 6,
            "title": "K-pop明星带火澳洲悬崖景点引危机",
            "original_title": "A K-pop star, a cliff edge and 2,000 daily visitors: How one Australian beauty spot spiraled into crisis",
            "source_platform": "CNN",
            "source_url": "https://edition.cnn.com/2026/02/11/travel/lincolns-rock-blue-mountains-sydney-overtourism-intl-hnk",
            "content": "韩国女团BLACKPINK成员Jennie一张悬崖照，导致澳大利亚林肯岩游客激增，引发安全与环境担忧。",
            "image": "images/rank6_K-pop明_20260211_185827.jpg"
        },
        {
            "rank": 7,
            "title": "说唱歌手Snoop Dogg出任冬奥教练",
            "original_title": "Coach Snoop is having a blast at the Olympics",
            "source_platform": "CNN",
            "source_url": "https://edition.cnn.com/2026/02/11/style/milan-cortina-winter-olympics-snoop-dogg",
            "content": "美国说唱歌手Snoop Dogg以教练身份亮相米兰-科尔蒂纳冬奥会，其时尚造型引发关注。",
            "image": "images/rank7_说唱歌手Sn_20260211_185827.jpg"
        },
        {
            "rank": 8,
            "title": "乌克兰运动员坚持佩戴阵亡战友头盔",
            "original_title": "Ukrainian Olympian tells CNN he will continue honoring athletes killed in war: ‘Some things are more important than sports’",
            "source_platform": "CNN",
            "source_url": "https://edition.cnn.com/2026/02/10/sport/heraskevych-ukraine-helmet-olympics-ban",
            "content": "乌克兰钢架雪车运动员表示，将不顾国际奥委会规定，继续佩戴印有阵亡战友图像的头盔参赛。",
            "image": "images/rank8_乌克兰运动员_20260211_185827.jpg"
        },
        {
            "rank": 9,
            "title": "北约拟加强北极军事存在应对俄罗斯",
            "original_title": "NATO Is Expected to Step Up Arctic Security. Here’s Why.",
            "source_platform": "New York Times",
            "source_url": "https://www.nytimes.com/2026/02/11/world/europe/nato-arctic-russia-military.html",
            "content": "北约预计将宣布加强在北极地区的军事存在，以应对俄罗斯在该地区日益频繁的军事活动。",
            "image": "images/rank9_北约拟加强北_20260211_185827.jpg"
        }
    ],
    "timestamp": "20260211_185827"
}