{
    "news": [
        {
            "rank": 0,
            "title": "风暴之眼：地缘博弈、科技浪潮与人间烟火",
            "content": ""
        },
        {
            "rank": 1,
            "title": "特朗普促美油企加速开发委内瑞拉石油",
            "source_platform": "BBC News",
            "source_url": "https://www.bbc.com/news/articles/c205dx61x76o",
            "content": "美国总统特朗普敦促能源公司投资委内瑞拉石油业，但企业高管认为该国目前投资环境恶劣，未做出重大财务承诺。",
            "image": "images/rank1_特朗普促_20260110_162006.jpg"
        },
        {
            "rank": 2,
            "title": "瑞士滑雪胜地酒吧火灾引发治理反思",
            "source_platform": "BBC News",
            "source_url": "https://www.bbc.com/news/articles/cpwnd22lj54o",
            "content": "瑞士克朗-蒙大拿酒吧火灾致40名年轻人遇难，事件引发民众对该国高度分权治理体系有效性的深刻质疑与反思。",
            "image": "images/rank2_瑞士滑雪_20260110_162006.jpg"
        },
        {
            "rank": 3,
            "title": "澳大利亚青少年社交媒体禁令满月观察",
            "source_platform": "BBC News",
            "source_url": "https://www.bbc.com/news/articles/c0mpmgn3jv2o",
            "content": "澳大利亚实施青少年社媒禁令一个月，有青少年表示已摆脱手机依赖，日常生活习惯发生积极改变。",
            "image": "images/rank3_澳大利亚_20260110_162006.jpg"
        },
        {
            "rank": 4,
            "title": "乌克兰战争深刻改变民众婚恋与生育观",
            "source_platform": "BBC News",
            "source_url": "https://www.bbc.com/news/articles/c9qp4wyzvlzo",
            "content": "持续四年的战争迫使乌克兰人重新思考婚恋与生育，导致该国结婚率和出生率双双下降，人口结构面临长期挑战。",
            "image": "images/rank4_乌克兰战_20260110_162006.jpg"
        },
        {
            "rank": 5,
            "title": "奢侈品零售商Saks陷入库存危机",
            "source_platform": "BBC News",
            "source_url": "https://www.bbc.com/news/articles/czdq1z73pv9o",
            "content": "美国标志性奢侈品百货Saks Fifth Avenue出现大面积商品缺货，暴露出其供应链或财务存在严重问题。",
            "image": "images/rank5_奢侈品零_20260110_162006.jpg"
        },
        {
            "rank": 6,
            "title": "非联赛球队爆冷淘汰足总杯卫冕冠军",
            "source_platform": "Sky News",
            "source_url": "https://news.sky.com/story/non-league-macclesfield-knock-holders-crystal-palace-out-of-fa-cup-13492768",
            "content": "英格兰足总杯第三轮，非联赛球队麦克尔斯菲尔德以2-1爆冷淘汰卫冕冠军水晶宫，创下赛事历史最大冷门之一。",
            "image": "images/rank6_非联赛球_20260110_162006.jpg"
        },
        {
            "rank": 7,
            "title": "英国风暴致树木倒塌 一人身亡",
            "source_platform": "Sky News",
            "source_url": "https://news.sky.com/story/man-dies-after-tree-falls-on-to-caravan-during-storm-goretti-13492686",
            "content": "风暴“戈雷蒂”袭击英国期间，一棵大树倒塌压毁一辆房车，导致车内一名50余岁男子不幸身亡。",
            "image": "images/rank7_英国风暴_20260110_162006.jpg"
        },
        {
            "rank": 8,
            "title": "美国就业市场增长放缓 显露疲态",
            "source_platform": "New York Times",
            "source_url": "https://www.nytimes.com/2026/01/05/business/economy/business-economy-jobs-report-december.html",
            "content": "美国2025年12月新增就业5万个，失业率降至4.4%，但全年招聘速度为五年来最弱，劳动力市场显露疲软迹象。",
            "image": "images/rank8_美国就业_20260110_162006.png"
        },
        {
            "rank": 9,
            "title": "俄军使用新型高超音速导弹袭击乌克兰",
            "source_platform": "Sky News",
            "source_url": "https://news.sky.com/story/russias-use-of-hypersonic-missile-brings-fresh-threat-to-europe-and-nato-13492571",
            "content": "俄罗斯使用新型“奥列什尼克”高超音速导弹袭击乌克兰利沃夫，其5500公里射程对欧洲及北约构成新的战略威胁。",
            "image": "images/rank9_俄军使用_20260110_162006.jpg"
        }
    ],
    "timestamp": "20260110_162006"
}