{
    "news": [
        {
            "rank": 0,
            "title": "AI月入百万？",
            "original_title": "",
            "source_platform": "",
            "source_url": "",
            "content": "",
            "image": ""
        },
        {
            "rank": 1,
            "title": "小伙5个月用AI做120多个App",
            "original_title": "",
            "source_platform": "大象新闻",
            "source_url": "https://www.toutiao.com/video/7606300663810949154/",
            "content": "一名年轻人在短短5个月内，利用人工智能技术开发了超过120个应用程序，展现了AI在应用开发领域的巨大潜力。",
            "image": "images/rank1_小伙5个月用_20260214_062932.jpg"
        },
        {
            "rank": 2,
            "title": "美团预期2025年亏损超230亿",
            "original_title": "",
            "source_platform": "第一财经",
            "source_url": "https://baijiahao.baidu.com/s?id=1857012089380360211",
            "content": "美团发布公告，预计2025年度将录得约233亿至243亿元的亏损，主要因核心本地商业分部由盈转亏。",
            "image": "images/rank2_美团预期20_20260214_062932.jpg"
        },
        {
            "rank": 3,
            "title": "重庆江心岛近600年佛像露出水面",
            "original_title": "",
            "source_platform": "华龙网",
            "source_url": "https://baijiahao.baidu.com/s?id=1856897368088159212",
            "content": "重庆长江江心一座沉睡了近600年的摩崖佛像，因水位下降而重见天日，当地人称之为“佛爷梁”。",
            "image": "images/rank3_重庆江心岛近_20260214_062932.jpg"
        },
        {
            "rank": 4,
            "title": "21岁孙子97岁奶奶都觉得对方很好带",
            "original_title": "",
            "source_platform": "大象新闻",
            "source_url": "https://baijiahao.baidu.com/s?id=1857027098533489171",
            "content": "浙江宁波一名21岁孙子寒假“打工”照顾97岁奶奶，每天封顶50元，祖孙两人都觉得对方很好带。",
            "image": "images/rank4_21岁孙子9_20260214_062932.jpg"
        },
        {
            "rank": 5,
            "title": "谷爱凌跨界加入硅谷顶级风投机构",
            "original_title": "",
            "source_platform": "念洲",
            "source_url": "https://news.qq.com/rain/a/20260213A06L6800",
            "content": "冬奥冠军谷爱凌被曝将加入硅谷顶级风投机构Benchmark，担任资深投资经理，引发全球关注。",
            "image": "images/rank5_谷爱凌跨界加_20260214_062932.jpg"
        },
        {
            "rank": 6,
            "title": "男子常吃坚果血脂超标10多倍",
            "original_title": "",
            "source_platform": "人民日报健康客户端",
            "source_url": "https://www.toutiao.com/article/7605955665349181971/",
            "content": "湖南长沙一男子因每天食用坚果，导致甘油三酯飙升至正常值的10多倍，提醒坚果虽好但需适量。",
            "image": "images/rank6_男子常吃坚果_20260214_062932.jpg"
        },
        {
            "rank": 7,
            "title": "老婆摔碎2400元茅台 老公一脸淡定",
            "original_title": "",
            "source_platform": "闪电新闻",
            "source_url": "https://www.toutiao.com/video/7606189246054924294/",
            "content": "妻子不慎摔碎一瓶价值2400元的茅台酒，丈夫面对此景却表现得异常淡定，引发网友热议。",
            "image": "images/rank7_老婆摔碎24_20260214_062932.jpg"
        },
        {
            "rank": 8,
            "title": "恒基地产主席李家诚控告女星周秀娜",
            "original_title": "",
            "source_platform": "每日经济新闻",
            "source_url": "https://news.qq.com/rain/a/20260213A06MS800",
            "content": "香港富豪李家诚以个人名义向艺人周秀娜及多个社交媒体频道提告，指控其诽谤及骚扰。",
            "image": "images/rank8_恒基地产主席_20260214_062932.jpg"
        },
        {
            "rank": 9,
            "title": "“流动中国”背后的硬实力",
            "original_title": "",
            "source_platform": "央视新闻",
            "source_url": "https://www.toutiao.com/article/7606243319428940297/",
            "content": "2026年春运预计全社会跨区域人员流动量达95亿人次，多条高铁新线开通，展现中国交通网络的强大实力。",
            "image": "images/rank9__流动中国__20260214_062932.jpg"
        }
    ],
    "timestamp": "20260214_062932"
}