{
    "news": [
        {
            "rank": 0,
            "title": "春节假期竟有这些反转？",
            "original_title": "",
            "source_platform": "",
            "source_url": "",
            "content": "",
            "image": ""
        },
        {
            "rank": 1,
            "title": "特斯拉新车无方向盘踏板",
            "original_title": "",
            "source_platform": "大河报",
            "source_url": "https://baijiahao.baidu.com/s?id=1857626640059212701",
            "content": "特斯拉首辆赛博无人驾驶电动车正式下线，专为无人驾驶出租车设计，无方向盘、踏板和后视镜。",
            "image": "images/rank1_特斯拉新车无_20260221_062223.jpg"
        },
        {
            "rank": 2,
            "title": "返乡年轻人挤爆县城酒店",
            "original_title": "",
            "source_platform": "九派新闻",
            "source_url": "https://baijiahao.baidu.com/s?id=1857638247908034106",
            "content": "春节期间，非热门旅行城市或县城酒店迎来营收高峰，客群主要为本地返乡年轻人选择在酒店过年。",
            "image": "images/rank2_返乡年轻人挤_20260221_062223.jpg"
        },
        {
            "rank": 3,
            "title": "火锅店4天赚33.9万全给员工",
            "original_title": "",
            "source_platform": "潮新闻",
            "source_url": "https://www.toutiao.com/video/7608898819309436979/",
            "content": "一家火锅店在春节4天内赚取33.9万元，老板决定将全部利润分给员工作为奖励。",
            "image": "images/rank3_火锅店4天赚_20260221_062223.jpg"
        },
        {
            "rank": 4,
            "title": "沈腾稳坐票房最高男主演",
            "original_title": "",
            "source_platform": "生活帮",
            "source_url": "https://www.toutiao.com/article/7608773789760930350/",
            "content": "随着《飞驰人生3》热映，沈腾主演电影累计票房达385.83亿元，稳坐国内男演员票房榜首。",
            "image": "images/rank4_沈腾稳坐票房_20260221_062223.jpg"
        },
        {
            "rank": 5,
            "title": "全能型强冷空气来袭",
            "original_title": "",
            "source_platform": "中国天气",
            "source_url": "https://baijiahao.baidu.com/s?id=1857639892550225818",
            "content": "新一股全能型强冷空气将导致气温大跳水、北方极端大风、今年最强沙尘天气及多地大到暴雪。",
            "image": "images/rank5_全能型强冷空_20260221_062223.jpg"
        },
        {
            "rank": 6,
            "title": "机关大院敞开大门迎游客",
            "original_title": "",
            "source_platform": "政知见",
            "source_url": "https://news.qq.com/rain/a/20260220A05W3Z00",
            "content": "春节期间，多地机关大院敞开大门，免费开放停车位和卫生间，解决游客停车难题。",
            "image": "images/rank6_机关大院敞开_20260221_062223.jpg"
        },
        {
            "rank": 7,
            "title": "小镇相亲会女村支书一见钟情",
            "original_title": "",
            "source_platform": "潇湘晨报·晨视频",
            "source_url": "https://www.toutiao.com/video/7608869461911928895/",
            "content": "小镇相亲会上，一位女村支书与一位小伙一见钟情，现场气氛温馨浪漫。",
            "image": "images/rank7_小镇相亲会女_20260221_062223.jpg"
        },
        {
            "rank": 8,
            "title": "私募Q4集体加仓拼多多",
            "original_title": "",
            "source_platform": "财联社",
            "source_url": "https://news.qq.com/rain/a/20260220A0511G00",
            "content": "中国顶流私募Q4调仓大转向，集体加仓拼多多，AI投资重心也悄然转变。",
            "image": "images/rank8_私募Q4集体_20260221_062223.jpg"
        },
        {
            "rank": 9,
            "title": "火箭解体致大气锂浓度飙升",
            "original_title": "",
            "source_platform": "新华社新闻",
            "source_url": "https://news.qq.com/rain/a/20260220A047RY00",
            "content": "研究显示，“猎鹰9”火箭解体致高空大气锂原子浓度飙升10倍，为首次实测太空垃圾影响。",
            "image": "images/rank9_火箭解体致大_20260221_062223.jpg"
        }
    ],
    "timestamp": "20260221_062223"
}