{
    "news": [
        {
            "rank": 0,
            "title": "美以联手，伊朗遭袭！",
            "original_title": "",
            "source_platform": "",
            "source_url": "",
            "content": "",
            "image": ""
        },
        {
            "rank": 1,
            "title": "美以联合对伊朗发动大规模军事打击",
            "original_title": "What we know about the joint US-Israel attack on Iran",
            "source_platform": "BBC News",
            "source_url": "https://www.bbc.com/news/articles/cx2dyz6p3weo",
            "content": "美国与以色列联合对伊朗发动军事打击，特朗普宣布“大规模作战行动”开始，呼吁伊朗政府军放下武器。",
            "image": "images/rank1_美以联合对伊_20260228_183212.jpg"
        },
        {
            "rank": 2,
            "title": "安德鲁王子与爱泼斯坦的隐秘中间人",
            "original_title": "The third man who links Andrew with Jeffrey Epstein",
            "source_platform": "BBC News",
            "source_url": "https://www.bbc.com/news/articles/c98gne0z0rxo",
            "content": "德国商人戴维·斯特恩被揭露是安德鲁王子与已故性犯罪者爱泼斯坦之间的关键联系人，协助处理财务并建立商业联系。",
            "image": "images/rank2_安德鲁王子与_20260228_183212.jpg"
        },
        {
            "rank": 3,
            "title": "加拿大总理访印修复关系，聚焦贸易",
            "original_title": "A 'delicate' balance for Canada and a 'win-win' for Modi as Carney visits India",
            "source_platform": "BBC News",
            "source_url": "https://www.bbc.com/news/articles/c1l7q871gnro",
            "content": "加拿大总理卡尼访问印度，旨在修复因锡克教分离主义者遇害指控而破裂的双边关系，重点推动贸易协议以降低对美依赖。",
            "image": "images/rank3_加拿大总理访_20260228_183212.jpg"
        },
        {
            "rank": 4,
            "title": "克林顿就爱泼斯坦案作证，否认知情",
            "original_title": "Bill Clinton asked about hot tub photo and testifies he knew 'nothing' of Epstein crimes",
            "source_platform": "BBC News",
            "source_url": "https://www.bbc.com/news/articles/cvg345qvld5o",
            "content": "美国前总统比尔·克林顿向国会委员会作证，称对爱泼斯坦的罪行“一无所知”，并回答了关于一张热水浴缸照片的提问。",
            "image": "images/rank4_克林顿就爱泼_20260228_183212.jpg"
        },
        {
            "rank": 5,
            "title": "特朗普下令联邦机构停用Anthropic的AI技术",
            "original_title": "Trump orders government to stop using Anthropic in battle over AI use",
            "source_platform": "BBC News",
            "source_url": "https://www.bbc.com/news/articles/cn48jj3y8ezo",
            "content": "美国总统特朗普下令所有联邦机构立即停止使用AI公司Anthropic的技术，起因是该公司拒绝向军方提供无限制访问权限。",
            "image": "images/rank5_特朗普下令联_20260228_183212.jpg"
        },
        {
            "rank": 6,
            "title": "美国传奇歌手尼尔·西达卡逝世，享年86岁",
            "original_title": "Neil Sedaka, singer of Breaking Up Is Hard To Do, dies at 86",
            "source_platform": "BBC News",
            "source_url": "https://www.bbc.com/news/articles/c5yrdr5d43yo",
            "content": "创作并演唱了《分手太难》等经典歌曲的美国传奇歌手兼词曲作家尼尔·西达卡去世，享年86岁。",
            "image": "images/rank6_美国传奇歌手_20260228_183212.jpg"
        },
        {
            "rank": 7,
            "title": "玻利维亚军机坠毁致15死，载有未发行纸币",
            "original_title": "At least 15 killed after military plane carrying banknotes crashes in Bolivia",
            "source_platform": "BBC News",
            "source_url": "https://www.bbc.com/news/articles/c0rjpxxpp49o",
            "content": "玻利维亚一架载有未发行纸币的军用运输机在埃尔阿尔托市坠毁，造成至少15人死亡，现场发生民众哄抢纸币事件。",
            "image": "images/rank7_玻利维亚军机_20260228_183212.jpg"
        },
        {
            "rank": 8,
            "title": "失明难民被美移民局释放后冻死街头",
            "original_title": "Blind refugee found dead in New York after being released by immigration authorities",
            "source_platform": "BBC News",
            "source_url": "https://www.bbc.com/news/articles/cq57j559eq4o",
            "content": "一名来自缅甸的失明、不会英语的难民被美国海关和边境保护局释放后，在纽约州布法罗市被冻死，引发调查呼吁。",
            "image": "images/rank8_失明难民被美_20260228_183212.jpg"
        },
        {
            "rank": 9,
            "title": "墨西哥头号毒枭“门乔”的崛起与覆灭",
            "original_title": "The Bloody Rise and Fall of Mexico’s Top Crime Boss",
            "source_platform": "New York Times",
            "source_url": "https://www.nytimes.com/2026/02/28/world/americas/mexico-mencho-career-death.html",
            "content": "墨西哥头号毒枭“门乔”通过严格纪律建立庞大犯罪帝国，最终被击毙，其生平揭示了该国毒品战争的残酷现实。",
            "image": "images/rank9_墨西哥头号毒_20260228_183212.jpg"
        }
    ],
    "timestamp": "20260228_183212"
}