{
    "news": [
        {
            "rank": 0,
            "title": "【轰动】风波再起！众明星卷入，谁能独善其身？",
            "original_title": "",
            "source_platform": "",
            "source_url": "",
            "content": "",
            "image": ""
        },
        {
            "rank": 1,
            "title": "杨丽萍新舞《万马奔腾》震撼，野性十足",
            "original_title": "",
            "source_platform": "腾讯娱乐",
            "source_url": "https://news.qq.com/rain/a/20260214V06MDK00",
            "content": "杨丽萍新舞《万马奔腾》震撼，野性十足",
            "image": "images/rank1_杨丽萍新舞__20260215_062009.jpg"
        },
        {
            "rank": 2,
            "title": "2026地方春晚“有东西”",
            "original_title": "",
            "source_platform": "腾讯娱乐",
            "source_url": "https://news.qq.com/rain/a/20260214V04E5U00",
            "content": "2026地方春晚“有东西”",
            "image": "images/rank2_2026地方_20260215_062009.jpg"
        },
        {
            "rank": 3,
            "title": "张艺谋再战春节档：从工人到一代国师",
            "original_title": "",
            "source_platform": "腾讯娱乐",
            "source_url": "https://news.qq.com/rain/a/20260214V02BDY00",
            "content": "张艺谋再战春节档：从工人到一代国师",
            "image": "images/rank3_张艺谋再战春_20260215_062009.jpg"
        },
        {
            "rank": 4,
            "title": "《喜欢上欠欠的你》情人节档期票房冠军",
            "original_title": "",
            "source_platform": "腾讯娱乐",
            "source_url": "https://news.qq.com/rain/a/20260214A01YL300",
            "content": "《喜欢上欠欠的你》情人节档期票房冠军",
            "image": "images/rank4__喜欢上欠欠_20260215_062009.jpg"
        },
        {
            "rank": 5,
            "title": "58岁李克勤深圳春晚压轴开唱",
            "original_title": "",
            "source_platform": "腾讯娱乐",
            "source_url": "https://news.qq.com/rain/a/20260214V066E500",
            "content": "58岁李克勤深圳春晚压轴开唱",
            "image": "images/rank5_58岁李克勤_20260215_062009.jpg"
        },
        {
            "rank": 6,
            "title": "谷爱凌第2名晋级大跳台决赛",
            "original_title": "",
            "source_platform": "抖音热榜",
            "source_url": "https://www.douyin.com/hot/2401248",
            "content": "谷爱凌第2名晋级大跳台决赛",
            "image": "images/rank6_谷爱凌第2名_20260215_062009.jpg"
        },
        {
            "rank": 7,
            "title": "抖音ACG拜年晚会",
            "original_title": "",
            "source_platform": "抖音热榜",
            "source_url": "https://www.douyin.com/hot/2400555",
            "content": "抖音ACG拜年晚会",
            "image": "images/rank7_抖音ACG拜_20260215_062009.jpg"
        },
        {
            "rank": 8,
            "title": "马年用混剪精选年味名场面",
            "original_title": "",
            "source_platform": "抖音热榜",
            "source_url": "https://www.douyin.com/hot/2400691",
            "content": "马年用混剪精选年味名场面",
            "image": "images/rank8_马年用混剪精_20260215_062009.jpg"
        },
        {
            "rank": 9,
            "title": "《崩坏：星穹铁道》爻光角色PV——「万事如意」",
            "original_title": "",
            "source_platform": "崩坏星穹铁道",
            "source_url": "https://www.bilibili.com/video/BV1mKcxzMERi",
            "content": "《崩坏：星穹铁道》爻光角色PV——「万事如意」",
            "image": "images/rank9__崩坏_星穹_20260215_062009.jpg"
        }
    ],
    "timestamp": "20260215_062009"
}