{
    "news": [
        {
            "rank": 0,
            "title": "爱泼斯坦文件再炸锅！",
            "original_title": "",
            "source_platform": "",
            "source_url": "",
            "content": "",
            "image": ""
        },
        {
            "rank": 1,
            "title": "梅拉尼娅纪录片导演现身爱泼斯坦文件亲密照",
            "original_title": "Melania director Brett Ratner pictured cuddling woman in Epstein files",
            "source_platform": "BBC News",
            "source_url": "https://www.bbc.com/news/articles/c0mk3v2k3r0o",
            "content": "美国第一夫人梅拉尼娅·特朗普新纪录片的导演布雷特·拉特纳，出现在最新公布的爱泼斯坦文件中，照片显示他与一名年轻女子拥抱。",
            "image": "images/rank1_梅拉尼娅纪录_20260202_062051.jpg"
        },
        {
            "rank": 2,
            "title": "五岁男童与父亲被ICE拘留后获释返家",
            "original_title": "Boy, 5, and father detained by ICE return to Minnesota after release",
            "source_platform": "BBC News",
            "source_url": "https://www.bbc.com/news/articles/cwynzw7jd4go",
            "content": "美国一名五岁男童及其父亲在明尼苏达州被移民与海关执法局拘留后，经法官紧急命令获释，现已返回家中。",
            "image": "images/rank2_五岁男童与父_20260202_062051.jpg"
        },
        {
            "rank": 3,
            "title": "尼日利亚歌手遭蛇咬后不幸身亡",
            "original_title": "Aspiring Nigerian singer dies after being bitten by a snake",
            "source_platform": "BBC News",
            "source_url": "https://www.bbc.com/news/articles/c77k0nlvx3yo",
            "content": "尼日利亚一名曾参加《好声音》节目的26岁女歌手在首都阿布贾被蛇咬伤，因医院缺少特定抗蛇毒血清，最终不治身亡。",
            "image": "images/rank3_尼日利亚歌手_20260202_062051.jpg"
        },
        {
            "rank": 4,
            "title": "洛杉矶奥组委主席为与麦克斯韦调情邮件致歉",
            "original_title": "LA 2028 Olympics chief 'deeply regrets' flirty emails with Ghislaine Maxwell",
            "source_platform": "BBC News",
            "source_url": "https://www.bbc.com/news/articles/cyv5z76jmpvo",
            "content": "洛杉矶2028年奥运会组委会主席凯西·瓦瑟曼为其二十多年前与爱泼斯坦同伙吉斯莱恩·麦克斯韦的调情邮件表示“深感遗憾”。",
            "image": "images/rank4_洛杉矶奥组委_20260202_062051.jpg"
        },
        {
            "rank": 5,
            "title": "伊朗最高领袖警告美国攻击将引发地区战争",
            "original_title": "Iran's supreme leader warns of regional war if US attacks",
            "source_platform": "BBC News",
            "source_url": "https://www.bbc.com/news/articles/cx20z5nv9jxo",
            "content": "伊朗最高领袖哈梅内伊警告称，若美国对伊朗发动攻击，将引发一场地区性战争。",
            "image": "images/rank5_伊朗最高领袖_20260202_062051.jpg"
        },
        {
            "rank": 6,
            "title": "阿尔卡拉斯击败德约科维奇首夺澳网冠军",
            "original_title": "Carlos Alcaraz makes history with Australian Open title after defeating Novak Djokovic in enthralling men’s final",
            "source_platform": "CNN",
            "source_url": "https://edition.cnn.com/2026/02/01/sport/tennis-australian-open-final-djokovic-alcaraz-intl",
            "content": "西班牙网球名将卡洛斯·阿尔卡拉斯在澳网男单决赛中逆转击败诺瓦克·德约科维奇，成为最年轻的男子职业全满贯得主。",
            "image": "images/rank6_阿尔卡拉斯击_20260202_062051.jpg"
        },
        {
            "rank": 7,
            "title": "乌克兰和平谈判因俄美会晤推迟",
            "original_title": "Ukraine Peace Talks Delayed After Russia and U.S. Meet",
            "source_platform": "New York Times",
            "source_url": "https://www.nytimes.com/2026/02/01/world/europe/ukraine-russia-us-peace-talks.html",
            "content": "原定于阿布扎比举行的第二轮乌克兰和平谈判被推迟，此前俄罗斯和美国特使在佛罗里达举行了意外会晤。",
            "image": "images/rank7_乌克兰和平谈_20260202_062051.jpg"
        },
        {
            "rank": 8,
            "title": "印尼有条件解除对马斯克AI聊天机器人Grok的禁令",
            "original_title": "Indonesia Lifts Ban on Grok After New Assurances From X Corp",
            "source_platform": "New York Times",
            "source_url": "https://www.nytimes.com/2026/02/01/world/asia/indonesia-lift-grok-ban.html",
            "content": "印尼通信部宣布，在收到X公司的改进承诺后，有条件解除对埃隆·马斯克旗下AI聊天机器人Grok的禁令。",
            "image": "images/rank8_印尼有条件解_20260202_062051.jpg"
        },
        {
            "rank": 9,
            "title": "南安普顿大学医院火灾致重大损失",
            "original_title": "Major incident declared after fire causes 'significant damage' at University Hospital Southampton",
            "source_platform": "Sky News",
            "source_url": "https://news.sky.com/story/major-incident-declared-after-fire-at-university-hospital-southampton-13501166",
            "content": "英国南安普顿大学医院发生火灾，造成“重大损失”，超过200名患者被转移，当局宣布发生重大事件。",
            "image": "images/rank9_南安普顿大学_20260202_062051.jpg"
        }
    ],
    "timestamp": "20260202_062051"
}