{
    "news": [
        {
            "rank": 0,
            "title": "美加大桥突遭封杀！",
            "original_title": "",
            "source_platform": "",
            "source_url": "",
            "content": "",
            "image": ""
        },
        {
            "rank": 1,
            "title": "特朗普威胁阻挠美加新桥开通",
            "original_title": "Trump threatens to block opening of US-Canada bridge",
            "source_platform": "BBC News",
            "source_url": "https://www.bbc.com/news/articles/cpw052pkvl0o",
            "content": "特朗普要求加拿大分享一座连接两国的新桥的所有权和管理权，否则将阻止其开通。",
            "image": "images/rank1_特朗普威胁阻_20260211_063658.jpg"
        },
        {
            "rank": 2,
            "title": "加拿大矿业公司员工在墨西哥遇害",
            "original_title": "Canadian mining firm says its abducted workers found dead in Mexico",
            "source_platform": "BBC News",
            "source_url": "https://www.bbc.com/news/articles/cly0zz7yd3go",
            "content": "加拿大Vizsla Silver公司证实，上月于墨西哥项目现场被绑架的部分员工已遇害。",
            "image": "images/rank2_加拿大矿业公_20260211_063658.jpg"
        },
        {
            "rank": 3,
            "title": "索马里客机故障迫降海岸全员生还",
            "original_title": "Pilot praised after crash-landing faulty Somali passenger plane on seashore",
            "source_platform": "BBC News",
            "source_url": "https://www.bbc.com/news/articles/c2d1pz3pxewo",
            "content": "索马里一架载有55人的客机因技术故障紧急迫降在首都机场附近海岸，机上人员全部安全撤离。",
            "image": "images/rank3_索马里客机故_20260211_063658.jpg"
        },
        {
            "rank": 4,
            "title": "美国移民高官国会听证为政策辩护",
            "original_title": "Immigration bosses defend agents after the killing of two US citizens",
            "source_platform": "BBC News",
            "source_url": "https://www.bbc.com/news/articles/cre0j2n0eldo",
            "content": "美国移民和海关执法局及海关与边境保护局负责人在国会听证会上，为特朗普的移民政策及近期行动辩护。",
            "image": "images/rank4_美国移民高官_20260211_063658.jpg"
        },
        {
            "rank": 5,
            "title": "美国少女起诉社媒成瘾案开庭",
            "original_title": "Lawyers argue that Instagram and YouTube intentionally addicted and harmed teen in landmark social media trial",
            "source_platform": "CNN",
            "source_url": "https://edition.cnn.com/2026/02/09/tech/instagram-youtube-social-media-trial",
            "content": "美国一女子起诉Meta和YouTube，指控其平台成瘾性设计导致其心理健康受损，此案为首批同类诉讼之一。",
            "image": "images/rank5_美国少女起诉_20260211_063658.jpg"
        },
        {
            "rank": 6,
            "title": "俄军逼近夺取乌克兰三处战略要地",
            "original_title": "Russia Nears Capture of Key Ukrainian Towns After Year of Grinding Assaults",
            "source_platform": "New York Times",
            "source_url": "https://www.nytimes.com/2026/02/10/world/europe/russia-ukraine-battlefield-huliaipole-pokrovsk.html",
            "content": "经过一年鏖战，俄军即将完成对乌克兰东南部和东北部三处战略城镇的占领，以建立未来攻势的据点。",
            "image": "images/rank6_俄军逼近夺取_20260211_063658.jpg"
        },
        {
            "rank": 7,
            "title": "墨西哥称缴获卡特尔弹药半数来自美国兵工厂",
            "original_title": "Cartel’s Seized Ammunition Is Traced to U.S. Army Plant, Mexico Says",
            "source_platform": "New York Times",
            "source_url": "https://www.nytimes.com/2026/02/10/world/americas/mexico-cartel-ammunition-us-army.html",
            "content": "墨西哥国防部长称，自2012年以来缴获的卡特尔大口径弹药中，约47%可追溯至美国密苏里州的政府兵工厂。",
            "image": "images/rank7_墨西哥称缴获_20260211_063658.jpg"
        },
        {
            "rank": 8,
            "title": "俄罗斯进一步限制Telegram服务",
            "original_title": "Russia Further Restricts Telegram, Escalating Internet Clampdown",
            "source_platform": "New York Times",
            "source_url": "https://www.nytimes.com/2026/02/10/world/europe/telegram-throttled-internet-russia.html",
            "content": "俄罗斯通信监管机构周二收紧了对即时通讯应用Telegram的限制，进一步打压国内互联网自由。",
            "image": "images/rank8_俄罗斯进一步_20260211_063658.jpg"
        },
        {
            "rank": 9,
            "title": "挪威冬奥选手赛后直播承认出轨",
            "original_title": "Olympian Sturla Holm Laegreid admits to cheating on girlfriend after medal win",
            "source_platform": "Sky News",
            "source_url": "https://news.sky.com/story/olympian-sturla-holm-laegreid-admits-to-cheating-on-girlfriend-after-medal-win-13505853",
            "content": "挪威冬季两项选手莱格雷德在赢得铜牌后，于电视直播中情绪崩溃，承认对女友不忠。",
            "image": "images/rank9_挪威冬奥选手_20260211_063658.jpg"
        }
    ],
    "timestamp": "20260211_063658"
}