{
    "news": [
        {
            "rank": 0,
            "title": "天价玩具秒空 你被割韭菜了吗？",
            "original_title": "",
            "source_platform": "",
            "source_url": "",
            "content": "",
            "image": ""
        },
        {
            "rank": 1,
            "title": "爱马仕悠悠球售价1万8千元",
            "original_title": "",
            "source_platform": "经视直播",
            "source_url": "https://baijiahao.baidu.com/s?id=1854310653867936793",
            "content": "爱马仕推出售价1万8千元的悠悠球，采用皮革和马鞍针缝线手柄设计，部分地区已断货。",
            "image": "images/rank1_爱马仕悠悠球_20260115_061944.jpg"
        },
        {
            "rank": 2,
            "title": "马年纪念币纪念钞发售秒空",
            "original_title": "",
            "source_platform": "封面新闻",
            "source_url": "https://www.toutiao.com/video/7594863893701525538/",
            "content": "马年纪念币纪念钞发售即被抢购一空，市场热度高涨。",
            "image": "images/rank2_马年纪念币纪_20260115_061944.jpg"
        },
        {
            "rank": 3,
            "title": "女子减肥50斤后确诊尿毒症",
            "original_title": "",
            "source_platform": "豫视频",
            "source_url": "https://www.toutiao.com/video/7595147310976532543/",
            "content": "一名女子半年内减肥50斤，后被确诊为尿毒症晚期。",
            "image": "images/rank3_女子减肥50_20260115_061944.jpg"
        },
        {
            "rank": 4,
            "title": "海南封关后免税购物火爆",
            "original_title": "",
            "source_platform": "光明网",
            "source_url": "https://www.toutiao.com/article/7595119760262627883/",
            "content": "海南自贸港封关后，20余天免税购物额近40亿元，日均2.4万人购物。",
            "image": "images/rank4_海南封关后免_20260115_061944.png"
        },
        {
            "rank": 5,
            "title": "换房退税政策延续至2027年",
            "original_title": "",
            "source_platform": "界面新闻",
            "source_url": "https://news.qq.com/rain/a/20260114A05OLD00",
            "content": "三部门发文延续换房退税优惠政策至2027年底，以降低居民换房成本。",
            "image": "images/rank5_换房退税政策_20260115_061944.jpg"
        },
        {
            "rank": 6,
            "title": "国内唯一唐代金甲完成修复",
            "original_title": "",
            "source_platform": "央视新闻",
            "source_url": "https://baijiahao.baidu.com/s?id=1854273136794779384",
            "content": "青海都兰出土的国内唯一唐代金甲完成修复，为重要文化遗产保护成果。",
            "image": "images/rank6_国内唯一唐代_20260115_061944.jpg"
        },
        {
            "rank": 7,
            "title": "U23国足首进亚洲杯淘汰赛",
            "original_title": "",
            "source_platform": "新浪财经",
            "source_url": "https://baijiahao.baidu.com/s?id=1854329871633289500",
            "content": "U23国足战平泰国，历史首次晋级亚洲杯淘汰赛，三场不败且零失球。",
            "image": "images/rank7_U23国足首_20260115_061944.jpg"
        },
        {
            "rank": 8,
            "title": "今年“三九”不冷 后期将降温",
            "original_title": "",
            "source_platform": "人民日报",
            "source_url": "https://baijiahao.baidu.com/s?id=1854286128418062299",
            "content": "今年“三九”期间多地气温偏高，预计1月17日起冷空气南下，多地将出现降温和雨雪。",
            "image": "images/rank8_今年_三九__20260115_061944.jpg"
        },
        {
            "rank": 9,
            "title": "演出市场2025年票房增长6.39%",
            "original_title": "",
            "source_platform": "新华网",
            "source_url": "https://www.toutiao.com/article/7595166731639816746",
            "content": "2025年全国演出市场票房收入同比增长6.39%，文旅共生与数字赋能催热市场。",
            "image": "images/rank9_演出市场20_20260115_061944.jpg"
        }
    ],
    "timestamp": "20260115_061944"
}