{
    "news": [
        {
            "rank": 0,
            "title": "免费午餐还能吃多久？",
            "original_title": "",
            "source_platform": "",
            "source_url": "",
            "content": "",
            "image": ""
        },
        {
            "rank": 1,
            "title": "今年“三九”不冷 后面还会冷吗",
            "original_title": "",
            "source_platform": "人民日报",
            "source_url": "https://baijiahao.baidu.com/s?id=1854286128418062299",
            "content": "今年“三九”期间我国中东部多地气温偏高，回暖明显。预计1月17日起冷空气南下，18—20日多地将出现明显降温和雨雪天气。",
            "image": "images/rank1_今年_三九__20260115_040606.jpg"
        },
        {
            "rank": 2,
            "title": "又是两个“连续全球第一”",
            "original_title": "",
            "source_platform": "新华社",
            "source_url": "https://baijiahao.baidu.com/s?id=1854285186248905728",
            "content": "2025年我国汽车产销量双双突破3400万辆，连续17年全球第一；新能源汽车产销量均突破1600万辆，连续11年全球第一。",
            "image": "images/rank2_又是两个_连_20260115_040606.jpg"
        },
        {
            "rank": 3,
            "title": "国内唯一唐代金甲完成修复",
            "original_title": "",
            "source_platform": "央视新闻",
            "source_url": "https://baijiahao.baidu.com/s?id=1854273517897314388",
            "content": "青海都兰2018血渭一号墓出土的鎏金铜甲完成修复，这是国内唯一的唐代金甲实物。",
            "image": "images/rank3_国内唯一唐代_20260115_040606.jpg"
        },
        {
            "rank": 4,
            "title": "一个悠悠球卖1万8 部分地区已断货",
            "original_title": "",
            "source_platform": "经视直播",
            "source_url": "https://baijiahao.baidu.com/s?id=1854292753935731730",
            "content": "爱马仕一款悠悠球售价高达1万8千元，采用皮革和马鞍针缝线手柄设计，目前部分地区已断货。",
            "image": "images/rank4_一个悠悠球卖_20260115_040606.jpg"
        },
        {
            "rank": 5,
            "title": "U23国足首进亚洲杯淘汰赛",
            "original_title": "",
            "source_platform": "新华社新媒体",
            "source_url": "https://baijiahao.baidu.com/s?id=1854307426704305148",
            "content": "U23国足在亚洲杯小组赛中战平泰国，历史首次闯进淘汰赛，三场不败且零失球。",
            "image": "images/rank5_U23国足首_20260115_040606.jpg"
        },
        {
            "rank": 6,
            "title": "“他还是个孩子”不再是挡箭牌",
            "original_title": "",
            "source_platform": "新华社",
            "source_url": "https://baijiahao.baidu.com/s?id=1854278926574604496",
            "content": "新修订的《治安管理处罚法》正式施行，首次将校园欺凌纳入治安管理处罚范畴，明确14周岁以上未成年人可被依法拘留。",
            "image": "images/rank6__他还是个孩_20260115_040606.jpg"
        },
        {
            "rank": 7,
            "title": "封关后的海南卖爆了",
            "original_title": "",
            "source_platform": "光明网",
            "source_url": "https://www.toutiao.com/article/7595119760262627883/",
            "content": "海南自贸港封关后，20余天离岛免税购物金额达38.9亿元，同比增长49.6%，日均购物总额1.6亿元。",
            "image": "images/rank7_封关后的海南_20260115_040606.png"
        },
        {
            "rank": 8,
            "title": "马年纪念币纪念钞发售即秒空",
            "original_title": "",
            "source_platform": "封面新闻",
            "source_url": "https://www.toutiao.com/video/7594863893701525538/",
            "content": "马年纪念币纪念钞发售即秒空，引发抢购热潮。",
            "image": "images/rank8_马年纪念币纪_20260115_040606.jpg"
        },
        {
            "rank": 9,
            "title": "一户同意加装电梯却不出资被全楼孤立",
            "original_title": "",
            "source_platform": "扬子晚报",
            "source_url": "https://www.toutiao.com/article/7595052210027823659/",
            "content": "上海一住户同意加装电梯但不出资，口头承诺想用时再补缴，后因出售房产引发邻里矛盾，被全楼孤立。",
            "image": "images/rank9_一户同意加装_20260115_040606.jpg"
        }
    ],
    "timestamp": "20260115_040606"
}