{
    "news": [
        {
            "rank": 0,
            "title": "今日热点：科技突破、民生新政与奇闻趣事",
            "content": "",
            "image": ""
        },
        {
            "rank": 1,
            "title": "全球首款可量产全固态电池问世",
            "source_platform": "IT之家",
            "source_url": "https://www.toutiao.com/article/7591799142926664198/",
            "content": "全球首款可量产全固态电池正式发布，能量密度达400瓦时/千克，5分钟可充满电，将变革电动汽车行业。",
            "image": "images/rank1_IT之家_20260105.jpeg"
        },
        {
            "rank": 2,
            "title": "数字人民币开始计付利息",
            "source_platform": "环球网",
            "source_url": "https://news.qq.com/rain/a/20260105A03FTQ00#to-comment",
            "content": "数字人民币App升级至2.0版本，钱包余额开始显示利息，年利率为0.05%，标志着其向数字存款货币时代迈进。",
            "image": "images/rank2_环球网_20260105.jpg"
        },
        {
            "rank": 3,
            "title": "超千万人信用将获“修复”",
            "source_platform": "国是直通车",
            "source_url": "https://news.qq.com/rain/a/20260105A06IPC00#to-comment",
            "content": "央行出台一次性信用修复政策，覆盖千万级别受益人群，符合条件的小额逾期记录可自动清零。",
            "image": "images/rank3_国是直通车_20260105.jpg"
        },
        {
            "rank": 4,
            "title": "苏州工业总产值将突破5万亿元",
            "source_platform": "每日经济新闻",
            "source_url": "https://baijiahao.baidu.com/s?id=1853495515292852530",
            "content": "苏州宣布2026年规上工业总产值目标突破5万亿元，将成为继深圳后第二个五万亿工业城市。",
            "image": "images/rank4_每日经济新闻_20260105.jpg"
        },
        {
            "rank": 5,
            "title": "外国游客元旦免签入境大增",
            "source_platform": "央视新闻",
            "source_url": "https://baijiahao.baidu.com/s?id=1853456196752696664",
            "content": "元旦假期适用免签政策入境外国人达29.2万人次，同比增长35.8%，冰雪、海滨等多元旅游产品受青睐。",
            "image": "images/rank5_央视新闻_20260105.jpg"
        },
        {
            "rank": 6,
            "title": "1万多张2元人民币拍出83万元",
            "source_platform": "都市快报橙柿互动",
            "source_url": "https://mbd.baidu.com/newspage/data/videolanding?nid=sv_17734712930746225402",
            "content": "温州永嘉法院拍卖10500张2元面值人民币，以83.16万元成交，吸引44人报名竞拍。",
            "image": "images/rank6_都市快报橙柿互动_20260105.jpg"
        },
        {
            "rank": 7,
            "title": "哈尔滨外国游客零下20℃穿短裤",
            "source_platform": "河山新闻",
            "source_url": "https://mbd.baidu.com/newspage/data/videolanding?nid=sv_5603056933566803301",
            "content": "哈尔滨中央大街外国游客在零下20多度环境中光腿穿短裤行走，与本地人形成对比，引发网络热议。",
            "image": "images/rank7_河山新闻_20260105.jpg"
        },
        {
            "rank": 8,
            "title": "山姆车厘子每斤降价70元",
            "source_platform": "南方+客户端",
            "source_url": "https://www.toutiao.com/video/7591793493714927626/",
            "content": "山姆车厘子价格大幅下调，每斤降价70元，吸引消费者关注。",
            "image": "images/rank8_南方客户端_20260105.jpeg"
        },
        {
            "rank": 9,
            "title": "助产士剪脐带误伤婴儿手指",
            "source_platform": "湖北头条",
            "source_url": "https://news.qq.com/rain/a/20260105A070P600#to-comment",
            "content": "江苏盱眙县人民医院助产士剪脐带时误剪断新生儿手指，涉事人员已停职，患儿经手术康复中。",
            "image": "images/rank9_湖北头条_20260105.jpg"
        }
    ]
}