{
    "news": [
        {
            "rank": 0,
            "title": "今日热点：经济新目标、科技新突破、民生新动态",
            "content": "",
            "image": ""
        },
        {
            "rank": 1,
            "title": "苏州工业总产值2026年目标突破5万亿元",
            "source_platform": "每日经济新闻",
            "source_url": "https://baijiahao.baidu.com/s?id=1853495515292852530",
            "content": "苏州宣布2026年规上工业总产值目标突破5万亿元，将成为继深圳后第二个五万亿工业城市。",
            "image": "images/rank1_每日经济新闻_20260105.jpg"
        },
        {
            "rank": 2,
            "title": "外国游客元旦免签入境人次同比增长35.8%",
            "source_platform": "央视新闻",
            "source_url": "https://baijiahao.baidu.com/s?id=1853456196752696664",
            "content": "元旦假期适用免签政策入境外国人达29.2万人次，冰雪、海滨、古镇等多元旅游产品受青睐。",
            "image": "images/rank2_央视新闻_20260105.jpg"
        },
        {
            "rank": 3,
            "title": "1万多张2元人民币法拍成交83.16万元",
            "source_platform": "都市快报橙柿互动",
            "source_url": "https://mbd.baidu.com/newspage/data/videolanding?nid=sv_17734712930746225402",
            "content": "永嘉县法院拍卖10500张2元面值人民币，起拍价20.76万元，最终以83.16万元成交。",
            "image": "images/rank3_都市快报橙柿互动_20260105.jpg"
        },
        {
            "rank": 4,
            "title": "广州白云区GDP目标2035年突破6000亿元",
            "source_platform": "国民经略",
            "source_url": "https://baijiahao.baidu.com/s?id=1853469329127001583",
            "content": "白云区以企业家大会开启“十五五”征程，GDP目标2030年超4300亿、2035年破6000亿。",
            "image": "images/rank4_国民经略_20260105.jpg"
        },
        {
            "rank": 5,
            "title": "三星掌门人李在镕在北京购买LABUBU玩偶",
            "source_platform": "极目新闻",
            "source_url": "https://baijiahao.baidu.com/s?id=1853487932623989403",
            "content": "三星电子会长李在镕现身北京京东MALL，购买拉布布玩偶并询问家居商品情况。",
            "image": "images/rank5_极目新闻_20260105.jpg"
        },
        {
            "rank": 6,
            "title": "合肥车厘子价格暴跌 单日销量达15吨",
            "source_platform": "光明网",
            "source_url": "https://baijiahao.baidu.com/s?id=1853455598189291958&wfr=spider&for=pc",
            "content": "合肥智利车厘子价格较11月底降幅超50%，JJ级五斤装售100-130元，市民购买热情高涨。",
            "image": "images/rank6_光明网_20260105.jpg"
        },
        {
            "rank": 7,
            "title": "全球首款可量产全固态电池正式问世",
            "source_platform": "IT之家",
            "source_url": "https://www.toutiao.com/article/7591799142926664198/",
            "content": "Donut Lab公司发布全球首款可量产全固态电池，能量密度达400瓦时/千克，5分钟可充满。",
            "image": "images/rank7_IT之家_20260105.jpeg"
        },
        {
            "rank": 8,
            "title": "超千万人将获“免申即享”信用修复",
            "source_platform": "国是直通车",
            "source_url": "https://news.qq.com/rain/a/20260105A06IPC00#to-comment",
            "content": "央行出台一次性信用修复政策，覆盖2020年至2025年单笔逾期不超过1万元的小额逾期记录。",
            "image": "images/rank8_国是直通车_20260105.jpg"
        },
        {
            "rank": 9,
            "title": "助产士剪脐带误伤婴儿手指 涉事人员已停职",
            "source_platform": "湖北头条",
            "source_url": "https://news.qq.com/rain/a/20260105A070P600#to-comment",
            "content": "江苏盱眙县人民医院助产士操作失误，致新生儿左手中指被剪断，患儿已手术出院并康复中。",
            "image": "images/rank9_湖北头条_20260105.jpg"
        }
    ]
}