{
    "news": [
        {
            "rank": 0,
            "title": "民生科技热点多，社会奇闻引关注",
            "content": ""
        },
        {
            "rank": 1,
            "title": "微信存储优化技巧引热议",
            "source_platform": "Baidu",
            "source_url": "https://www.baidu.com/s?wd=%E8%BF%99%E6%A0%B7%E6%93%8D%E4%BD%9C+%E5%BE%AE%E4%BF%A1%E5%AD%98%E5%82%A8%E4%B8%80%E4%B8%8B%E8%83%BD%E5%B0%9110G&sa=fyb_news&rsv_dl=fyb_news",
            "content": "微信存储占用空间问题引发关注，相关技巧可帮助用户高效释放手机存储空间。",
            "image": "images/rank1_Baidu_20260104.jpg"
        },
        {
            "rank": 2,
            "title": "中国首所应急管理大学获批",
            "source_platform": "Baidu",
            "source_url": "https://www.baidu.com/s?wd=%E4%B8%AD%E5%9B%BD%E7%AC%AC%E4%B8%80%E6%89%80%E5%BA%94%E6%80%A5%E7%AE%A1%E7%90%86%E5%A4%A7%E5%AD%A6%E8%A6%81%E6%9D%A5%E4%BA%86&sa=fyb_news&rsv_dl=fyb_news",
            "content": "教育部拟同意华北科技学院、防灾科技学院更名为应急管理大学，系全国首所。",
            "image": "images/rank2_Baidu_20260104.jpg"
        },
        {
            "rank": 3,
            "title": "老人误赠儿媳20万被判无效",
            "source_platform": "Baidu",
            "source_url": "https://www.baidu.com/s?wd=%E8%80%81%E4%BA%BA%E4%B8%8D%E7%9F%A5%E5%84%BF%E5%AD%90%E7%A6%BB%E5%A9%9A%E8%AF%AF%E5%B0%8620%E4%B8%87%E5%85%83%E8%B5%A0%E5%84%BF%E5%AA%B3&sa=fyb_news&rsv_dl=fyb_news",
            "content": "老人不知儿子已离婚，将20万元存款赠与儿媳，法院判决因隐瞒事实遗赠无效。",
            "image": "images/rank3_Baidu_20260104.jpg"
        },
        {
            "rank": 4,
            "title": "混洗衣物致真菌感染引警示",
            "source_platform": "Baidu",
            "source_url": "https://www.baidu.com/s?wd=%E7%94%B7%E5%AD%90%E6%8A%8A%E8%A2%9C%E5%AD%90%E8%A1%A3%E6%9C%8D%E5%90%8C%E6%B4%97%E8%87%B4%E6%84%9F%E6%9F%93+%E5%8C%BB%E7%94%9F%E6%8F%90%E9%86%92&sa=fyb_news&rsv_dl=fyb_news",
            "content": "两男子因长期混洗内衣袜子感染真菌，医生提醒混洗易造成交叉感染风险增加。",
            "image": "images/rank4_Baidu_20260104.jpg"
        },
        {
            "rank": 5,
            "title": "渝超球员袭击裁判被禁赛5年",
            "source_platform": "Toutiao",
            "source_url": "https://www.toutiao.com/trending/7591470958989299250/?category_name=topic_innerflow&event_type=hot_board&log_pb=%7B%22category_name%22%3A%22topic_innerflow%22%2C%22cluster_type%22%3A%221%22%2C%22enter_from%22%3A%22click_category%22%2C%22entrance_hotspot%22%3A%22outside%22%2C%22event_type%22%3A%22hot_board%22%2C%22hot_board_cluster_id%22%3A%227591470958989299250%22%2C%22hot_board_impr_id%22%3A%2220260105014045E9B906829CBA918F76C0%22%2C%22jump_page%22%3A%22hot_board_page%22%2C%22location%22%3A%22news_hot_card%22%2C%22page_location%22%3A%22hot_board_page%22%2C%22source%22%3A%22trending_tab%22%2C%22style_id%22%3A%2240132%22%2C%22title%22%3A%22%E6%B8%9D%E8%B6%85%E4%B8%80%E9%98%9F%E5%91%98%E8%A2%AD%E5%87%BB%E8%A3%81%E5%88%A4%E5%A4%B4%E9%83%A8%E8%A2%AB%E7%A6%81%E8%B5%9B5%E5%B9%B4%22%7D&rank=&style_id=40132&topic_id=7591470958989299250",
            "content": "渝超联赛一名球员因袭击裁判头部，被处以禁赛5年的严厉处罚。",
            "image": "images/rank5_Toutiao_20260104.jpeg"
        },
        {
            "rank": 6,
            "title": "元旦假期国内旅游市场升温",
            "source_platform": "Toutiao",
            "source_url": "https://www.toutiao.com/article/7591426580895826482",
            "content": "元旦假期期间，国内旅游市场呈现升温态势，游客出行热情高涨。",
            "image": "images/rank6_Toutiao_20260104.jpeg"
        },
        {
            "rank": 7,
            "title": "女孩鞠躬视频获人民日报转载",
            "source_platform": "Toutiao",
            "source_url": "https://www.toutiao.com/trending/7590723279405482038/?category_name=topic_innerflow&event_type=hot_board&log_pb=%7B%22category_name%22%3A%22topic_innerflow%22%2C%22cluster_type%22%3A%226%22%2C%22enter_from%22%3A%22click_category%22%2C%22entrance_hotspot%22%3A%22outside%22%2C%22event_type%22%3A%22hot_board%22%2C%22hot_board_cluster_id%22%3A%227590723279405482038%22%2C%22hot_board_impr_id%22%3A%2220260105014045E9B906829CBA918F76C0%22%2C%22jump_page%22%3A%22hot_board_page%22%2C%22location%22%3A%22news_hot_card%22%2C%22page_location%22%3A%22hot_board_page%22%2C%22source%22%3A%22trending_tab%22%2C%22style_id%22%3A%2240132%22%2C%22title%22%3A%22%E5%A5%B3%E5%AD%A9%E9%9E%A0%E8%BA%AC%E8%A7%86%E9%A2%91%E8%A2%AB%E4%BA%BA%E6%B0%91%E6%97%A5%E6%8A%A5%E8%BD%AC%E8%BD%BD%22%7D&rank=&style_id=40132&topic_id=7590723279405482038",
            "content": "一则女孩鞠躬的视频在网络上引发关注，随后被人民日报官方账号转载。",
            "image": "images/rank7_Toutiao_20260104.jpeg"
        },
        {
            "rank": 8,
            "title": "东北忘关水龙头现“冰山”奇观",
            "source_platform": "Toutiao",
            "source_url": "https://www.toutiao.com/trending/7591168195663806518/?category_name=topic_innerflow&event_type=hot_board&log_pb=%7B%22category_name%22%3A%22topic_innerflow%22%2C%22cluster_type%22%3A%226%22%2C%22enter_from%22%3A%22click_category%22%2C%22entrance_hotspot%22%3A%22outside%22%2C%22event_type%22%3A%22hot_board%22%2C%22hot_board_cluster_id%22%3A%227591168195663806518%22%2C%22hot_board_impr_id%22%3A%2220260105014045E9B906829CBA918F76C0%22%2C%22jump_page%22%3A%22hot_board_page%22%2C%22location%22%3A%22news_hot_card%22%2C%22page_location%22%3A%22hot_board_page%22%2C%22source%22%3A%22trending_tab%22%2C%22style_id%22%3A%2240132%22%2C%22title%22%3A%22%E4%B8%9C%E5%8C%97%E5%AE%B6%E9%87%8C%E5%BF%98%E5%85%B3%E6%B0%B4%E9%BE%99%E5%A4%B4+%E2%80%9C%E5%86%B0%E5%B1%B1%E2%80%9D%E7%8E%B0%E8%BA%AB%22%7D&rank=&style_id=40132&topic_id=7591168195663806518",
            "content": "东北一居民家中因忘关水龙头，水流结冰形成“冰山”状奇特景观。",
            "image": "images/rank8_Toutiao_20260104.jpeg"
        },
        {
            "rank": 9,
            "title": "何炅26年专栏宣布停更",
            "source_platform": "Toutiao",
            "source_url": "https://www.toutiao.com/trending/7591399069454319658/?category_name=topic_innerflow&event_type=hot_board&log_pb=%7B%22category_name%22%3A%22topic_innerflow%22%2C%22cluster_type%22%3A%221%22%2C%22enter_from%22%3A%22click_category%22%2C%22entrance_hotspot%22%3A%22outside%22%2C%22event_type%22%3A%22hot_board%22%2C%22hot_board_cluster_id%22%3A%227591399069454319658%22%2C%22hot_board_impr_id%22%3A%2220260105014045E9B906829CBA918F76C0%22%2C%22jump_page%22%3A%22hot_board_page%22%2C%22location%22%3A%22news_hot_card%22%2C%22page_location%22%3A%22hot_board_page%22%2C%22source%22%3A%22trending_tab%22%2C%22style_id%22%3A%2240132%22%2C%22title%22%3A%22%E4%BD%95%E7%82%85%E5%86%99%E4%BA%8626%E5%B9%B4%E7%9A%84%E4%B8%93%E6%A0%8F%E5%81%9C%E6%9B%B4%22%7D&rank=&style_id=40132&topic_id=7591399069454319658",
            "content": "知名主持人何炅宣布，其持续更新了26年的个人专栏将正式停止更新。",
            "image": "images/rank9_Toutiao_20260104.jpeg"
        }
    ]
}