{
    "news": [
        {
            "rank": 0,
            "title": "【轰动】风波再起！众明星卷入，谁能独善其身？",
            "original_title": "",
            "source_platform": "",
            "source_url": "",
            "content": "",
            "image": ""
        },
        {
            "rank": 1,
            "title": "女演员马梓涵：股市亏光积蓄，豪宅换出租屋",
            "original_title": "",
            "source_platform": "腾讯娱乐",
            "source_url": "https://news.qq.com/rain/a/20260212A01IJK00",
            "content": "女演员马梓涵：股市亏光积蓄，豪宅换出租屋",
            "image": "images/rank1_女演员马梓涵_20260213_062915.jpg"
        },
        {
            "rank": 2,
            "title": "白鹿王星越现场撒糖！承认靠近会心跳加速",
            "original_title": "",
            "source_platform": "腾讯娱乐",
            "source_url": "https://news.qq.com/rain/a/20260212V04U7B00",
            "content": "白鹿王星越现场撒糖！承认靠近会心跳加速",
            "image": "images/rank2_白鹿王星越现_20260213_062915.jpg"
        },
        {
            "rank": 3,
            "title": "GAI周延 布瑞吉共创《重庆忠勇》",
            "original_title": "",
            "source_platform": "腾讯娱乐",
            "source_url": "https://news.qq.com/rain/a/20260211V06EIJ00",
            "content": "GAI周延 布瑞吉共创《重庆忠勇》",
            "image": "images/rank3_GAI周延__20260213_062915.jpg"
        },
        {
            "rank": 4,
            "title": "孙龙1000米摘银",
            "original_title": "",
            "source_platform": "抖音热榜",
            "source_url": "https://www.douyin.com/hot/2397814",
            "content": "孙龙1000米摘银",
            "image": "images/rank4_孙龙1000_20260213_062915.jpg"
        },
        {
            "rank": 5,
            "title": "林孝埈无缘半决赛",
            "original_title": "",
            "source_platform": "抖音热榜",
            "source_url": "https://www.douyin.com/hot/2398800",
            "content": "林孝埈无缘半决赛",
            "image": "images/rank5_林孝埈无缘半_20260213_062915.jpg"
        },
        {
            "rank": 6,
            "title": "我国科学家在3D打印领域有新突破",
            "original_title": "",
            "source_platform": "抖音热榜",
            "source_url": "https://www.douyin.com/hot/2398344",
            "content": "我国科学家在3D打印领域有新突破",
            "image": "images/rank6_我国科学家在_20260213_062915.jpg"
        },
        {
            "rank": 7,
            "title": "CBA杯上海战胜山西夺冠",
            "original_title": "",
            "source_platform": "抖音热榜",
            "source_url": "https://www.douyin.com/hot/2398219",
            "content": "CBA杯上海战胜山西夺冠",
            "image": "images/rank7_CBA杯上海_20260213_062915.jpg"
        },
        {
            "rank": 8,
            "title": "游戏科学拜个早年，《黑神话：钟馗》6分钟实机小短片",
            "original_title": "",
            "source_platform": "黑神话",
            "source_url": "https://www.bilibili.com/video/BV11PcgzWEJp",
            "content": "游戏科学拜个早年，《黑神话：钟馗》6分钟实机小短片",
            "image": "images/rank8_游戏科学拜个_20260213_062915.jpg"
        },
        {
            "rank": 9,
            "title": "听哭了！鸣潮107人大合唱《星炬不熄》",
            "original_title": "",
            "source_platform": "柑宝",
            "source_url": "https://www.bilibili.com/video/BV1gTctzjErb",
            "content": "听哭了！鸣潮107人大合唱《星炬不熄》",
            "image": "images/rank9_听哭了_鸣潮_20260213_062915.jpg"
        }
    ],
    "timestamp": "20260213_062915"
}