{
    "news": [
        {
            "rank": 0,
            "title": "民生热点与奇闻趣事精选",
            "content": "",
            "image": ""
        },
        {
            "rank": 1,
            "title": "义乌“哭哭马”意外走红",
            "source_platform": "央视新闻",
            "source_url": "https://mbd.baidu.com/newspage/data/videolanding?nid=sv_14689594436316170115&sourceFrom=share",
            "content": "义乌生产的“哭哭马”因工人失手成次品意外走红，目前工厂已开多条生产线赶货。",
            "image": "images/rank1_义乌哭哭马意外走红_20260109_222129.jpg"
        },
        {
            "rank": 2,
            "title": "中小学将迎“超短”学期",
            "source_platform": "扬子晚报",
            "source_url": "https://baijiahao.baidu.com/s?id=1853822321524387023",
            "content": "江苏多所学校为应对“超短”下学期，已开始提前讲授下学期内容，引发家长热议。",
            "image": "images/rank2_中小学将迎超短学期_20260109_222131.jpg"
        },
        {
            "rank": 3,
            "title": "医保局推进便捷支付体系",
            "source_platform": "央视新闻",
            "source_url": "https://www.baidu.com/s?wd=%E5%9B%BD%E5%AE%B6%E5%8C%BB%E4%BF%9D%E5%B1%80%EF%BC%9A%E5%91%8A%E5%88%AB%E7%9C%8B%E7%97%85%E7%BC%B4%E8%B4%B9%E6%8E%92%E9%95%BF%E9%98%9F&sa=fyb_news&rsv_dl=fyb_news",
            "content": "国家医保局将推进刷脸支付等便捷支付方式，力争三年内构建覆盖门急诊、住院的支付体系。",
            "image": "images/rank3_医保局推进便捷支付体_20260109_222133.jpg"
        },
        {
            "rank": 4,
            "title": "马斯克称人类可实现半永生",
            "source_platform": "澎湃新闻",
            "source_url": "https://mbd.baidu.com/newspage/data/videolanding?nid=sv_7464491417461299373",
            "content": "马斯克在播客中表示，人类通过“改写”程序可实现半永生，延长寿命。",
            "image": "images/rank4_马斯克称人类可实现半_20260109_222134.jpg"
        },
        {
            "rank": 5,
            "title": "年终奖分配不均引冲突",
            "source_platform": "蓝鲸新闻",
            "source_url": "https://baijiahao.baidu.com/s?id=1853824744883501723",
            "content": "申万期货年终奖分配被指领导30万员工1万，员工质疑后与领导冲突受伤，公司已报警。",
            "image": "images/rank5_年终奖分配不均引冲突_20260109_222136.jpg"
        },
        {
            "rank": 6,
            "title": "宜家闭店后人满为患",
            "source_platform": "冰城网",
            "source_url": "https://mbd.baidu.com/newspage/data/videolanding?nid=sv_5376430965565871972",
            "content": "宜家宣布关闭哈尔滨门店后，门店涌入大量顾客，出现抢购热潮。",
            "image": "images/rank6_宜家闭店后人满为患_20260109_222138.jpg"
        },
        {
            "rank": 7,
            "title": "嘲笑同事奖牌发现是纯金",
            "source_platform": "封面新闻",
            "source_url": "https://mbd.baidu.com/newspage/data/videolanding?nid=sv_8401039220166560462",
            "content": "网友嘲笑同事获“破奖牌”，后发现是公司传统，满20年工龄员工获纯金奖牌。",
            "image": "images/rank7_嘲笑同事奖牌发现是纯_20260109_222139.jpg"
        },
        {
            "rank": 8,
            "title": "宠物狗骑电动车带狗上街",
            "source_platform": "澎湃新闻",
            "source_url": "https://mbd.baidu.com/newspage/data/videolanding?nid=sv_16086163787112533973&sourceFrom=share",
            "content": "江苏淮安一只宠物狗骑电动三轮车带另一只狗上街，警方称不允许，正联系狗主人。",
            "image": "images/rank8_宠物狗骑电动车带狗上_20260109_222141.jpg"
        },
        {
            "rank": 9,
            "title": "医保个人账户全国共济",
            "source_platform": "光明网",
            "source_url": "https://www.toutiao.com/article/7593158663779435048/",
            "content": "国家医保局将职工医保个人账户共济范围从省内拓展至全国，强化家庭互助功能。",
            "image": "images/rank9_医保个人账户全国共济_20260109_222142.jpeg"
        }
    ]
}