{
    "news": [
        {
            "rank": 0,
            "title": "全球变局下的权力博弈与人文脉动",
            "content": ""
        },
        {
            "rank": 1,
            "title": "美联储主席鲍威尔遭美司法部刑事调查",
            "source_platform": "BBC News",
            "source_url": "https://www.bbc.com/news/articles/c801k7rkkd7o",
            "content": "美国司法部对美联储主席鲍威尔启动刑事调查，指控其就美联储大楼翻新工程向国会作伪证。鲍威尔称此举前所未有，旨在干预货币政策独立性。",
            "image": "images/rank1_美联储主_20260112_183436.jpg"
        },
        {
            "rank": 2,
            "title": "革命性眼内注射疗法成功挽救患者视力",
            "source_platform": "BBC News",
            "source_url": "https://www.bbc.com/news/articles/c89qyv98lzdo",
            "content": "伦敦医院首创针对低眼压症的注射疗法，在临床试验中成功为八分之七的患者恢复视力并防止失明，首位患者称其“改变了生活”。",
            "image": "images/rank2_革命性眼_20260112_183436.jpg"
        },
        {
            "rank": 3,
            "title": "加拿大新不伦瑞克省神秘脑疾引争议",
            "source_platform": "BBC News",
            "source_url": "https://www.bbc.com/news/articles/c623r47d67lo",
            "content": "加拿大新不伦瑞克省数百人被诊断患有神秘脑部疾病，但后续调查质疑该疾病是否真实存在，引发对患者诊断与医疗体系的广泛讨论。",
            "image": "images/rank3_加拿大新_20260112_183436.png"
        },
        {
            "rank": 4,
            "title": "英国就关塔那摩囚犯酷刑案支付巨额赔偿",
            "source_platform": "BBC News",
            "source_url": "https://www.bbc.com/news/articles/cx2gelrxxr0o",
            "content": "英国政府向一名在关塔那摩湾被拘禁近20年且未经审判的囚犯支付“巨额”赔偿，以了结其指控英国情报机构参与美国中央情报局酷刑的诉讼。",
            "image": "images/rank4_英国就关_20260112_183436.jpg"
        },
        {
            "rank": 5,
            "title": "马斯克AI聊天机器人Grok遭两国封禁",
            "source_platform": "BBC News",
            "source_url": "https://www.bbc.com/news/articles/cg7y10xm4x2o",
            "content": "马来西亚与印尼以可生成色情深度伪造内容为由，封禁埃隆·马斯克旗下人工智能聊天机器人Grok，成为全球首批封禁该工具的国家。",
            "image": "images/rank5_马斯克A_20260112_183436.jpg"
        },
        {
            "rank": 6,
            "title": "菲律宾垃圾填埋场坍塌致1死27失踪",
            "source_platform": "CNN",
            "source_url": "https://edition.cnn.com/2026/01/09/asia/landfill-collapse-philippines-intl-hnk",
            "content": "菲律宾一处垃圾填埋场发生坍塌事故，警方确认已造成至少1人死亡，另有27人失踪，救援工作正在进行中。",
            "image": "images/rank6_菲律宾垃_20260112_183436.jpg"
        },
        {
            "rank": 7,
            "title": "厄瓜多尔海滩惊现五颗悬挂人头",
            "source_platform": "Sky News",
            "source_url": "https://news.sky.com/story/five-human-heads-found-hanging-at-picturesque-beach-13493261",
            "content": "厄瓜多尔一风景海滩发现五颗用绳索悬挂的人头，警方称此骇人事件与当地毒品走私集团间的暴力冲突有关。",
            "image": "images/rank7_厄瓜多尔_20260112_183436.jpg"
        },
        {
            "rank": 8,
            "title": "感恩而死乐队创始成员鲍勃·威尔逝世",
            "source_platform": "New York Times",
            "source_url": "https://www.nytimes.com/2026/01/10/obituaries/bob-weir-dead-grateful-dead.html",
            "content": "美国传奇迷幻摇滚乐队“感恩而死”的吉他手兼创始成员鲍勃·威尔因肺癌去世，享年78岁，其音乐影响跨越数代乐迷。",
            "image": "images/rank8_感恩而死_20260112_183436.jpg"
        },
        {
            "rank": 9,
            "title": "2032奥运主办城市斥巨资建场馆引争议",
            "source_platform": "CNN",
            "source_url": "https://edition.cnn.com/2026/01/07/style/australia-brisbane-olympic-stadium-victoria-park-hnk-intl",
            "content": "2032年奥运会主办城市布里斯班计划投资23亿美元新建体育场，该方案引发当地关于成本、必要性及遗产规划的激烈辩论。",
            "image": "images/rank9_2032_20260112_183436.jpg"
        }
    ],
    "timestamp": "20260112_183436"
}