{
    "news": [
        {
            "rank": 0,
            "title": "压岁钱到底归谁？",
            "original_title": "",
            "source_platform": "",
            "source_url": "",
            "content": "",
            "image": ""
        },
        {
            "rank": 1,
            "title": "年夜饭12道菜仅受皮外伤",
            "original_title": "",
            "source_platform": "指尖新闻沈阳晚报",
            "source_url": "https://baijiahao.baidu.com/s?id=1857548900814756014",
            "content": "辽宁一男子吐槽除夕后进入“剩饭模式”，12道年夜菜几乎没动，引发网友共鸣。",
            "image": "images/rank1_年夜饭12道_20260219_185414.jpg"
        },
        {
            "rank": 2,
            "title": "外国网友从中国春晚发现一个信号",
            "original_title": "",
            "source_platform": "中国新闻网",
            "source_url": "https://baijiahao.baidu.com/s?id=1857535446067736010",
            "content": "央视春晚上四家中国科技公司的人形机器人表演高难度动作，被外媒视为展示机器人技术主导权的象征。",
            "image": "images/rank2_外国网友从中_20260219_185414.jpg"
        },
        {
            "rank": 3,
            "title": "放假有失落感 专家建议打麻将",
            "original_title": "",
            "source_platform": "潇湘晨报",
            "source_url": "https://baijiahao.baidu.com/s?id=1857548844601210853",
            "content": "部分人节假日情绪低落，专家建议通过打麻将或假装快乐等方式调节，直到真正变快乐。",
            "image": "images/rank3_放假有失落感_20260219_185414.jpg"
        },
        {
            "rank": 4,
            "title": "妈妈让上交2万压岁钱 孩子不干了",
            "original_title": "",
            "source_platform": "爱济南客户端",
            "source_url": "https://baijiahao.baidu.com/s?id=1857531888928549098",
            "content": "孩子收到2万元压岁钱，妈妈要求上交引发争执。法院明确压岁钱属孩子个人财产，父母不得随意使用。",
            "image": "images/rank4_妈妈让上交2_20260219_185414.jpg"
        },
        {
            "rank": 5,
            "title": "机票价格跳水 一家四口亏4000元",
            "original_title": "",
            "source_platform": "环球时报",
            "source_url": "https://baijiahao.baidu.com/s?id=1857521217564776676",
            "content": "春节期间热门航线机票价格出行前夕大幅跳水，有网友称一家四口因此亏了4000元。",
            "image": "images/rank5_机票价格跳水_20260219_185414.jpg"
        },
        {
            "rank": 6,
            "title": "人民日报评年轻人宁找搭子不串亲戚",
            "original_title": "",
            "source_platform": "人民日报",
            "source_url": "https://baijiahao.baidu.com/s?id=1857517954376253635",
            "content": "年轻人抵触走亲戚多因厌倦单向盘问，背后是城镇化带来的代际疏离，建议主动了解亲戚人生故事。",
            "image": "images/rank6_人民日报评年_20260219_185414.jpg"
        },
        {
            "rank": 7,
            "title": "中国队80分钟连夺2金！苏翊鸣徐梦桃创历史",
            "original_title": "",
            "source_platform": "念洲",
            "source_url": "https://news.qq.com/rain/a/20260218A06SP600",
            "content": "米兰冬奥会上，苏翊鸣和徐梦桃在80分钟内连夺两枚金牌，双双创造历史。",
            "image": "images/rank7_中国队80分_20260219_185414.jpg"
        },
        {
            "rank": 8,
            "title": "腾讯元宝DAU超5000万、MAU达1.14亿",
            "original_title": "",
            "source_platform": "腾讯科技",
            "source_url": "https://news.qq.com/rain/a/20260218A05TCO00",
            "content": "腾讯宣布元宝日活跃用户超5000万，月活跃用户达1.14亿，春节活动抽奖超36亿次。",
            "image": "images/rank8_腾讯元宝DA_20260219_185414.jpg"
        },
        {
            "rank": 9,
            "title": "爸爸除夕独自吃饺子女儿看监控哭了",
            "original_title": "",
            "source_platform": "齐鲁壹点",
            "source_url": "https://www.toutiao.com/video/7608501570988474378/",
            "content": "女儿通过监控看到爸爸除夕夜独自吃饺子，瞬间泪目，引发网友对空巢老人关注。",
            "image": "images/rank9_爸爸除夕独自_20260219_185414.jpg"
        }
    ],
    "timestamp": "20260219_185414"
}