{
    "news": [
        {
            "rank": 0,
            "title": "孩子存款竟比大人赚？",
            "original_title": "",
            "source_platform": "",
            "source_url": "",
            "content": "",
            "image": ""
        },
        {
            "rank": 1,
            "title": "儿童存款利率超20万大额存单",
            "original_title": "",
            "source_platform": "大象新闻",
            "source_url": "https://baijiahao.baidu.com/s?id=1857436078302421867",
            "content": "部分银行推出儿童专属存款产品，起存1000元年利率达1.75%，高于普通定存甚至20万起存的大额存单。",
            "image": "images/rank1_儿童存款利率_20260218_185521.jpg"
        },
        {
            "rank": 2,
            "title": "14岁龙凤胎摆摊13天营收3万",
            "original_title": "",
            "source_platform": "极目新闻",
            "source_url": "https://baijiahao.baidu.com/s?id=1857458310084804473",
            "content": "山东招远14岁龙凤胎姐弟为替母还债，连续13天摆摊卖春联，日均出摊十余小时，总营收达3万余元。",
            "image": "images/rank2_14岁龙凤胎_20260218_185521.jpg"
        },
        {
            "rank": 3,
            "title": "爸爸做“雷霆年夜饭”女儿懵了",
            "original_title": "",
            "source_platform": "潇湘晨报",
            "source_url": "https://baijiahao.baidu.com/s?id=1857452571350394676",
            "content": "爸爸制作的“雷霆年夜饭”造型奇特，女儿面对菜肴无从下嘴，引发网友热议。",
            "image": "images/rank3_爸爸做_雷霆_20260218_185521.jpg"
        },
        {
            "rank": 4,
            "title": "城里狗回村过年看傻眼",
            "original_title": "",
            "source_platform": "舜网",
            "source_url": "https://baijiahao.baidu.com/s?id=1857444064254856981",
            "content": "城里宠物狗回村过年，目睹本地狗在田野间如骏马般自由奔跑，表现十分惊讶。",
            "image": "images/rank4_城里狗回村过_20260218_185521.jpg"
        },
        {
            "rank": 5,
            "title": "沈腾春晚鼓掌实为扔橘子皮",
            "original_title": "",
            "source_platform": "百姓关注",
            "source_url": "https://baijiahao.baidu.com/s?id=1857452834897504454",
            "content": "沈腾在春晚观众席被拍到看似随众鼓掌，实则借动作甩掉手中橘子皮，成为晚会新谈资。",
            "image": "images/rank5_沈腾春晚鼓掌_20260218_185521.jpg"
        },
        {
            "rank": 6,
            "title": "生肖属相计算有国家标准",
            "original_title": "",
            "source_platform": "长江云新闻",
            "source_url": "https://baijiahao.baidu.com/s?id=1857289054856271605",
            "content": "生肖属相以农历正月初一为界，这一算法已有历法文献与国家标准依据，源自干支纪年体系。",
            "image": "images/rank6_生肖属相计算_20260218_185521.jpg"
        },
        {
            "rank": 7,
            "title": "机器人0.8秒包出指纹饺子",
            "original_title": "",
            "source_platform": "北京时间",
            "source_url": "https://baijiahao.baidu.com/s?id=1857444481280641726",
            "content": "北京台春晚上演机器人包饺子表演，以0.8秒速度完成，饺子皮上指纹清晰可见，展示精密操作。",
            "image": "images/rank7_机器人0_8_20260218_185521.jpg"
        },
        {
            "rank": 8,
            "title": "春节档票房破20亿",
            "original_title": "",
            "source_platform": "红星新闻",
            "source_url": "https://www.toutiao.com/article/7608108141917585961/",
            "content": "2026年春节档电影总票房突破20亿元，《飞驰人生3》《惊蛰无声》《熊出没》位列前三。",
            "image": "images/rank8_春节档票房破_20260218_185521.jpg"
        },
        {
            "rank": 9,
            "title": "中国黄金卖场金条卖断货",
            "original_title": "",
            "source_platform": "时代周报",
            "source_url": "https://news.qq.com/rain/a/20260217A04JHB00",
            "content": "北京菜百总店春节期间1000克金条卖断货，有顾客购买68克金镯，黄金消费热度高涨。",
            "image": "images/rank9_中国黄金卖场_20260218_185521.jpg"
        }
    ],
    "timestamp": "20260218_185521"
}