{
    "news": [
        {
            "rank": 0,
            "title": "国足真要夺冠了？",
            "original_title": "",
            "source_platform": "",
            "source_url": "",
            "content": "",
            "image": ""
        },
        {
            "rank": 1,
            "title": "U23国足历史性闯入亚洲杯决赛",
            "original_title": "",
            "source_platform": "人民日报",
            "source_url": "https://www.toutiao.com/article/7597497254148948521/",
            "content": "U23国足在亚洲杯半决赛中3:0横扫越南，队史首次晋级决赛，将与日本队争夺冠军。",
            "image": "images/rank1_U23国足历_20260121_062040.jpg"
        },
        {
            "rank": 2,
            "title": "本轮寒潮影响21日趋于结束",
            "original_title": "",
            "source_platform": "人民日报",
            "source_url": "https://baijiahao.baidu.com/s?id=1854827837279848027",
            "content": "中央气象台判断，本轮入冬最强雨雪冰冻天气的影响将于1月21日趋于结束，但气温仍将继续下降。",
            "image": "images/rank2_本轮寒潮影响_20260121_062040.jpg"
        },
        {
            "rank": 3,
            "title": "10分钟高强度运动能“抗炎”",
            "original_title": "",
            "source_platform": "人民日报",
            "source_url": "https://baijiahao.baidu.com/s?id=1854841225446479263",
            "content": "研究显示，约10分钟的高强度运动能改变血液成分，增强DNA修复能力，在体内创造出“抑癌环境”。",
            "image": "images/rank3_10分钟高强_20260121_062040.jpg"
        },
        {
            "rank": 4,
            "title": "一斤300多元黑草莓走红",
            "original_title": "",
            "source_platform": "界面新闻",
            "source_url": "https://baijiahao.baidu.com/s?id=1854842242353807491",
            "content": "一款售价高达300元一斤的“黑草莓”正逐渐走红，被誉为草莓届的“皇后”，成为水果新贵。",
            "image": "images/rank4_一斤300多_20260121_062040.jpg"
        },
        {
            "rank": 5,
            "title": "油价上调，加满一箱多花3.5元",
            "original_title": "",
            "source_platform": "央视新闻",
            "source_url": "https://news.qq.com/rain/a/20260120A05FLU00",
            "content": "1月20日24时起国内成品油价格上调，92号汽油加满50升油箱将多花约3.5元，为2026年首次上调。",
            "image": "images/rank5_油价上调_加_20260121_062040.jpg"
        },
        {
            "rank": 6,
            "title": "超一半人不知自己患糖尿病",
            "original_title": "",
            "source_platform": "日照日报",
            "source_url": "https://www.toutiao.com/article/7597277420843958799/",
            "content": "许多糖尿病患者早期无症状或不重视，导致确诊时已出现严重并发症，如视网膜病变或糖尿病足。",
            "image": "images/rank6_超一半人不知_20260121_062040.jpg"
        },
        {
            "rank": 7,
            "title": "夫妻吵架丈夫出走警察找一宿",
            "original_title": "",
            "source_platform": "环球网",
            "source_url": "https://www.toutiao.com/w/1854840637506907/",
            "content": "北京一对夫妻吵架后，丈夫称“不想活了”并离家出走，民警沿路寻找一整夜，最终将其找到。",
            "image": "images/rank7_夫妻吵架丈夫_20260121_062040.jpg"
        },
        {
            "rank": 8,
            "title": "人民日报三评西贝事件",
            "original_title": "",
            "source_platform": "人民日报",
            "source_url": "https://www.toutiao.com/article/7597379009462288896/",
            "content": "人民日报评论指出，自媒体不可肆意，应具体问题具体分析，不能因个别欠妥言行而否定网络舆论主流。",
            "image": "images/rank8_人民日报三评_20260121_062040.jpg"
        },
        {
            "rank": 9,
            "title": "物流装备“中国智造”走向全球",
            "original_title": "",
            "source_platform": "央视网",
            "source_url": "https://www.toutiao.com/article/7597357481257386531",
            "content": "安徽以科技创新为引擎，推动物流体系数智化升级，智能仓开启24小时不间断作业应对年货订单高峰。",
            "image": "images/rank9_物流装备_中_20260121_062040.jpg"
        }
    ],
    "timestamp": "20260121_062040"
}