{
    "news": [
        {
            "rank": 0,
            "title": "民生新策暖人心，消费奇闻引热议",
            "content": "",
            "image": ""
        },
        {
            "rank": 1,
            "title": "医保个人账户跨省共济启动",
            "source_platform": "光明网",
            "source_url": "https://www.toutiao.com/article/7593158663779435048/",
            "content": "国家医保局发布通知，职工医保个人账户共济范围从省内拓展至全国，近亲属可共享账户资金。",
            "image": "images/rank1_医保个人账户跨省共济_20260109_103523.jpeg"
        },
        {
            "rank": 2,
            "title": "车厘子价格跳水成日常水果",
            "source_platform": "新周刊",
            "source_url": "https://baijiahao.baidu.com/s?id=1853719645808263910",
            "content": "车厘子价格持续下跌，电商平台频现“地板价”，从年货宠儿变为日常消费。",
            "image": "images/rank2_车厘子价格跳水成日常_20260109_103525.jpg"
        },
        {
            "rank": 3,
            "title": "毛绒玩具藏黄金诈骗被拦截",
            "source_platform": "中华网",
            "source_url": "https://news.china.com/socialgd/10000169/20260109/49149294.html",
            "content": "警方拦截藏有10万元黄金的毛绒玩具快递，成功挽回投资诈骗受害者的全部损失。",
            "image": "images/rank3_毛绒玩具藏黄金诈骗被_20260109_103528.jpg"
        },
        {
            "rank": 4,
            "title": "平价羽绒服成中产过冬新宠",
            "source_platform": "新华网",
            "source_url": "https://www.baidu.com/s?wd=%E4%B8%89%E5%9B%9B%E7%99%BE%E5%9D%97%E9%92%B1%E7%9A%84%E7%BE%BD%E7%BB%92%E6%9C%8D%E4%B8%BA%E4%BD%95%E6%88%90%E4%BA%86%E6%8A%A2%E6%89%8B%E8%B4%A7&sa=fyb_news&rsv_dl=fyb_news",
            "content": "胖东来、Costco、山姆等品牌三四百元羽绒服热销，因高性价比成为消费者抢手货。",
            "image": "images/rank4_平价羽绒服成中产过冬_20260109_103530.jpg"
        },
        {
            "rank": 5,
            "title": "种粮大户发放2129万年终奖",
            "source_platform": "新华社",
            "source_url": "https://mbd.baidu.com/newspage/data/videolanding?nid=sv_3680951349449605262&sourceFrom=share",
            "content": "江西安义县种粮大户凌继河连续15年给农民发年终奖，今年总额达2129万元。",
            "image": "images/rank5_种粮大户发放2129_20260109_103532.jpg"
        },
        {
            "rank": 6,
            "title": "CPI同比涨幅创近三年新高",
            "source_platform": "界面新闻",
            "source_url": "https://news.qq.com/rain/a/20260109A02CAJ00#to-comment",
            "content": "2025年12月CPI同比上涨0.8%，食品价格拉动涨幅扩大，创2023年3月以来最高。",
            "image": "images/rank6_CPI同比涨幅创近三_20260109_103534.jpg"
        },
        {
            "rank": 7,
            "title": "最高法发布涉彩礼典型案例",
            "source_platform": "央视新闻",
            "source_url": "https://news.qq.com/rain/a/20260109A029LM00#to-comment",
            "content": "最高人民法院发布第三批涉彩礼纠纷案例，明确购车款等大额给付可视为彩礼。",
            "image": "images/rank7_最高法发布涉彩礼典型_20260109_103535.jpg"
        },
        {
            "rank": 8,
            "title": "沪指16连阳站稳4100点",
            "source_platform": "澎湃新闻",
            "source_url": "https://www.toutiao.com/article/7593254089329328650/",
            "content": "A股沪指收出16连阳，成功突破并站稳4100点，两市成交额超3万亿元。",
            "image": "images/rank8_沪指16连阳站稳41_20260109_103535.jpeg"
        },
        {
            "rank": 9,
            "title": "嘲笑同事破奖牌实为纯金",
            "source_platform": "封面新闻",
            "source_url": "https://mbd.baidu.com/newspage/data/videolanding?nid=sv_8401039220166560462",
            "content": "网友嘲笑同事20年工龄奖牌破旧，后发现该奖牌是纯金制作，为公司传统奖励。",
            "image": "images/rank9_嘲笑同事破奖牌实为纯_20260109_103536.jpg"
        }
    ]
}