{
    "news": [
        {
            "rank": 0,
            "title": "希拉里怒斥特朗普掩盖",
            "original_title": "",
            "source_platform": "",
            "source_url": "",
            "content": "",
            "image": ""
        },
        {
            "rank": 1,
            "title": "希拉里指控特朗普政府掩盖爱泼斯坦文件",
            "original_title": "Hillary Clinton accuses Trump administration of Epstein files 'cover-up' in BBC interview",
            "source_platform": "BBC News",
            "source_url": "https://www.bbc.com/news/articles/czx47k34yqxo",
            "content": "希拉里·克林顿指责特朗普政府在处理已故性犯罪者杰弗里·爱泼斯坦相关文件时存在“掩盖”行为。",
            "image": "images/rank1_希拉里指控特_20260217_185525.jpg"
        },
        {
            "rank": 2,
            "title": "美参议员凯利称将“认真考虑”竞选总统",
            "original_title": "US Senator Mark Kelly tells BBC he will 'seriously consider' White House run",
            "source_platform": "BBC News",
            "source_url": "https://www.bbc.com/news/articles/cy9gdvl4zv4o",
            "content": "美国民主党参议员马克·凯利表示，他将“认真考虑”在2028年竞选总统。",
            "image": "images/rank2_美参议员凯利_20260217_185525.jpg"
        },
        {
            "rank": 3,
            "title": "暗网调查员凭砖墙线索救出受害女孩",
            "original_title": "How dark web agent spotted bedroom wall clue to rescue girl from years of harm",
            "source_platform": "BBC News",
            "source_url": "https://www.bbc.com/news/articles/cx2gn239exlo",
            "content": "调查员通过分析照片中卧室砖墙的独特类型，最终定位并解救了一名长期遭受性虐待的女孩。",
            "image": "images/rank3_暗网调查员凭_20260217_185525.jpg"
        },
        {
            "rank": 4,
            "title": "冬奥冰壶作弊丑闻令加拿大人不安",
            "original_title": "'A sad day' - curling cheating row at Winter Games unsettles Canadians",
            "source_platform": "BBC News",
            "source_url": "https://www.bbc.com/news/articles/c9dne166pwlo",
            "content": "冬奥会冰壶比赛中，加拿大选手被指控“二次触石”作弊，引发争议并损害了国家形象。",
            "image": "images/rank4_冬奥冰壶作弊_20260217_185525.jpg"
        },
        {
            "rank": 5,
            "title": "约克公爵夫人六家公司进入清算程序",
            "original_title": "Six of Sarah Ferguson's companies winding down",
            "source_platform": "BBC News",
            "source_url": "https://www.bbc.com/news/articles/cd9g28yzy0no",
            "content": "与约克公爵夫人莎拉·弗格森相关的六家公司正被注销，文件显示这些公司已无商业活动。",
            "image": "images/rank5_约克公爵夫人_20260217_185525.jpg"
        },
        {
            "rank": 6,
            "title": "乌克兰为士兵免费冷冻精子应对人口危机",
            "original_title": "Facing a demographic catastrophe, Ukraine is paying for troops to freeze their sperm",
            "source_platform": "BBC News",
            "source_url": "https://www.bbc.com/news/articles/cqxd9549y4xo",
            "content": "为应对战争导致的人口危机，乌克兰政府资助前线士兵冷冻精子，以便阵亡后伴侣仍能生育。",
            "image": "images/rank6_乌克兰为士兵_20260217_185525.jpg"
        },
        {
            "rank": 7,
            "title": "FBI被指拒绝配合州级枪击案调查",
            "original_title": "FBI won't co-operate on Alex Pretti investigation, state officials say",
            "source_platform": "BBC News",
            "source_url": "https://www.bbc.com/news/articles/crk8nxg1p4xo",
            "content": "美国明尼苏达州官员称，联邦调查局拒绝配合他们对一起移民执法抗议活动中护士被枪杀案的调查。",
            "image": "images/rank7_FBI被指拒_20260217_185525.jpg"
        },
        {
            "rank": 8,
            "title": "美国民权领袖杰西·杰克逊去世",
            "original_title": "The Martin Luther King protege who helped reshape America",
            "source_platform": "BBC News",
            "source_url": "https://www.bbc.com/news/articles/cx77214zz9eo",
            "content": "美国民权运动标志性人物、两度竞选总统的杰西·杰克逊去世，享年84岁。",
            "image": "images/rank8_美国民权领袖_20260217_185525.jpg"
        },
        {
            "rank": 9,
            "title": "西班牙公寓火灾致五人死亡",
            "original_title": "Five dead after fire at apartment building in Spain",
            "source_platform": "Sky News",
            "source_url": "https://news.sky.com/story/five-dead-after-fire-at-apartment-building-in-spain-13507943",
            "content": "西班牙巴塞罗那附近一栋公寓楼发生火灾，造成至少五人死亡，五人受伤。",
            "image": "images/rank9_西班牙公寓火_20260217_185525.jpg"
        }
    ],
    "timestamp": "20260217_185525"
}