{
    "news": [
        {
            "rank": 0,
            "title": "娱乐资讯精选 | 01月12日热点",
            "content": "今日娱乐资讯精选：闫学晶发文道歉：习惯被捧忘了本、霍启刚公布个人财产：35套物业出租28套、朱媛媛遗作：戏服藏化疗管，腰栓止痛泵等热点话题"
        },
        {
            "rank": 1,
            "title": "闫学晶发文道歉：习惯被捧忘了本",
            "source_platform": "腾讯娱乐",
            "source_url": "https://news.qq.com/rain/a/20260111V05TD200",
            "content": "闫学晶发文道歉：习惯被捧忘了本",
            "image": "images/rank1_闫学晶发_20260112_054343.jpg"
        },
        {
            "rank": 2,
            "title": "霍启刚公布个人财产：35套物业出租28套",
            "source_platform": "腾讯娱乐",
            "source_url": "https://news.qq.com/rain/a/20260111A04VDC00",
            "content": "霍启刚公布个人财产：35套物业出租28套",
            "image": "images/rank2_霍启刚公_20260112_054343.jpg"
        },
        {
            "rank": 3,
            "title": "朱媛媛遗作：戏服藏化疗管，腰栓止痛泵",
            "source_platform": "腾讯娱乐",
            "source_url": "https://news.qq.com/rain/a/20260111A05WMG00",
            "content": "朱媛媛遗作：戏服藏化疗管，腰栓止痛泵",
            "image": "images/rank3_朱媛媛遗_20260112_054343.jpg"
        },
        {
            "rank": 4,
            "title": "过年穿什么",
            "source_platform": "抖音",
            "source_url": "https://www.douyin.com/hot/2364280",
            "content": "过年穿什么",
            "image": "images/rank4_过年穿什_20260112_054343_resized.jpg"
        },
        {
            "rank": 5,
            "title": "启动个人医保云建设试点",
            "source_platform": "抖音",
            "source_url": "https://www.douyin.com/hot/2363990",
            "content": "启动个人医保云建设试点",
            "image": "images/rank5_启动个人_20260112_054343_resized.jpg"
        },
        {
            "rank": 6,
            "title": "当我在欧洲半夜饿了",
            "source_platform": "抖音",
            "source_url": "https://www.douyin.com/hot/2364955",
            "content": "当我在欧洲半夜饿了",
            "image": "images/rank6_当我在欧_20260112_054343_resized.jpg"
        },
        {
            "rank": 7,
            "title": "《钓鱼佬和放生大妈的故事》",
            "source_platform": "哔哩哔哩",
            "source_url": "https://www.bilibili.com/video/BV1MJ6mBjEyZ",
            "content": "《钓鱼佬和放生大妈的故事》",
            "image": "images/rank7_《钓鱼佬_20260112_054343_resized.jpg"
        },
        {
            "rank": 8,
            "title": "你们期待的《黑猫警长》2026年又更新了！",
            "source_platform": "哔哩哔哩",
            "source_url": "https://www.bilibili.com/video/BV1VJrNBgEj5",
            "content": "你们期待的《黑猫警长》2026年又更新了！",
            "image": "images/rank8_你们期待_20260112_054343_resized.jpg"
        },
        {
            "rank": 9,
            "title": "【二战/历史向手书/CH】 轴心vs同盟 （My songs know what you did in the dark）",
            "source_platform": "哔哩哔哩",
            "source_url": "https://www.bilibili.com/video/BV1TdrKBeExE",
            "content": "【二战/历史向手书/CH】 轴心vs同盟 （My songs know what you did in the dark）",
            "image": "images/rank9_【二战_20260112_054343_resized.jpg"
        }
    ],
    "timestamp": "20260112_054343"
}