{
    "news": [
        {
            "rank": 0,
            "title": "俄军自曝：指挥官下令处决拒战士兵",
            "original_title": "",
            "source_platform": "",
            "source_url": "",
            "content": "",
            "image": ""
        },
        {
            "rank": 1,
            "title": "特朗普发表史上最长国情咨文，基调强硬",
            "original_title": "Trump's theatrical State of the Union address offers little hint of any change in course",
            "source_platform": "BBC News",
            "source_url": "https://www.bbc.com/news/articles/cx2d7x6zrwro",
            "content": "特朗普发表长达107分钟的国情咨文，宣扬政绩并攻击对手，但未提出实质性新政策。",
            "image": "images/rank1_特朗普发表史_20260225_193659.jpg"
        },
        {
            "rank": 2,
            "title": "喜剧演员马丁·肖特之女去世，年仅42岁",
            "original_title": "Martin Short's daughter Katherine dies at 42",
            "source_platform": "BBC News",
            "source_url": "https://www.bbc.com/news/articles/cqlgzrqqxpzo",
            "content": "加拿大喜剧演员马丁·肖特确认其42岁的女儿凯瑟琳去世，死因疑似为自杀。",
            "image": "images/rank2_喜剧演员马丁_20260225_193659.jpg"
        },
        {
            "rank": 3,
            "title": "英国新旅行系统生效，双重国籍者或受阻",
            "original_title": "New travel rules kick in - how are dual nationals affected?",
            "source_platform": "BBC News",
            "source_url": "https://www.bbc.com/news/articles/cy57p1v61d1o",
            "content": "英国电子旅行授权系统正式生效，无英国护照的双重国籍者可能被拒绝入境。",
            "image": "images/rank3_英国新旅行系_20260225_193659.jpg"
        },
        {
            "rank": 4,
            "title": "哈里梅根访问约旦，关注难民与儿童医疗",
            "original_title": "Harry and Meghan arrive in Middle East for summit on refugees' needs",
            "source_platform": "BBC News",
            "source_url": "https://www.bbc.com/news/articles/c5ykqg09k6yo",
            "content": "哈里王子与梅根抵达约旦，进行18个月来首次国际联合访问，关注冲突地区儿童医疗需求。",
            "image": "images/rank4_哈里梅根访问_20260225_193659.jpg"
        },
        {
            "rank": 5,
            "title": "伦敦时装周：品牌拥抱“怪咖”与“极客”",
            "original_title": "At London Fashion Week, brands cater to their unique type of freak and geek",
            "source_platform": "CNN",
            "source_url": "https://edition.cnn.com/2026/02/25/style/london-fashion-week-freak-and-geek-fall-winter-2026",
            "content": "伦敦时装周呈现多元化展示形式，设计师更注重与特定社群连接，而非传统走秀。",
            "image": "images/rank5_伦敦时装周__20260225_193659.jpg"
        },
        {
            "rank": 6,
            "title": "五角大楼威胁AI公司：不解除安全限制就封杀",
            "original_title": "Pentagon threatens to make Anthropic a pariah if it refuses to drop AI guardrails",
            "source_platform": "CNN",
            "source_url": "https://edition.cnn.com/2026/02/24/tech/hegseth-anthropic-ai-military-amodei",
            "content": "美国防部要求Anthropic公司解除其AI模型的安全限制，否则将终止合同并将其列入黑名单。",
            "image": "images/rank6_五角大楼威胁_20260225_193659.jpg"
        },
        {
            "rank": 7,
            "title": "俄罗斯拟以涉恐罪名封禁Telegram",
            "original_title": "Russia Moves Closer to Banning Telegram App, Saying It Foments Terrorism",
            "source_platform": "New York Times",
            "source_url": "https://www.nytimes.com/2026/02/24/world/europe/russia-telegram-pavel-durov-terrorism.html",
            "content": "俄罗斯安全部门正调查Telegram创始人杜罗夫，指控其协助恐怖主义，为全面封禁该应用铺路。",
            "image": "images/rank7_俄罗斯拟以涉_20260225_193659.jpg"
        },
        {
            "rank": 8,
            "title": "英国能源监管机构宣布4月大幅下调电费",
            "original_title": "Big drop in energy bills announced for April | Money blog",
            "source_platform": "Sky News",
            "source_url": "https://news.sky.com/story/money-live-tips-personal-finance-consumer-sky-news-latest-13040934",
            "content": "英国能源监管机构Ofgem宣布，从4月起能源账单将大幅下降。",
            "image": "images/rank8_英国能源监管_20260225_193659.jpg"
        },
        {
            "rank": 9,
            "title": "英国将迎反常高温，部分地区或达19摄氏度",
            "original_title": "UK to be warmer than Malta and Barcelona as temperatures may hit 19C, say forecasters",
            "source_platform": "Sky News",
            "source_url": "https://news.sky.com/story/uk-to-be-warmer-than-malta-and-barcelona-as-temperatures-may-hit-19c-say-forecasters-13511909",
            "content": "英国部分地区气温预计将升至19摄氏度，比马耳他和巴塞罗那等度假胜地更温暖。",
            "image": "images/rank9_英国将迎反常_20260225_193659.jpg"
        }
    ],
    "timestamp": "20260225_193659"
}