{
    "news": [
        {
            "rank": 0,
            "title": "【轰动】风波再起！众明星卷入，谁能独善其身？",
            "original_title": "",
            "source_platform": "",
            "source_url": "",
            "content": "",
            "image": ""
        },
        {
            "rank": 1,
            "title": "李亚鹏带货登总榜第一，90分钟销售额破5000万",
            "original_title": "",
            "source_platform": "腾讯娱乐",
            "source_url": "https://news.qq.com/rain/a/20260124A0042I00",
            "content": "李亚鹏带货登总榜第一，90分钟销售额破5000万",
            "image": "images/rank1_李亚鹏带货登_20260124_121559.jpg"
        },
        {
            "rank": 2,
            "title": "李行亮自曝因网友抵制接不到工作",
            "original_title": "",
            "source_platform": "腾讯娱乐",
            "source_url": "https://news.qq.com/rain/a/20260123A07XDF00",
            "content": "李行亮自曝因网友抵制接不到工作",
            "image": "images/rank2_李行亮自曝因_20260124_121559.jpg"
        },
        {
            "rank": 3,
            "title": "公益演出被卖票，女歌手怒怼",
            "original_title": "",
            "source_platform": "腾讯娱乐",
            "source_url": "https://news.qq.com/rain/a/20260123V06GNR00",
            "content": "公益演出被卖票，女歌手怒怼",
            "image": "images/rank3_公益演出被卖_20260124_121559.jpg"
        },
        {
            "rank": 4,
            "title": "徐帆女儿两次下场回应拒牵风波",
            "original_title": "",
            "source_platform": "腾讯娱乐",
            "source_url": "https://news.qq.com/rain/a/20260123V08G9B00",
            "content": "徐帆女儿两次下场回应拒牵风波",
            "image": "images/rank4_徐帆女儿两次_20260124_121559.jpg"
        },
        {
            "rank": 5,
            "title": "鹿晗风波后首露面状态惊艳，梦回跑男",
            "original_title": "",
            "source_platform": "腾讯娱乐",
            "source_url": "https://news.qq.com/rain/a/20260123V06G8Q00",
            "content": "鹿晗风波后首露面状态惊艳，梦回跑男",
            "image": "images/rank5_鹿晗风波后首_20260124_121559.jpg"
        },
        {
            "rank": 6,
            "title": "孙涛辟谣力挺闫学晶言论，将起诉造谣者",
            "original_title": "",
            "source_platform": "腾讯娱乐",
            "source_url": "https://news.qq.com/rain/a/20260123A04SPX00",
            "content": "孙涛辟谣力挺闫学晶言论，将起诉造谣者",
            "image": "images/rank6_孙涛辟谣力挺_20260124_121559.jpg"
        },
        {
            "rank": 7,
            "title": "赵婷不会是下一个李安",
            "original_title": "",
            "source_platform": "腾讯娱乐",
            "source_url": "https://news.qq.com/rain/a/20260123A05QLL00",
            "content": "赵婷不会是下一个李安",
            "image": "images/rank7_赵婷不会是下_20260124_121559.jpg"
        },
        {
            "rank": 8,
            "title": "外交部回应美调重兵前往伊朗",
            "original_title": "",
            "source_platform": "抖音热榜",
            "source_url": "https://www.douyin.com/hot/2377210",
            "content": "外交部回应美调重兵前往伊朗",
            "image": "images/rank8_外交部回应美_20260124_121559.jpg"
        },
        {
            "rank": 9,
            "title": "全国建成智能化煤矿超900处",
            "original_title": "",
            "source_platform": "抖音热榜",
            "source_url": "https://www.douyin.com/hot/2377926",
            "content": "全国建成智能化煤矿超900处",
            "image": "images/rank9_全国建成智能_20260124_121559.jpg"
        }
    ],
    "timestamp": "20260124_121559"
}