{
    "news": [
        {
            "rank": 0,
            "title": "马年养马竟成顶流？",
            "original_title": "",
            "source_platform": "",
            "source_url": "",
            "content": "",
            "image": ""
        },
        {
            "rank": 1,
            "title": "男子摔倒意外发现虫草",
            "original_title": "",
            "source_platform": "天眼新闻",
            "source_url": "https://baijiahao.baidu.com/s?id=1856295683997867515",
            "content": "贵州一男子上山摔倒，意外发现虫草，4天采获几百根，价值约三四千元。",
            "image": "images/rank1_男子摔倒意外_20260206_185134.jpg"
        },
        {
            "rank": 2,
            "title": "春节回家行李打包攻略",
            "original_title": "",
            "source_platform": "央视新闻",
            "source_url": "https://baijiahao.baidu.com/s?id=1856349760015246281",
            "content": "央视发布春节行李打包攻略，明确香烟、鱼竿可按规定携带，易燃油品禁止携带。",
            "image": "images/rank2_春节回家行李_20260206_185134.jpg"
        },
        {
            "rank": 3,
            "title": "预制菜国标设食品安全红线",
            "original_title": "",
            "source_platform": "人民日报",
            "source_url": "https://baijiahao.baidu.com/s?id=1856362749154597332",
            "content": "预制菜国标征求意见稿公布，人民日报称吃得放心是金标准，设食品安全红线。",
            "image": "images/rank3_预制菜国标设_20260206_185134.jpg"
        },
        {
            "rank": 4,
            "title": "马年矮脚马销量暴涨7成",
            "original_title": "",
            "source_platform": "光明网",
            "source_url": "https://baijiahao.baidu.com/s?id=1856343878159528133",
            "content": "马年将至，矮脚马凭借高颜值爆红网络，电商销量同比暴涨7成，进口马约5-7万元。",
            "image": "images/rank4_马年矮脚马销_20260206_185134.jpg"
        },
        {
            "rank": 5,
            "title": "中国机器人在冬奥会秀功夫",
            "original_title": "",
            "source_platform": "红星资本局",
            "source_url": "https://www.baidu.com/s?wd=%E4%B8%AD%E5%9B%BD%E6%9C%BA%E5%99%A8%E4%BA%BA%E5%9C%A8%E7%B1%B3%E5%85%B0%E5%86%AC%E5%A5%A5%E4%BC%9A%E5%A4%A7%E7%A7%80%E5%8A%9F%E5%A4%AB&sa=fyb_news&rsv_dl=fyb_news",
            "content": "米兰冬奥会“中国之家”机器人身穿红马甲现身雪地，跳舞、秀功夫并送上飞吻。",
            "image": "images/rank5_中国机器人在_20260206_185134.jpg"
        },
        {
            "rank": 6,
            "title": "小伙徒步1400公里回家",
            "original_title": "",
            "source_platform": "长江云新闻",
            "source_url": "https://baijiahao.baidu.com/s?id=1856354404079590646",
            "content": "湖北小伙从上海徒步1400公里回恩施，历时33天磨坏两双鞋，父亲见其消瘦落泪。",
            "image": "images/rank6_小伙徒步14_20260206_185134.jpg"
        },
        {
            "rank": 7,
            "title": "黄仁勋酒后称编程不值钱",
            "original_title": "",
            "source_platform": "字母AI",
            "source_url": "https://news.qq.com/rain/a/20260205A059FM00",
            "content": "英伟达CEO黄仁勋在酒后对话中称编程只是打字，已经不值钱了，引发热议。",
            "image": "images/rank7_黄仁勋酒后称_20260206_185134.jpg"
        },
        {
            "rank": 8,
            "title": "企业请男团跳舞大爷闯入",
            "original_title": "",
            "source_platform": "极目新闻",
            "source_url": "https://www.toutiao.com/article/7603670694626361910/",
            "content": "山东企业请男团跳《大花轿》拍宣传视频，大爷骑三轮车闯入镜头，企业赠其年货感谢。",
            "image": "images/rank8_企业请男团跳_20260206_185134.jpg"
        },
        {
            "rank": 9,
            "title": "小偷偷刮刮乐未中大奖",
            "original_title": "",
            "source_platform": "纵览新闻",
            "source_url": "https://www.toutiao.com/video/7603608852407746575/",
            "content": "小偷偷走十几万元刮刮乐彩票，全部刮完后未中大奖，事件引发关注。",
            "image": "images/rank9_小偷偷刮刮乐_20260206_185134.jpg"
        }
    ],
    "timestamp": "20260206_185134"
}