{
    "news": [
        {
            "rank": 0,
            "title": "【轰动】风波再起！众明星卷入，谁能独善其身？",
            "original_title": "",
            "source_platform": "",
            "source_url": "",
            "content": "",
            "image": ""
        },
        {
            "rank": 1,
            "title": "刘晓庆复工现身乡村春晚，现场人山人海",
            "original_title": "",
            "source_platform": "腾讯娱乐",
            "source_url": "https://news.qq.com/rain/a/20260223V060PA00",
            "content": "刘晓庆复工现身乡村春晚，现场人山人海",
            "image": "images/rank1_刘晓庆复工现_20260224_185730.jpg"
        },
        {
            "rank": 2,
            "title": "《飞驰3》：拍的是不服输的你我",
            "original_title": "",
            "source_platform": "腾讯娱乐",
            "source_url": "https://news.qq.com/rain/a/20260222A06LI100",
            "content": "《飞驰3》：拍的是不服输的你我",
            "image": "images/rank2__飞驰3___20260224_185730.jpg"
        },
        {
            "rank": 3,
            "title": "32岁歌手徐浩宣布转行干团播",
            "original_title": "",
            "source_platform": "腾讯娱乐",
            "source_url": "https://news.qq.com/rain/a/20260224V020A300",
            "content": "32岁歌手徐浩宣布转行干团播",
            "image": "images/rank3_32岁歌手徐_20260224_185730.jpg"
        },
        {
            "rank": 4,
            "title": "黄晓明回应澳门输十几亿传闻：AI造假",
            "original_title": "",
            "source_platform": "腾讯娱乐",
            "source_url": "https://news.qq.com/rain/a/20260223V03IGE00",
            "content": "黄晓明回应澳门输十几亿传闻：AI造假",
            "image": "images/rank4_黄晓明回应澳_20260224_185730.jpg"
        },
        {
            "rank": 5,
            "title": "对20家日本实体实施出口管制",
            "original_title": "",
            "source_platform": "抖音热榜",
            "source_url": "https://www.douyin.com/hot/2409980",
            "content": "对20家日本实体实施出口管制",
            "image": "images/rank5_对20家日本_20260224_185730.jpg"
        },
        {
            "rank": 6,
            "title": "和好朋友见面越来越难了",
            "original_title": "",
            "source_platform": "抖音热榜",
            "source_url": "https://www.douyin.com/hot/2409998",
            "content": "和好朋友见面越来越难了",
            "image": "images/rank6_和好朋友见面_20260224_185730.jpg"
        },
        {
            "rank": 7,
            "title": "春节假期我国多领域解锁新成就",
            "original_title": "",
            "source_platform": "抖音热榜",
            "source_url": "https://www.douyin.com/hot/2410531",
            "content": "春节假期我国多领域解锁新成就",
            "image": "images/rank7_春节假期我国_20260224_185730.jpg"
        },
        {
            "rank": 8,
            "title": "惊艳千年的非遗花丝镶嵌",
            "original_title": "",
            "source_platform": "抖音热榜",
            "source_url": "https://www.douyin.com/hot/2410110",
            "content": "惊艳千年的非遗花丝镶嵌",
            "image": "images/rank8_惊艳千年的非_20260224_185730.jpg"
        },
        {
            "rank": 9,
            "title": "俄乌冲突四周年",
            "original_title": "",
            "source_platform": "抖音热榜",
            "source_url": "https://www.douyin.com/hot/2410434",
            "content": "俄乌冲突四周年",
            "image": "images/rank9_俄乌冲突四周_20260224_185730.jpg"
        }
    ],
    "timestamp": "20260224_185730"
}