{
    "news": [
        {
            "rank": 0,
            "title": "【轰动】风波再起！众明星卷入，谁能独善其身？",
            "original_title": "",
            "source_platform": "",
            "source_url": "",
            "content": "",
            "image": ""
        },
        {
            "rank": 1,
            "title": "春节档选角大起底",
            "original_title": "",
            "source_platform": "腾讯娱乐",
            "source_url": "https://news.qq.com/rain/a/20260119A06IEL00",
            "content": "春节档选角大起底",
            "image": "images/rank1_春节档选角大_20260120_061917.jpg"
        },
        {
            "rank": 2,
            "title": "陈光标喊话李亚鹏提供银行卡号",
            "original_title": "",
            "source_platform": "腾讯娱乐",
            "source_url": "https://news.qq.com/rain/a/20260119V06QF400",
            "content": "陈光标喊话李亚鹏提供银行卡号",
            "image": "images/rank2_陈光标喊话李_20260120_061917.jpg"
        },
        {
            "rank": 3,
            "title": "94岁胡枫寿宴摆20余桌",
            "original_title": "",
            "source_platform": "腾讯娱乐",
            "source_url": "https://news.qq.com/rain/a/20260119V07BKR00",
            "content": "94岁胡枫寿宴摆20余桌",
            "image": "images/rank3_94岁胡枫寿_20260120_061917.jpg"
        },
        {
            "rank": 4,
            "title": "汪苏泷吐槽王赫野口音重",
            "original_title": "",
            "source_platform": "腾讯娱乐",
            "source_url": "https://news.qq.com/rain/a/20260119V05TJE00",
            "content": "汪苏泷吐槽王赫野口音重",
            "image": "images/rank4_汪苏泷吐槽王_20260120_061917.jpg"
        },
        {
            "rank": 5,
            "title": "坐上公交出趟国",
            "original_title": "",
            "source_platform": "抖音热榜",
            "source_url": "https://www.douyin.com/hot/2372842",
            "content": "坐上公交出趟国",
            "image": "images/rank5_坐上公交出趟_20260120_061917.jpg"
        },
        {
            "rank": 6,
            "title": "2025年国民经济运行情况",
            "original_title": "",
            "source_platform": "抖音热榜",
            "source_url": "https://www.douyin.com/hot/2372470",
            "content": "2025年国民经济运行情况",
            "image": "images/rank6_2025年国_20260120_061917.jpg"
        },
        {
            "rank": 7,
            "title": "西班牙列车脱轨相撞已致39死",
            "original_title": "",
            "source_platform": "抖音热榜",
            "source_url": "https://www.douyin.com/hot/2372817",
            "content": "西班牙列车脱轨相撞已致39死",
            "image": "images/rank7_西班牙列车脱_20260120_061917.jpg"
        },
        {
            "rank": 8,
            "title": "别辜负眼前季节",
            "original_title": "",
            "source_platform": "抖音热榜",
            "source_url": "https://www.douyin.com/hot/2373001",
            "content": "别辜负眼前季节",
            "image": "images/rank8_别辜负眼前季_20260120_061917.jpg"
        },
        {
            "rank": 9,
            "title": "云南昭通5.1级地震",
            "original_title": "",
            "source_platform": "抖音热榜",
            "source_url": "https://www.douyin.com/hot/2373319",
            "content": "云南昭通5.1级地震",
            "image": "images/rank9_云南昭通5__20260120_061917.jpg"
        }
    ],
    "timestamp": "20260120_061917"
}