{
    "news": [
        {
            "rank": 0,
            "title": "便宜货背后藏啥坑？",
            "original_title": "",
            "source_platform": "",
            "source_url": "",
            "content": "",
            "image": ""
        },
        {
            "rank": 1,
            "title": "胖东来599元羽绒服充绒量213克",
            "original_title": "",
            "source_platform": "C位看热点资讯",
            "source_url": "https://baijiahao.baidu.com/s?id=1854453374565783714",
            "content": "胖东来一款599元羽绒服因充绒量最高达213克引发关注，门店称绒子含量超90%，目前已断货年内不再补货。",
            "image": "images/rank1_胖东来599_20260116_183334.jpg"
        },
        {
            "rank": 2,
            "title": "春运坐火车 不用自己拿行李了",
            "original_title": "",
            "source_platform": "央视新闻",
            "source_url": "https://baijiahao.baidu.com/s?id=1854467361748557006",
            "content": "中铁快运自2026年1月15日起扩大“轻装行”服务试点范围，新增92个车站，减轻旅客携带大件行李负担。",
            "image": "images/rank2_春运坐火车__20260116_183334.jpg"
        },
        {
            "rank": 3,
            "title": "大爷治牙后拿钳子验收秒掰断",
            "original_title": "",
            "source_platform": "star星视频",
            "source_url": "https://baijiahao.baidu.com/s?id=1854464661546951214",
            "content": "山西太原一大爷做完牙齿修复后，现场拿钳子验收秒掰断，医院回应已退钱。",
            "image": "images/rank3_大爷治牙后拿_20260116_183334.jpg"
        },
        {
            "rank": 4,
            "title": "计划关店102家，贾国龙发文：被污蔑125天",
            "original_title": "",
            "source_platform": "深网",
            "source_url": "https://news.qq.com/rain/a/20260115A06SP300",
            "content": "西贝宣布将一次性关闭全国102家门店，创始人贾国龙发文称被污蔑125天，不懂公关就该被欺辱？",
            "image": "images/rank4_计划关店10_20260116_183334.jpg"
        },
        {
            "rank": 5,
            "title": "23岁女子因被逼嫁给38岁男子喝药轻生？",
            "original_title": "",
            "source_platform": "大风新闻",
            "source_url": "https://news.qq.com/rain/a/20260115A0841500",
            "content": "23岁女子被指因被逼婚换彩礼喝药轻生，当地妇联称救治结束后会澄清，双方知情人士讲述事件。",
            "image": "images/rank5_23岁女子因_20260116_183334.jpg"
        },
        {
            "rank": 6,
            "title": "境外收入的补税追溯期最早可至2017年",
            "original_title": "",
            "source_platform": "财联社",
            "source_url": "https://news.qq.com/rain/a/20260115A07WMJ00",
            "content": "中国内地税务居民境外收入补税追溯期较此前拉长，最早可至2020年甚至2017年，税务部门要求自查申报。",
            "image": "images/rank6_境外收入的补_20260116_183334.jpg"
        },
        {
            "rank": 7,
            "title": "天津大学原校长金东寒已从院士名单中撤下",
            "original_title": "",
            "source_platform": "澎湃新闻",
            "source_url": "https://news.qq.com/rain/a/20260115A07MOX00",
            "content": "中国工程院官网“全体院士名单”中，曾任天津大学校长的金东寒名字已撤下，具体原因未说明。",
            "image": "images/rank7_天津大学原校_20260116_183334.jpg"
        },
        {
            "rank": 8,
            "title": "聂卫平治丧工作小组发布讣告",
            "original_title": "",
            "source_platform": "红星新闻",
            "source_url": "https://news.qq.com/rain/a/20260115A06ZT000",
            "content": "中国围棋协会名誉主席聂卫平因病逝世，享年74岁，遗体送别仪式将于1月18日举行。",
            "image": "images/rank8_聂卫平治丧工_20260116_183334.jpg"
        },
        {
            "rank": 9,
            "title": "你看好哪支NBA西部球队",
            "original_title": "",
            "source_platform": "不懂球还侃侃而谈",
            "source_url": "https://www.toutiao.com/w/1854443204188355/",
            "content": "湖人近5战4负，火箭惨遭雷霆双杀，勇士击退尼克斯，快船追平灰熊，西部最新排名引发讨论。",
            "image": "images/rank9_你看好哪支N_20260116_183334.jpg"
        }
    ],
    "timestamp": "20260116_183334"
}