{
    "news": [
        {
            "rank": 0,
            "title": "俄将军遇刺，美伊密谈",
            "original_title": "",
            "source_platform": "",
            "source_url": "",
            "content": "",
            "image": ""
        },
        {
            "rank": 1,
            "title": "俄罗斯将军在莫斯科遭枪击受伤",
            "original_title": "Russian general shot several times in Moscow",
            "source_platform": "BBC News",
            "source_url": "https://www.bbc.com/news/articles/c3686nzexp3o",
            "content": "俄罗斯军事情报总局（GRU）高级将领阿列克谢耶夫中将在莫斯科一公寓楼外遭枪击，身中数枪后被送医。",
            "image": "images/rank1_俄罗斯将军在_20260206_185134.jpg"
        },
        {
            "rank": 2,
            "title": "加拿大与法国将在格陵兰开设领事馆",
            "original_title": "Canada and France to open Greenland consulates after Trump demands",
            "source_platform": "BBC News",
            "source_url": "https://www.bbc.com/news/articles/c0r4lrly44xo",
            "content": "加拿大和法国宣布将在格陵兰开设领事馆，以展示对格陵兰的支持，回应特朗普此前对该领土的威胁。",
            "image": "images/rank2_加拿大与法国_20260206_185134.jpg"
        },
        {
            "rank": 3,
            "title": "卢浮宫遭劫皇后王冠被压扁但可修复",
            "original_title": "Louvre Museum crown left crushed but 'intact' after raid",
            "source_platform": "BBC News",
            "source_url": "https://www.bbc.com/news/articles/cn40ev200yjo",
            "content": "卢浮宫去年10月遭劫，法国欧仁妮皇后的钻石王冠被窃贼逃跑时掉落压扁，但博物馆称其“几乎完好”，可完全修复。",
            "image": "images/rank3_卢浮宫遭劫皇_20260206_185134.jpg"
        },
        {
            "rank": 4,
            "title": "加拿大公布汽车业计划以摆脱对美依赖",
            "original_title": "Canada unveils auto industry plan in latest pivot away from US",
            "source_platform": "BBC News",
            "source_url": "https://www.bbc.com/news/articles/cvgd2j80klmo",
            "content": "加拿大总理公布新计划，通过激励措施和电动车补贴支持本国汽车业，以应对美国关税并减少对美依赖。",
            "image": "images/rank4_加拿大公布汽_20260206_185134.jpg"
        },
        {
            "rank": 5,
            "title": "美伊高级官员将在阿曼举行会谈",
            "original_title": "US and Iran talks to begin as fears of direct conflict continue",
            "source_platform": "BBC News",
            "source_url": "https://www.bbc.com/news/articles/cr57g1y8286o",
            "content": "美伊高级官员将在阿曼举行直接会谈，试图缓解紧张局势，避免军事对抗。双方在谈判范围上仍存分歧。",
            "image": "images/rank5_美伊高级官员_20260206_185134.jpg"
        },
        {
            "rank": 6,
            "title": "布里斯班公布23亿澳元奥运主场馆设计",
            "original_title": "Plans for $2.3 billion stadium ignite debate in 2032 Olympics host city",
            "source_platform": "CNN",
            "source_url": "https://edition.cnn.com/2026/01/07/style/australia-brisbane-olympic-stadium-victoria-park-hnk-intl",
            "content": "澳大利亚布里斯班公布2032年奥运会主场馆设计，灵感来自当地“昆士兰”式住宅，耗资23亿澳元，引发争议。",
            "image": "images/rank6_布里斯班公布_20260206_185134.jpg"
        },
        {
            "rank": 7,
            "title": "姐妹被困苏格兰古堡60英尺高墙",
            "original_title": "The sisters who got stuck in a Scottish castle",
            "source_platform": "CNN",
            "source_url": "https://edition.cnn.com/travel/sisters-stuck-scottish-castle-dunstaffnage-great-escapes",
            "content": "两名姐妹在苏格兰邓斯塔夫纳奇城堡参观时，意外被困在约60英尺高的古城墙顶部，无法找到出路。",
            "image": "images/rank7_姐妹被困苏格_20260206_185134.jpg"
        },
        {
            "rank": 8,
            "title": "土拨鼠预测：还有六周寒冬",
            "original_title": "What did the groundhog see? Punxsutawney Phil’s winter prediction is in",
            "source_platform": "CNN",
            "source_url": "https://edition.cnn.com/2026/02/02/weather/groundhog-day-shadow-winter-spring-climate",
            "content": "美国宾州著名“气象预报员”土拨鼠菲尔在“土拨鼠日”出洞后看到了自己的影子，预示冬天还将持续六周。",
            "image": "images/rank8_土拨鼠预测__20260206_185134.jpg"
        },
        {
            "rank": 9,
            "title": "美国与哥伦比亚总统将举行关键会晤",
            "original_title": "From clash to dialogue: Petro arrives in Washington for key encounter with Trump after year of tensions",
            "source_platform": "CNN",
            "source_url": "https://edition.cnn.com/2026/02/02/americas/colombia-petro-president-trump-meeting-latam-intl",
            "content": "哥伦比亚总统佩特罗抵达华盛顿，将与美国总统特朗普举行关键会晤，试图结束两国长达一年的紧张关系。",
            "image": "images/rank9_美国与哥伦比_20260206_185134.jpg"
        }
    ],
    "timestamp": "20260206_185134"
}