{
    "news": [
        {
            "rank": 0,
            "title": "GUESS突然撤出中国？",
            "original_title": "",
            "source_platform": "",
            "source_url": "",
            "content": "",
            "image": ""
        },
        {
            "rank": 1,
            "title": "GUESS回应“关闭中国所有门店”",
            "original_title": "",
            "source_platform": "第一财经",
            "source_url": "https://baijiahao.baidu.com/s?id=1858381279181875057",
            "content": "美国时尚品牌GUESS宣布3月关闭中国市场所有线上线下门店，母公司称此为战略调整，未来将以全新模式深耕中国。",
            "image": "images/rank1_GUESS回_20260302_062049.jpg"
        },
        {
            "rank": 2,
            "title": "外资创纪录抛售韩国股票",
            "original_title": "",
            "source_platform": "21世纪经济报道",
            "source_url": "https://baijiahao.baidu.com/s?id=1858450758950860280",
            "content": "全球投资者以创纪录规模抛售韩国股票，单日净卖出6.8万亿韩元，刷新历史纪录。",
            "image": "images/rank2_外资创纪录抛_20260302_062049.jpg"
        },
        {
            "rank": 3,
            "title": "几块钱的巴沙鱼能放心吃吗",
            "original_title": "",
            "source_platform": "科普中国",
            "source_url": "https://baijiahao.baidu.com/s?id=1858373758754238142",
            "content": "巴沙鱼因养殖规模化、成本低而价格低廉，其养殖成本本就不高，可放心食用。",
            "image": "images/rank3_几块钱的巴沙_20260302_062049.jpg"
        },
        {
            "rank": 4,
            "title": "首都机场工作人员穿汉服",
            "original_title": "",
            "source_platform": "大公文汇全媒体官方号",
            "source_url": "https://www.toutiao.com/video/7612235539391414291/",
            "content": "首都机场工作人员穿上汉服，展现传统文化魅力，引发关注。",
            "image": "images/rank4_首都机场工作_20260302_062049.jpg"
        },
        {
            "rank": 5,
            "title": "广东街头现震撼“龙吸水”",
            "original_title": "",
            "source_platform": "大象新闻",
            "source_url": "https://www.toutiao.com/video/7612216559641034786/",
            "content": "广东街头出现震撼的“龙吸水”现象，引发市民围观和拍摄。",
            "image": "images/rank5_广东街头现震_20260302_062049.jpg"
        },
        {
            "rank": 6,
            "title": "亲母女嫁给亲父子",
            "original_title": "",
            "source_platform": "掌闻视讯",
            "source_url": "https://www.toutiao.com/video/7612146065197842959/",
            "content": "一则“亲母女嫁给亲父子”的奇闻引发网络热议，具体细节尚待核实。",
            "image": "images/rank6_亲母女嫁给亲_20260302_062049.jpg"
        },
        {
            "rank": 7,
            "title": "男子称新能源车续航大“跳水”",
            "original_title": "",
            "source_platform": "河南民生频道",
            "source_url": "https://www.toutiao.com/video/7612226026944331810/",
            "content": "一名男子称购买的新能源汽车续航里程大幅“跳水”，引发对电动车性能的讨论。",
            "image": "images/rank7_男子称新能源_20260302_062049.jpg"
        },
        {
            "rank": 8,
            "title": "中国为何要造C919客机",
            "original_title": "",
            "source_platform": "文晓书生",
            "source_url": "https://www.toutiao.com/w/1858151926603785/",
            "content": "C919客机是中国航空工业崛起的象征，作为国家级战略工程，旨在提升自主创新和全球竞争力。",
            "image": "images/rank8_中国为何要造_20260302_062049.jpg"
        },
        {
            "rank": 9,
            "title": "全国两会知识帖来了",
            "original_title": "",
            "source_platform": "人民日报",
            "source_url": "https://www.toutiao.com/article/7612221305689817641",
            "content": "人民日报发布全国两会知识帖，帮助公众了解两会相关信息和知识。",
            "image": "images/rank9_全国两会知识_20260302_062049.jpg"
        }
    ],
    "timestamp": "20260302_062049"
}