{
    "news": [
        {
            "rank": 0,
            "title": "【轰动】风波再起！众明星卷入，谁能独善其身？",
            "original_title": "",
            "source_platform": "",
            "source_url": "",
            "content": "",
            "image": ""
        },
        {
            "rank": 1,
            "title": "金晨交通肇事逃逸被罚1500元",
            "original_title": "",
            "source_platform": "腾讯娱乐",
            "source_url": "https://news.qq.com/rain/a/20260207A057L200",
            "content": "金晨交通肇事逃逸被罚1500元",
            "image": "images/rank1_金晨交通肇事_20260207_183531.jpg"
        },
        {
            "rank": 2,
            "title": "冯巩倪萍世纪拥抱！首届《乐龄春晚》刷屏",
            "original_title": "",
            "source_platform": "腾讯娱乐",
            "source_url": "https://news.qq.com/rain/a/20260206V063CW00",
            "content": "冯巩倪萍世纪拥抱！首届《乐龄春晚》刷屏",
            "image": "images/rank2_冯巩倪萍世纪_20260207_183531.jpg"
        },
        {
            "rank": 3,
            "title": "小李子超模女友惊艳冬奥会",
            "original_title": "",
            "source_platform": "腾讯娱乐",
            "source_url": "https://news.qq.com/rain/a/20260207A01JAK00",
            "content": "小李子超模女友惊艳冬奥会",
            "image": "images/rank3_小李子超模女_20260207_183531.jpg"
        },
        {
            "rank": 4,
            "title": "那英孙楠时隔26年再合唱经典老歌",
            "original_title": "",
            "source_platform": "腾讯娱乐",
            "source_url": "https://news.qq.com/rain/a/20260207V03CNU00",
            "content": "那英孙楠时隔26年再合唱经典老歌",
            "image": "images/rank4_那英孙楠时隔_20260207_183531.jpg"
        },
        {
            "rank": 5,
            "title": "向佐谈原生家庭和郭碧婷",
            "original_title": "",
            "source_platform": "腾讯娱乐",
            "source_url": "https://news.qq.com/rain/a/20260207V035XF00",
            "content": "向佐谈原生家庭和郭碧婷",
            "image": "images/rank5_向佐谈原生家_20260207_183531.jpg"
        },
        {
            "rank": 6,
            "title": "龚俊称下部戏会展现更open的自己",
            "original_title": "",
            "source_platform": "腾讯娱乐",
            "source_url": "https://news.qq.com/rain/a/20260206V07UQA00",
            "content": "龚俊称下部戏会展现更open的自己",
            "image": "images/rank6_龚俊称下部戏_20260207_183531.jpg"
        },
        {
            "rank": 7,
            "title": "大S离世一周年豪宅仍未过户",
            "original_title": "",
            "source_platform": "腾讯娱乐",
            "source_url": "https://news.qq.com/rain/a/20260206A07VZ700",
            "content": "大S离世一周年豪宅仍未过户",
            "image": "images/rank7_大S离世一周_20260207_183531.jpg"
        },
        {
            "rank": 8,
            "title": "蔡徐坤《colder》MV上线",
            "original_title": "",
            "source_platform": "腾讯娱乐",
            "source_url": "https://news.qq.com/rain/a/20260206V07WXG00",
            "content": "蔡徐坤《colder》MV上线",
            "image": "images/rank8_蔡徐坤_co_20260207_183531.jpg"
        },
        {
            "rank": 9,
            "title": "我国发射可重复使用试验航天器",
            "original_title": "",
            "source_platform": "抖音热榜",
            "source_url": "https://www.douyin.com/hot/2392648",
            "content": "我国发射可重复使用试验航天器",
            "image": "images/rank9_我国发射可重_20260207_183531.jpg"
        }
    ],
    "timestamp": "20260207_183531"
}