{
    "news": [
        {
            "rank": 0,
            "title": "【轰动】风波再起！众明星卷入，谁能独善其身？",
            "original_title": "",
            "source_platform": "",
            "source_url": "",
            "content": "",
            "image": ""
        },
        {
            "rank": 1,
            "title": "奥运冠军武大靖勇闯歌坛",
            "original_title": "",
            "source_platform": "腾讯娱乐",
            "source_url": "https://news.qq.com/rain/a/20260220V02XXA00",
            "content": "奥运冠军武大靖勇闯歌坛",
            "image": "images/rank1_奥运冠军武大_20260220_184708.jpg"
        },
        {
            "rank": 2,
            "title": "演员埃里克·迪恩因渐冻症去世",
            "original_title": "",
            "source_platform": "腾讯娱乐",
            "source_url": "https://news.qq.com/rain/a/20260220A035G600",
            "content": "演员埃里克·迪恩因渐冻症去世",
            "image": "images/rank2_演员埃里克__20260220_184708.jpg"
        },
        {
            "rank": 3,
            "title": "《镖人》票房连续逆跌",
            "original_title": "",
            "source_platform": "腾讯娱乐",
            "source_url": "https://news.qq.com/rain/a/20260219A05I9700",
            "content": "《镖人》票房连续逆跌",
            "image": "images/rank3__镖人_票房_20260220_184708.jpg"
        },
        {
            "rank": 4,
            "title": "陈妍希脱口秀回应“小笼包”标签",
            "original_title": "",
            "source_platform": "腾讯娱乐",
            "source_url": "https://news.qq.com/rain/a/20260220A036P900",
            "content": "陈妍希脱口秀回应“小笼包”标签",
            "image": "images/rank4_陈妍希脱口秀_20260220_184708.jpg"
        },
        {
            "rank": 5,
            "title": "《熊出没》角色撞脸薛之谦",
            "original_title": "",
            "source_platform": "腾讯娱乐",
            "source_url": "https://news.qq.com/rain/a/20260220V0378500",
            "content": "《熊出没》角色撞脸薛之谦",
            "image": "images/rank5__熊出没_角_20260220_184708.jpg"
        },
        {
            "rank": 6,
            "title": "富得流油在食物上具象化了",
            "original_title": "",
            "source_platform": "抖音热榜",
            "source_url": "https://www.douyin.com/hot/2406790",
            "content": "富得流油在食物上具象化了",
            "image": "images/rank6_富得流油在食_20260220_184708.jpg"
        },
        {
            "rank": 7,
            "title": "谷爱凌谈兼顾多个项目",
            "original_title": "",
            "source_platform": "抖音热榜",
            "source_url": "https://www.douyin.com/hot/2406354",
            "content": "谷爱凌谈兼顾多个项目",
            "image": "images/rank7_谷爱凌谈兼顾_20260220_184708.jpg"
        },
        {
            "rank": 8,
            "title": "广东阳江市阳西县4.0级地震",
            "original_title": "",
            "source_platform": "抖音热榜",
            "source_url": "https://www.douyin.com/hot/2406815",
            "content": "广东阳江市阳西县4.0级地震",
            "image": "images/rank8_广东阳江市阳_20260220_184708.jpg"
        },
        {
            "rank": 9,
            "title": "勇士110:121不敌凯尔特人 ​",
            "original_title": "",
            "source_platform": "抖音热榜",
            "source_url": "https://www.douyin.com/hot/2406652",
            "content": "勇士110:121不敌凯尔特人 ​",
            "image": "images/rank9_勇士110__20260220_184708.jpg"
        }
    ],
    "timestamp": "20260220_184708"
}