{
    "news": [
        {
            "rank": 0,
            "title": "【轰动】风波再起！众明星卷入，谁能独善其身？",
            "original_title": "",
            "source_platform": "",
            "source_url": "",
            "content": "",
            "image": ""
        },
        {
            "rank": 1,
            "title": "张呈精心设计不如雷淞然灵机一动",
            "original_title": "",
            "source_platform": "腾讯娱乐",
            "source_url": "https://news.qq.com/rain/a/20260213V06NWD00",
            "content": "张呈精心设计不如雷淞然灵机一动",
            "image": "images/rank1_张呈精心设计_20260214_062932.jpg"
        },
        {
            "rank": 2,
            "title": "张小婉粉色羽绒服亮相央视春晚彩排",
            "original_title": "",
            "source_platform": "腾讯娱乐",
            "source_url": "https://news.qq.com/rain/a/20260213V06KSB00",
            "content": "张小婉粉色羽绒服亮相央视春晚彩排",
            "image": "images/rank2_张小婉粉色羽_20260214_062932.jpg"
        },
        {
            "rank": 3,
            "title": "金润吉吴莫愁飙歌",
            "original_title": "",
            "source_platform": "腾讯娱乐",
            "source_url": "https://news.qq.com/rain/a/20260213V06SRZ00",
            "content": "金润吉吴莫愁飙歌",
            "image": "images/rank3_金润吉吴莫愁_20260214_062932.jpg"
        },
        {
            "rank": 4,
            "title": "真人新剧《暗影蜘蛛侠》定档5月25日",
            "original_title": "",
            "source_platform": "腾讯娱乐",
            "source_url": "https://news.qq.com/rain/a/20260213A03WIG00",
            "content": "真人新剧《暗影蜘蛛侠》定档5月25日",
            "image": "images/rank4_真人新剧_暗_20260214_062932.jpg"
        },
        {
            "rank": 5,
            "title": "抖音非遗联欢会好戏登场了",
            "original_title": "",
            "source_platform": "抖音热榜",
            "source_url": "https://www.douyin.com/hot/2398666",
            "content": "抖音非遗联欢会好戏登场了",
            "image": "images/rank5_抖音非遗联欢_20260214_062932.jpg"
        },
        {
            "rank": 6,
            "title": "一起了解火车票“捡漏”技巧",
            "original_title": "",
            "source_platform": "抖音热榜",
            "source_url": "https://www.douyin.com/hot/2399928",
            "content": "一起了解火车票“捡漏”技巧",
            "image": "images/rank6_一起了解火车_20260214_062932.jpg"
        },
        {
            "rank": 7,
            "title": "全国年味巡游开始啦",
            "original_title": "",
            "source_platform": "抖音热榜",
            "source_url": "https://www.douyin.com/hot/2399220",
            "content": "全国年味巡游开始啦",
            "image": "images/rank7_全国年味巡游_20260214_062932.jpg"
        },
        {
            "rank": 8,
            "title": "南北方年夜饭谁才是年味顶流",
            "original_title": "",
            "source_platform": "抖音热榜",
            "source_url": "https://www.douyin.com/hot/2399630",
            "content": "南北方年夜饭谁才是年味顶流",
            "image": "images/rank8_南北方年夜饭_20260214_062932.jpg"
        },
        {
            "rank": 9,
            "title": "“中国风”吹到了米兰冬奥会",
            "original_title": "",
            "source_platform": "抖音热榜",
            "source_url": "https://www.douyin.com/hot/2399284",
            "content": "“中国风”吹到了米兰冬奥会",
            "image": "images/rank9__中国风_吹_20260214_062932.jpg"
        }
    ],
    "timestamp": "20260214_062932"
}