{
    "news": [
        {
            "rank": 0,
            "title": "全球变局下的冲突、科技与人文图景",
            "content": ""
        },
        {
            "rank": 1,
            "title": "美司法部对美联储主席鲍威尔展开刑事调查",
            "source_platform": "BBC News",
            "source_url": "https://www.bbc.com/news/articles/c801k7rkkd7o",
            "content": "美国司法部对美联储主席鲍威尔启动刑事调查，涉及其在国会关于美联储大楼翻修的证词。鲍威尔称此举前所未有。",
            "image": "images/rank1_美司法部_20260112_054343.jpg"
        },
        {
            "rank": 2,
            "title": "伊朗抗议死亡人数激增，警告将对美报复",
            "source_platform": "BBC News",
            "source_url": "https://www.bbc.com/news/articles/cm2jek15m8no",
            "content": "伊朗反政府抗议持续，人权组织称死亡人数已超500。伊朗警告若遭美国攻击将进行报复，地区紧张局势升级。",
            "image": "images/rank2_伊朗抗议_20260112_054343.jpg"
        },
        {
            "rank": 3,
            "title": "特朗普警告古巴“趁早达成协议”",
            "source_platform": "BBC News",
            "source_url": "https://www.bbc.com/news/articles/cx2kv2gn62vo",
            "content": "美国总统特朗普警告古巴“趁早达成协议”，否则将面临后果。美方扣押委内瑞拉油轮的行动已加剧古巴的燃料危机。",
            "image": "images/rank3_特朗普警_20260112_054343.jpg"
        },
        {
            "rank": 4,
            "title": "喜马拉雅山冬季降雪锐减，面临“雪荒”",
            "source_platform": "BBC News",
            "source_url": "https://www.bbc.com/news/articles/clyndv7zd20o",
            "content": "气象学家警告，喜马拉雅山脉冬季降雪量近年显著减少，多地山体裸露。全球变暖导致冰川加速融化，生态危机加剧。",
            "image": "images/rank4_喜马拉雅_20260112_054343.jpg"
        },
        {
            "rank": 5,
            "title": "加拿大神秘脑疾风波：是真实疾病还是误诊？",
            "source_platform": "BBC News",
            "source_url": "https://www.bbc.com/news/articles/c623r47d67lo",
            "content": "加拿大新不伦瑞克省数百人被诊断患有一种神秘脑部疾病。调查引发对该疾病是否真实存在的质疑，患者处境尴尬。",
            "image": "images/rank5_加拿大神_20260112_054343.png"
        },
        {
            "rank": 6,
            "title": "CES科技展AI热潮依旧，泡沫担忧暂未显现",
            "source_platform": "CNN",
            "source_url": "https://edition.cnn.com/2026/01/10/tech/ces-ai-tech-las-vegas",
            "content": "全球最大消费电子展CES在拉斯维加斯举行，人工智能仍是绝对焦点。尽管市场存在过热讨论，但展会现场热情未减。",
            "image": "images/rank6_CES科_20260112_054343.jpg"
        },
        {
            "rank": 7,
            "title": "研究显示狗像幼儿一样构建词汇量",
            "source_platform": "New York Times",
            "source_url": "https://www.nytimes.com/2026/01/08/science/dogs-research-vocabulary-toys.html",
            "content": "最新科学研究发现，部分狗能像人类幼儿一样学习并记住大量玩具名称，其词汇构建方式与儿童相似，揭示了动物认知的新维度。",
            "image": "images/rank7_研究显示_20260112_054343.jpg"
        },
        {
            "rank": 8,
            "title": "严寒致芬兰机场瘫痪，数千游客被困",
            "source_platform": "Sky News",
            "source_url": "https://news.sky.com/story/37c-temperatures-traps-thousands-of-tourists-in-finland-13493256",
            "content": "芬兰北部遭遇零下37摄氏度极端严寒，基蒂莱机场航班大面积取消，导致数千名游客被困，凸显极端天气对旅行的影响。",
            "image": "images/rank8_严寒致芬_20260112_054343.jpg"
        },
        {
            "rank": 9,
            "title": "怀俄明州牧场试用虚拟围栏管理牛群",
            "source_platform": "New York Times",
            "source_url": "https://www.nytimes.com/2025/12/09/climate/wyoming-virtual-fences-livestock.html",
            "content": "美国怀俄明州牧场为牛群佩戴GPS项圈，试验用虚拟围栏替代实体铁丝网，旨在减少对生态的割裂，优化土地与野生动物管理。",
            "image": "images/rank9_怀俄明州_20260112_054343.jpg"
        }
    ],
    "timestamp": "20260112_054343"
}