{
    "news": [
        {
            "rank": 0,
            "title": "民生科技热点多，暖心奇闻引共鸣",
            "content": "",
            "image": ""
        },
        {
            "rank": 1,
            "title": "云闪付惊现1000万亿欠款",
            "source_platform": "潮新闻客户端",
            "source_url": "https://mbd.baidu.com/newspage/data/videolanding?nid=sv_9544078877294079937",
            "content": "广东覃先生的云闪付APP显示欠款1000万亿，银行称是第三方软件问题，银联已记录核实。",
            "image": "images/rank1_云闪付惊现1000万_20260107_222118.jpg"
        },
        {
            "rank": 2,
            "title": "养女作文感动全网",
            "source_platform": "央视新闻",
            "source_url": "https://mbd.baidu.com/newspage/data/videolanding?nid=sv_4919457709059672480&sourceFrom=share",
            "content": "深圳男子危一朗读养女作文《我的第二个爸爸》时泪崩，视频获超200万点赞，故事打动网友。",
            "image": "images/rank2_养女作文感动全网_20260107_222120.jpg"
        },
        {
            "rank": 3,
            "title": "景区NPC被游客反向祝福",
            "source_platform": "新华社",
            "source_url": "https://mbd.baidu.com/newspage/data/videolanding?nid=sv_5019383222164602225&sourceFrom=share",
            "content": "游客向景区NPC祝福“希望你2026年天天都开心”，NPC愣住后回应“希望你比我开心”。",
            "image": "images/rank3_景区NPC被游客反向_20260107_222122.jpg"
        },
        {
            "rank": 4,
            "title": "弹中指可检测颈椎问题",
            "source_platform": "伍视频",
            "source_url": "https://mbd.baidu.com/newspage/data/videolanding?nid=sv_3958439404342783536&sourceFrom=qmj",
            "content": "弹中指试验（霍夫曼征）用于检测脊髓型颈椎病，阳性结果可能提示脊髓受压，需结合影像学确认。",
            "image": "images/rank4_弹中指可检测颈椎问题_20260107_222123.jpg"
        },
        {
            "rank": 5,
            "title": "宜家中国将关闭7家门店",
            "source_platform": "界面新闻",
            "source_url": "https://baijiahao.baidu.com/s?id=1853627254893664349&wfr=spider&for=pc",
            "content": "宜家中国决定自2026年2月2日起停止运营包括上海宝山商场、广州番禺商场等七个线下触点。",
            "image": "images/rank5_宜家中国将关闭7家门_20260107_222124.jpg"
        },
        {
            "rank": 6,
            "title": "科技创新活力涌动",
            "source_platform": "新华社",
            "source_url": "https://www.toutiao.com/article/7592523569456857641",
            "content": "2026年各地锚定创新航向，量子科技、氢能、脑机接口等前沿领域被追踪，为高质量发展注入动能。",
            "image": "images/rank6_科技创新活力涌动_20260107_222126.jpeg"
        },
        {
            "rank": 7,
            "title": "阿姨剪走店主羽绒服布料",
            "source_platform": "兰亭烟云",
            "source_url": "https://www.toutiao.com/w/1853643898319875/",
            "content": "河南一大妈趁裁缝店无人，剪走店主羽绒服布料缝补自己衣服，店主发现后报警处理。",
            "image": "images/rank7_阿姨剪走店主羽绒服布_20260107_222130.jpeg"
        },
        {
            "rank": 8,
            "title": "殡葬管理条例修订将施行",
            "source_platform": "新华社",
            "source_url": "https://www.toutiao.com/article/7592541915083227657/",
            "content": "修订后的《殡葬管理条例》2026年3月30日起施行，明确殡葬管理要求、加强收费和全链条监管。",
            "image": "images/rank8_殡葬管理条例修订将施_20260107_222131.jpeg"
        },
        {
            "rank": 9,
            "title": "三九天养生“三宜三忌”",
            "source_platform": "全国党媒信息公共平台",
            "source_url": "https://www.toutiao.com/article/7592608736187924998/",
            "content": "三九寒天养生需注意温润进补、清热润燥、温暖肠胃，警惕心火、不动肝火、不出大汗。",
            "image": "images/rank9_三九天养生三宜三忌_20260107_222132.jpeg"
        }
    ]
}