{
    "news": [
        {
            "rank": 0,
            "title": "相亲点8000元逃单？",
            "original_title": "",
            "source_platform": "",
            "source_url": "",
            "content": "",
            "image": ""
        },
        {
            "rank": 1,
            "title": "相亲点餐8000元男方逃单",
            "original_title": "",
            "source_platform": "潇湘晨报",
            "source_url": "https://baijiahao.baidu.com/s?id=1855706042310894263",
            "content": "苏女士与王先生初次约会点餐8000元，男方用餐后逃单失联，苏女士独自支付高额餐费。",
            "image": "images/rank1_相亲点餐80_20260130_184405.jpg"
        },
        {
            "rank": 2,
            "title": "13岁女生吸二手烟腹腔长满肿瘤",
            "original_title": "",
            "source_platform": "star星视频",
            "source_url": "https://baijiahao.baidu.com/s?id=1855722012898971587",
            "content": "13岁女孩因长期处于父亲吸烟带来的二手烟环境，确诊胃癌晚期，腹腔布满肿瘤且全身多发转移。",
            "image": "images/rank2_13岁女生吸_20260130_184405.jpg"
        },
        {
            "rank": 3,
            "title": "美国小伙餐厅丝滑拉中国拉面",
            "original_title": "",
            "source_platform": "极目新闻",
            "source_url": "https://baijiahao.baidu.com/s?id=1855725243633160325",
            "content": "美国小伙在餐厅拉中国拉面动作丝滑，成为揽客一绝，网友热议这是妥妥的技术输出。",
            "image": "images/rank3_美国小伙餐厅_20260130_184405.jpg"
        },
        {
            "rank": 4,
            "title": "黄金平台兑付危机发酵",
            "original_title": "",
            "source_platform": "时代财经",
            "source_url": "https://news.qq.com/rain/a/20260129A07J7500",
            "content": "深圳杰我睿珠宝公司深陷兑付风波，有用户投入本金超5000万元，平台暴雷无法兑付。",
            "image": "images/rank4_黄金平台兑付_20260130_184405.jpg"
        },
        {
            "rank": 5,
            "title": "现货黄金一度跌破5000美元",
            "original_title": "",
            "source_platform": "财联社",
            "source_url": "https://www.toutiao.com/article/7601089220664508970/",
            "content": "国际金银价格直线下挫，现货黄金跌近8%跌破5000美元关口，现货白银重挫17%。",
            "image": "images/rank5_现货黄金一度_20260130_184405.jpg"
        },
        {
            "rank": 6,
            "title": "舟山公司招聘守岛人月不下岛",
            "original_title": "",
            "source_platform": "环球网",
            "source_url": "https://www.toutiao.com/article/7601026612024312335/",
            "content": "浙江舟山一公司招聘“守岛人”，需在岛上工作一个月不能下岛，生活条件艰苦，招聘意外爆火。",
            "image": "images/rank6_舟山公司招聘_20260130_184405.jpg"
        },
        {
            "rank": 7,
            "title": "“非遗+”引领文化消费新热潮",
            "original_title": "",
            "source_platform": "央广网",
            "source_url": "https://www.toutiao.com/article/7601019204099113514",
            "content": "2026年“十五五”开局之年，内需市场潜力持续释放，“非遗+”等文化消费新场景不断涌现。",
            "image": "images/rank7__非遗__引_20260130_184405.jpg"
        },
        {
            "rank": 8,
            "title": "中国公民在日遭催泪瓦斯袭击",
            "original_title": "",
            "source_platform": "环球网",
            "source_url": "https://www.toutiao.com/article/7601003552740114963/",
            "content": "1名中国公民在东京上野附近遭催泪瓦斯袭击，行李箱被劫走，中国驻日使馆已向日本警方提出交涉。",
            "image": "images/rank8_中国公民在日_20260130_184405.jpg"
        },
        {
            "rank": 9,
            "title": "下象棋时你用过回笼炮吗",
            "original_title": "",
            "source_platform": "小张爱象棋",
            "source_url": "https://www.toutiao.com/w/1855714839497737/",
            "content": "象棋高手对决中使用“回笼炮”战术，先迷惑对手再出其不意，能瞬间扭转局势，是一场心理战。",
            "image": "images/rank9_下象棋时你用_20260130_184405.jpg"
        }
    ],
    "timestamp": "20260130_184405"
}