{
    "news": [
        {
            "rank": 0,
            "title": "【轰动】风波再起！众明星卷入，谁能独善其身？",
            "original_title": "",
            "source_platform": "",
            "source_url": "",
            "content": "",
            "image": ""
        },
        {
            "rank": 1,
            "title": "李兰迪首登春晚感觉像做梦",
            "original_title": "",
            "source_platform": "腾讯娱乐",
            "source_url": "https://news.qq.com/rain/a/20260219V06RX200",
            "content": "李兰迪首登春晚感觉像做梦",
            "image": "images/rank1_李兰迪首登春_20260221_062223.jpg"
        },
        {
            "rank": 2,
            "title": "尼格买提回新疆过年，与父母行贴面礼",
            "original_title": "",
            "source_platform": "腾讯娱乐",
            "source_url": "https://news.qq.com/rain/a/20260220V02HBG00",
            "content": "尼格买提回新疆过年，与父母行贴面礼",
            "image": "images/rank2_尼格买提回新_20260221_062223.jpg"
        },
        {
            "rank": 3,
            "title": "张艺谋作词，周深汪苏泷刘宇宁演绎《惊蛰无声》OST",
            "original_title": "",
            "source_platform": "腾讯娱乐",
            "source_url": "https://news.qq.com/rain/a/20260219V03K4R00",
            "content": "张艺谋作词，周深汪苏泷刘宇宁演绎《惊蛰无声》OST",
            "image": "images/rank3_张艺谋作词__20260221_062223.jpg"
        },
        {
            "rank": 4,
            "title": "贾乃亮春节带甜馨打卡冰雪大世界",
            "original_title": "",
            "source_platform": "腾讯娱乐",
            "source_url": "https://news.qq.com/rain/a/20260220V035FV00",
            "content": "贾乃亮春节带甜馨打卡冰雪大世界",
            "image": "images/rank4_贾乃亮春节带_20260221_062223.jpg"
        },
        {
            "rank": 5,
            "title": "央视要播3部年代剧，又要霸屏了",
            "original_title": "",
            "source_platform": "腾讯娱乐",
            "source_url": "https://news.qq.com/rain/a/20260219A06QKB00",
            "content": "央视要播3部年代剧，又要霸屏了",
            "image": "images/rank5_央视要播3部_20260221_062223.jpg"
        },
        {
            "rank": 6,
            "title": "美最高法院裁定特朗普关税违法",
            "original_title": "",
            "source_platform": "抖音热榜",
            "source_url": "https://www.douyin.com/hot/2407242",
            "content": "美最高法院裁定特朗普关税违法",
            "image": "images/rank6_美最高法院裁_20260221_062223.jpg"
        },
        {
            "rank": 7,
            "title": "王心迪徐梦桃冬奥金牌夫妻档",
            "original_title": "",
            "source_platform": "抖音热榜",
            "source_url": "https://www.douyin.com/hot/2407186",
            "content": "王心迪徐梦桃冬奥金牌夫妻档",
            "image": "images/rank7_王心迪徐梦桃_20260221_062223.jpg"
        },
        {
            "rank": 8,
            "title": "春节新能源汽车高速充电大增",
            "original_title": "",
            "source_platform": "抖音热榜",
            "source_url": "https://www.douyin.com/hot/2407147",
            "content": "春节新能源汽车高速充电大增",
            "image": "images/rank8_春节新能源汽_20260221_062223.jpg"
        },
        {
            "rank": 9,
            "title": "非遗表演才是年味天花板",
            "original_title": "",
            "source_platform": "抖音热榜",
            "source_url": "https://www.douyin.com/hot/2406906",
            "content": "非遗表演才是年味天花板",
            "image": "images/rank9_非遗表演才是_20260221_062223.jpg"
        }
    ],
    "timestamp": "20260221_062223"
}