{
    "news": [
        {
            "rank": 0,
            "title": "北约内讧！欧洲联军紧急登陆格陵兰对抗美国？",
            "original_title": "",
            "source_platform": "",
            "source_url": "",
            "content": "",
            "image": ""
        },
        {
            "rank": 1,
            "title": "委内瑞拉反对派领袖向特朗普赠送诺贝尔和平奖奖章",
            "original_title": "Venezuelan Nobel Peace Prize winner presents her medal to Trump",
            "source_platform": "BBC News",
            "source_url": "https://www.bbc.com/news/articles/cx2w94wp4p1o",
            "content": "委内瑞拉反对派领袖马查多在白宫会晤特朗普，并称已将诺贝尔和平奖奖章赠予后者，以表彰其对委内瑞拉自由的支持。",
            "image": "images/rank1_委内瑞拉反对_20260116_062027.jpg"
        },
        {
            "rank": 2,
            "title": "欧洲多国向格陵兰派遣军事人员，特朗普坚称美国需要该岛",
            "original_title": "European military personnel arrive in Greenland as Trump says US needs island",
            "source_platform": "BBC News",
            "source_url": "https://www.bbc.com/news/articles/cd0ydjvxpejo",
            "content": "法德等多国向格陵兰部署少量军事人员，进行侦察任务。与此同时，美国总统特朗普重申美国出于国家安全考虑需要格陵兰。",
            "image": "images/rank2_欧洲多国向格_20260116_062027.jpg"
        },
        {
            "rank": 3,
            "title": "瑞士酒吧火灾遇难员工家属称其未获安全培训",
            "original_title": "Swiss bar employee who reportedly held sparkler unaware of dangers, family says",
            "source_platform": "BBC News",
            "source_url": "https://www.bbc.com/news/articles/ckgvjnxpp9zo",
            "content": "瑞士酒吧新年火灾致40死，遇难员工家属律师称，死者未接受安全培训，不了解天花板易燃材料的危险性。",
            "image": "images/rank3_瑞士酒吧火灾_20260116_062027.jpg"
        },
        {
            "rank": 4,
            "title": "马修·麦康纳为防AI滥用，注册其标志性短语商标",
            "original_title": "Matthew McConaughey trademarks iconic phrase to stop AI misuse",
            "source_platform": "BBC News",
            "source_url": "https://www.bbc.com/news/articles/cp87z6vexl3o",
            "content": "奥斯卡影帝马修·麦康纳注册其形象、声音及标志性短语“alright, alright, alright”的商标，以防止人工智能平台未经授权使用。",
            "image": "images/rank4_马修_麦康纳_20260116_062027.jpg"
        },
        {
            "rank": 5,
            "title": "伊朗当局被指向抗议者家属索要高额费用才归还遗体",
            "original_title": "Iran authorities demanding large sums for return of protesters' bodies, BBC told",
            "source_platform": "BBC News",
            "source_url": "https://www.bbc.com/news/articles/c4g5md1n1yxo",
            "content": "BBC获悉，伊朗当局要求被杀害抗议者的家属支付高额费用，否则拒绝归还遗体进行安葬。",
            "image": "images/rank5_伊朗当局被指_20260116_062027.jpg"
        },
        {
            "rank": 6,
            "title": "特朗普威胁动用《叛乱法》镇压明尼苏达州反ICE抗议",
            "original_title": "Trump threatens to invoke Insurrection Act to quell anti-ICE protests in Minnesota",
            "source_platform": "BBC News",
            "source_url": "https://www.bbc.com/news/articles/cwy15596p98o",
            "content": "因联邦移民执法行动引发骚乱，美国总统特朗普威胁动用《叛乱法》，派遣军队进入明尼苏达州明尼阿波利斯市。",
            "image": "images/rank6_特朗普威胁动_20260116_062027.jpg"
        },
        {
            "rank": 7,
            "title": "美国在加勒比海扣押第六艘与委内瑞拉相关的油轮",
            "original_title": "US forces seize a sixth Venezuela-linked oil tanker in Caribbean Sea",
            "source_platform": "BBC News",
            "source_url": "https://www.bbc.com/news/articles/cy4qdnj5vl9o",
            "content": "美国军方在加勒比海扣押第六艘试图运输委内瑞拉石油的油轮，以强化对委石油出口的控制。",
            "image": "images/rank7_美国在加勒比_20260116_062027.png"
        },
        {
            "rank": 8,
            "title": "BBC调查揭露塔利班高层因互联网关闭令爆发内部分歧",
            "original_title": "Rift at top of the Taliban: BBC reveals clash of wills behind internet shutdown",
            "source_platform": "BBC News",
            "source_url": "https://www.bbc.com/news/articles/cg7vdpy1l2vo",
            "content": "BBC调查揭示，塔利班最高领导人下令关闭全国互联网后，以喀布尔为基础的派系违抗命令将其恢复，暴露高层严重分裂。",
            "image": "images/rank8_BBC调查揭_20260116_062027.jpg"
        },
        {
            "rank": 9,
            "title": "泰国施工起重机倒塌砸中行驶列车，致多人死亡",
            "original_title": "Multiple fatalities as construction crane collapses onto moving train in Thailand",
            "source_platform": "CNN",
            "source_url": "https://edition.cnn.com/2026/01/14/asia/thailand-train-deaths-intl-hnk",
            "content": "泰国一处建筑工地的起重机倒塌，砸中一列正在行驶的火车，造成多人死亡。",
            "image": "images/rank9_泰国施工起重_20260116_062027.jpg"
        }
    ],
    "timestamp": "20260116_062027"
}