{
    "news": [
        {
            "rank": 0,
            "title": "【轰动】风波再起！众明星卷入，谁能独善其身？",
            "original_title": "",
            "source_platform": "",
            "source_url": "",
            "content": "",
            "image": ""
        },
        {
            "rank": 1,
            "title": "曝大S温泉泡汤成病情恶化关键原因",
            "original_title": "",
            "source_platform": "腾讯娱乐",
            "source_url": "https://news.qq.com/rain/a/20260204V04SXV00",
            "content": "曝大S温泉泡汤成病情恶化关键原因",
            "image": "images/rank1_曝大S温泉泡_20260204_185059.jpg"
        },
        {
            "rank": 2,
            "title": "央视官宣2026春晚主持人阵容",
            "original_title": "",
            "source_platform": "腾讯娱乐",
            "source_url": "https://news.qq.com/rain/a/20260204A02P4F00",
            "content": "央视官宣2026春晚主持人阵容",
            "image": "images/rank2_央视官宣20_20260204_185059.jpg"
        },
        {
            "rank": 3,
            "title": "女演员自曝1天片酬5000元",
            "original_title": "",
            "source_platform": "腾讯娱乐",
            "source_url": "https://news.qq.com/rain/a/20260204V02O1G00",
            "content": "女演员自曝1天片酬5000元",
            "image": "images/rank3_女演员自曝1_20260204_185059.jpg"
        },
        {
            "rank": 4,
            "title": "刘晓庆直播卖字，单字“福”卖出52件",
            "original_title": "",
            "source_platform": "腾讯娱乐",
            "source_url": "https://news.qq.com/rain/a/20260204V035UL00",
            "content": "刘晓庆直播卖字，单字“福”卖出52件",
            "image": "images/rank4_刘晓庆直播卖_20260204_185059.jpg"
        },
        {
            "rank": 5,
            "title": "鞠萍公布退休日期",
            "original_title": "",
            "source_platform": "腾讯娱乐",
            "source_url": "https://news.qq.com/rain/a/20260204A00AHC00",
            "content": "鞠萍公布退休日期",
            "image": "images/rank5_鞠萍公布退休_20260204_185059.jpg"
        },
        {
            "rank": 6,
            "title": "台媒曝王心凌吴克群饭后同回家过夜",
            "original_title": "",
            "source_platform": "腾讯娱乐",
            "source_url": "https://news.qq.com/rain/a/20260204V01NHZ00",
            "content": "台媒曝王心凌吴克群饭后同回家过夜",
            "image": "images/rank6_台媒曝王心凌_20260204_185059.jpg"
        },
        {
            "rank": 7,
            "title": "郭晓东夫妇回山东老家赶集",
            "original_title": "",
            "source_platform": "腾讯娱乐",
            "source_url": "https://news.qq.com/rain/a/20260204V02J1400",
            "content": "郭晓东夫妇回山东老家赶集",
            "image": "images/rank7_郭晓东夫妇回_20260204_185059.jpg"
        },
        {
            "rank": 8,
            "title": "威神V浙江春晚后台追星酷放成功",
            "original_title": "",
            "source_platform": "腾讯娱乐",
            "source_url": "https://news.qq.com/rain/a/20260204V02AA200",
            "content": "威神V浙江春晚后台追星酷放成功",
            "image": "images/rank8_威神V浙江春_20260204_185059.jpg"
        },
        {
            "rank": 9,
            "title": "各地春节年俗地图",
            "original_title": "",
            "source_platform": "抖音热榜",
            "source_url": "https://www.douyin.com/hot/2389247",
            "content": "各地春节年俗地图",
            "image": "images/rank9_各地春节年俗_20260204_185059.jpg"
        }
    ],
    "timestamp": "20260204_185059"
}