{
    "news": [
        {
            "rank": 0,
            "title": "【轰动】风波再起！众明星卷入，谁能独善其身？",
            "original_title": "",
            "source_platform": "",
            "source_url": "",
            "content": "",
            "image": ""
        },
        {
            "rank": 1,
            "title": "张雨绮，该回应了",
            "original_title": "",
            "source_platform": "腾讯娱乐",
            "source_url": "https://news.qq.com/rain/a/20260127A00FGJ00",
            "content": "张雨绮，该回应了",
            "image": "images/rank1_张雨绮_该回_20260127_161405.jpg"
        },
        {
            "rank": 2,
            "title": "新年整点运动新装备",
            "original_title": "",
            "source_platform": "抖音热榜",
            "source_url": "https://www.douyin.com/hot/2380895",
            "content": "新年整点运动新装备",
            "image": "images/rank2_新年整点运动_20260127_161405.jpg"
        },
        {
            "rank": 3,
            "title": "10岁白血病男孩豪豪离世",
            "original_title": "",
            "source_platform": "抖音热榜",
            "source_url": "https://www.douyin.com/hot/2380837",
            "content": "10岁白血病男孩豪豪离世",
            "image": "images/rank3_10岁白血病_20260127_161405.jpg"
        },
        {
            "rank": 4,
            "title": "中方回应“菲方组织联合巡航”",
            "original_title": "",
            "source_platform": "抖音热榜",
            "source_url": "https://www.douyin.com/hot/2380987",
            "content": "中方回应“菲方组织联合巡航”",
            "image": "images/rank4_中方回应_菲_20260127_161405.jpg"
        },
        {
            "rank": 5,
            "title": "英国首相斯塔默将访华",
            "original_title": "",
            "source_platform": "抖音热榜",
            "source_url": "https://www.douyin.com/hot/2381106",
            "content": "英国首相斯塔默将访华",
            "image": "images/rank5_英国首相斯塔_20260127_161405.jpg"
        },
        {
            "rank": 6,
            "title": "好朋友是要住一起的对吗，桑多涅？",
            "original_title": "",
            "source_platform": "叶玲秋雨",
            "source_url": "https://www.bilibili.com/video/BV1nGzQBCEvG",
            "content": "好朋友是要住一起的对吗，桑多涅？",
            "image": "images/rank6_好朋友是要住_20260127_161405.jpg"
        },
        {
            "rank": 7,
            "title": "谁是主角，一眼便知",
            "original_title": "",
            "source_platform": "逗比的雀巢",
            "source_url": "https://www.bilibili.com/video/BV1vCzDBYEEa",
            "content": "谁是主角，一眼便知",
            "image": "images/rank7_谁是主角_一_20260127_161405.jpg"
        },
        {
            "rank": 8,
            "title": "羊村第五季（3）",
            "original_title": "",
            "source_platform": "小潮院长",
            "source_url": "https://www.bilibili.com/video/BV15XzuBjEFk",
            "content": "羊村第五季（3）",
            "image": "images/rank8_羊村第五季__20260127_161405.jpg"
        },
        {
            "rank": 9,
            "title": "当你穿进老钱班17",
            "original_title": "",
            "source_platform": "侯绿萝",
            "source_url": "https://www.bilibili.com/video/BV1AzzmBzEU2",
            "content": "当你穿进老钱班17",
            "image": "images/rank9_当你穿进老钱_20260127_161405.jpg"
        }
    ],
    "timestamp": "20260127_161405"
}