{
    "news": [
        {
            "rank": 0,
            "title": "【轰动】风波再起！众明星卷入，谁能独善其身？",
            "original_title": "",
            "source_platform": "",
            "source_url": "",
            "content": "",
            "image": ""
        },
        {
            "rank": 1,
            "title": "40岁女星被曝行车途中与男子发生关系后鞠躬道歉",
            "original_title": "",
            "source_platform": "腾讯娱乐",
            "source_url": "https://news.qq.com/rain/a/20260225V068RV00",
            "content": "40岁女星被曝行车途中与男子发生关系后鞠躬道歉",
            "image": "images/rank1_40岁女星被_20260226_063001.jpg"
        },
        {
            "rank": 2,
            "title": "钱枫近况曝光胖到认不出，退圈后身材发福",
            "original_title": "",
            "source_platform": "腾讯娱乐",
            "source_url": "https://news.qq.com/rain/a/20260225V0689Z00",
            "content": "钱枫近况曝光胖到认不出，退圈后身材发福",
            "image": "images/rank2_钱枫近况曝光_20260226_063001.jpg"
        },
        {
            "rank": 3,
            "title": "黄晓明被曝与女子同游新加坡",
            "original_title": "",
            "source_platform": "腾讯娱乐",
            "source_url": "https://news.qq.com/rain/a/20260225A05R2R00",
            "content": "黄晓明被曝与女子同游新加坡",
            "image": "images/rank3_黄晓明被曝与_20260226_063001.jpg"
        },
        {
            "rank": 4,
            "title": "周杰伦田馥甄昔日恋情被考古",
            "original_title": "",
            "source_platform": "腾讯娱乐",
            "source_url": "https://news.qq.com/rain/a/20260225V078F900",
            "content": "周杰伦田馥甄昔日恋情被考古",
            "image": "images/rank4_周杰伦田馥甄_20260226_063001.jpg"
        },
        {
            "rank": 5,
            "title": "朱之文烟台商演排面拉满，十余安保护航",
            "original_title": "",
            "source_platform": "腾讯娱乐",
            "source_url": "https://news.qq.com/rain/a/20260225V03RG100",
            "content": "朱之文烟台商演排面拉满，十余安保护航",
            "image": "images/rank5_朱之文烟台商_20260226_063001.jpg"
        },
        {
            "rank": 6,
            "title": "陈妍希夸林心如女儿漂亮，要“预定儿媳”",
            "original_title": "",
            "source_platform": "腾讯娱乐",
            "source_url": "https://news.qq.com/rain/a/20260225A04X5K00",
            "content": "陈妍希夸林心如女儿漂亮，要“预定儿媳”",
            "image": "images/rank6_陈妍希夸林心_20260226_063001.jpg"
        },
        {
            "rank": 7,
            "title": "英伟达Q4财报公布在即",
            "original_title": "",
            "source_platform": "抖音热榜",
            "source_url": "https://www.douyin.com/hot/2411539",
            "content": "英伟达Q4财报公布在即",
            "image": "images/rank7_英伟达Q4财_20260226_063001.jpg"
        },
        {
            "rank": 8,
            "title": "就说看时装周真能学到东西",
            "original_title": "",
            "source_platform": "抖音热榜",
            "source_url": "https://www.douyin.com/hot/2411247",
            "content": "就说看时装周真能学到东西",
            "image": "images/rank8_就说看时装周_20260226_063001.jpg"
        },
        {
            "rank": 9,
            "title": "中国男篮公布客战日本12人名单",
            "original_title": "",
            "source_platform": "抖音热榜",
            "source_url": "https://www.douyin.com/hot/2411803",
            "content": "中国男篮公布客战日本12人名单",
            "image": "images/rank9_中国男篮公布_20260226_063001.jpg"
        }
    ],
    "timestamp": "20260226_063001"
}