{
    "news": [
        {
            "rank": 0,
            "title": "苹果安卓能互传了？",
            "original_title": "",
            "source_platform": "",
            "source_url": "",
            "content": "",
            "image": ""
        },
        {
            "rank": 1,
            "title": "苹果安卓实现双向换机",
            "original_title": "",
            "source_platform": "大河报",
            "source_url": "https://baijiahao.baidu.com/s?id=1856887363517271148",
            "content": "苹果iOS26.3正式版更新，新增iPhone与安卓设备间的换机数据传输功能，实现跨系统无缝迁移。",
            "image": "images/rank1_苹果安卓实现_20260212_185604.jpg"
        },
        {
            "rank": 2,
            "title": "团购车厘子收到僵尸果",
            "original_title": "",
            "source_platform": "齐鲁壹点",
            "source_url": "https://baijiahao.baidu.com/s?id=1856901919636618672",
            "content": "湖北消费者通过山姆极速达团购12箱车厘子，收货后发现多数果实发霉腐烂，最终全部退货。",
            "image": "images/rank2_团购车厘子收_20260212_185604.jpg"
        },
        {
            "rank": 3,
            "title": "春节赴日旅客量腰斩",
            "original_title": "",
            "source_platform": "光明网",
            "source_url": "https://baijiahao.baidu.com/s?id=1856832848209255461",
            "content": "春运第一周，中国境内往返日本的旅客量同比下降约54%，实际执行航班量下降约49%。",
            "image": "images/rank3_春节赴日旅客_20260212_185604.jpg"
        },
        {
            "rank": 4,
            "title": "瑙鲁总统广东祖籍地过年",
            "original_title": "",
            "source_platform": "百度",
            "source_url": "https://www.baidu.com/s?wd=%E7%91%99%E9%B2%81%E6%80%BB%E7%BB%9F%E5%B8%A6%E5%A5%B3%E5%84%BF%E5%9C%A8%E7%A5%96%E7%B1%8D%E5%9C%B0%E5%B9%BF%E4%B8%9C%E8%BF%87%E5%B9%B4&sa=fyb_news&rsv_dl=fyb_news",
            "content": "瑙鲁总统戴维·阿迪昂携女儿在祖籍地广东江门与族亲欢度小年，体验侨乡特色年俗活动。",
            "image": "images/rank4_瑙鲁总统广东_20260212_185604.jpg"
        },
        {
            "rank": 5,
            "title": "公用事业反垄断指南出台",
            "original_title": "",
            "source_platform": "人民日报",
            "source_url": "https://news.qq.com/rain/a/20260211A05ZQ800",
            "content": "国务院反垄断反不正当竞争委员会印发《关于公用事业领域的反垄断指南》，旨在预防和制止垄断行为。",
            "image": "images/rank5_公用事业反垄_20260212_185604.jpg"
        },
        {
            "rank": 6,
            "title": "最富五地收入增速跑输GDP",
            "original_title": "",
            "source_platform": "经济观察报",
            "source_url": "https://news.qq.com/rain/a/20260211A06LUF00",
            "content": "上海、北京、浙江、江苏、天津五地居民人均可支配收入增速均低于同期GDP增速，差距超0.4个百分点。",
            "image": "images/rank6_最富五地收入_20260212_185604.jpg"
        },
        {
            "rank": 7,
            "title": "美国1月非农就业大增",
            "original_title": "",
            "source_platform": "华尔街见闻",
            "source_url": "https://news.qq.com/rain/a/20260211A07CF800",
            "content": "美国1月非农新增就业13万人，创去年4月以来最大增幅，失业率降至4.3%，但去年数据被大幅下修。",
            "image": "images/rank7_美国1月非农_20260212_185604.jpg"
        },
        {
            "rank": 8,
            "title": "女儿霸气为父挡酒",
            "original_title": "",
            "source_platform": "大象新闻",
            "source_url": "https://www.toutiao.com/video/7605879391914033188/",
            "content": "男子被劝酒时，女儿站其身后霸气挡酒，视频引发网友热议，展现亲情与反劝酒态度。",
            "image": "images/rank8_女儿霸气为父_20260212_185604.jpg"
        },
        {
            "rank": 9,
            "title": "种睫毛竟致眼睛长螨虫",
            "original_title": "",
            "source_platform": "齐鲁壹点",
            "source_url": "https://www.toutiao.com/article/7605723127254942248/",
            "content": "医生提醒，美睫后若眼睛发痒、发红，可能是睫毛上长了螨虫，需及时就医检查。",
            "image": "images/rank9_种睫毛竟致眼_20260212_185604.jpg"
        }
    ],
    "timestamp": "20260212_185604"
}