{
    "news": [
        {
            "rank": 0,
            "title": "【轰动】风波再起！众明星卷入，谁能独善其身？",
            "original_title": "",
            "source_platform": "",
            "source_url": "",
            "content": "",
            "image": ""
        },
        {
            "rank": 1,
            "title": "62岁崔永元罕见现身",
            "original_title": "",
            "source_platform": "腾讯娱乐",
            "source_url": "https://news.qq.com/rain/a/20260125V0623V00",
            "content": "62岁崔永元罕见现身",
            "image": "images/rank1_62岁崔永元_20260126_061807.jpg"
        },
        {
            "rank": 2,
            "title": "赵学煌追悼会众星送别",
            "original_title": "",
            "source_platform": "腾讯娱乐",
            "source_url": "https://news.qq.com/rain/a/20260125V04O5R00",
            "content": "赵学煌追悼会众星送别",
            "image": "images/rank2_赵学煌追悼会_20260126_061807.jpg"
        },
        {
            "rank": 3,
            "title": "《翠湖》到底拍出了什么真相？",
            "original_title": "",
            "source_platform": "腾讯娱乐",
            "source_url": "https://news.qq.com/rain/a/20260125A05UJM00",
            "content": "《翠湖》到底拍出了什么真相？",
            "image": "images/rank3__翠湖_到底_20260126_061807.jpg"
        },
        {
            "rank": 4,
            "title": "75岁刘晓庆再扮嫩与男演员拍吻戏",
            "original_title": "",
            "source_platform": "腾讯娱乐",
            "source_url": "https://news.qq.com/rain/a/20260125V000H300",
            "content": "75岁刘晓庆再扮嫩与男演员拍吻戏",
            "image": "images/rank4_75岁刘晓庆_20260126_061807.jpg"
        },
        {
            "rank": 5,
            "title": "脱口秀演员王越自曝患甲状腺癌",
            "original_title": "",
            "source_platform": "腾讯娱乐",
            "source_url": "https://news.qq.com/rain/a/20260125V0410800",
            "content": "脱口秀演员王越自曝患甲状腺癌",
            "image": "images/rank5_脱口秀演员王_20260126_061807.jpg"
        },
        {
            "rank": 6,
            "title": "北京将新增3.5万个机动车停车位",
            "original_title": "",
            "source_platform": "抖音热榜",
            "source_url": "https://www.douyin.com/hot/2378918",
            "content": "北京将新增3.5万个机动车停车位",
            "image": "images/rank6_北京将新增3_20260126_061807.jpg"
        },
        {
            "rank": 7,
            "title": "辽篮客场不敌新疆男篮遭四连败",
            "original_title": "",
            "source_platform": "抖音热榜",
            "source_url": "https://www.douyin.com/hot/2379511",
            "content": "辽篮客场不敌新疆男篮遭四连败",
            "image": "images/rank7_辽篮客场不敌_20260126_061807.jpg"
        },
        {
            "rank": 8,
            "title": "中国卫星技术全球顶流",
            "original_title": "",
            "source_platform": "抖音热榜",
            "source_url": "https://www.douyin.com/hot/2379442",
            "content": "中国卫星技术全球顶流",
            "image": "images/rank8_中国卫星技术_20260126_061807.jpg"
        },
        {
            "rank": 9,
            "title": "中国海警向菲方移交获救菲籍人员",
            "original_title": "",
            "source_platform": "抖音热榜",
            "source_url": "https://www.douyin.com/hot/2379118",
            "content": "中国海警向菲方移交获救菲籍人员",
            "image": "images/rank9_中国海警向菲_20260126_061807.jpg"
        }
    ],
    "timestamp": "20260126_061807"
}