{
    "news": [
        {
            "rank": 0,
            "title": "【轰动】风波再起！众明星卷入，谁能独善其身？",
            "original_title": "",
            "source_platform": "",
            "source_url": "",
            "content": "",
            "image": ""
        },
        {
            "rank": 1,
            "title": "陶玉玲告别仪式，李明启痛哭",
            "original_title": "",
            "source_platform": "腾讯娱乐",
            "source_url": "https://news.qq.com/rain/a/20260119V04CIN00",
            "content": "陶玉玲告别仪式，李明启痛哭",
            "image": "images/rank1_陶玉玲告别仪_20260119_172748.jpg"
        },
        {
            "rank": 2,
            "title": "吴磊起诉白珊珊诽谤侵权",
            "original_title": "",
            "source_platform": "腾讯娱乐",
            "source_url": "https://news.qq.com/rain/a/20260119V0515400",
            "content": "吴磊起诉白珊珊诽谤侵权",
            "image": "images/rank2_吴磊起诉白珊_20260119_172748.jpg"
        },
        {
            "rank": 3,
            "title": "梁小龙账号发告别信：请原谅我不辞而别",
            "original_title": "",
            "source_platform": "腾讯娱乐",
            "source_url": "https://news.qq.com/rain/a/20260118A06LF500",
            "content": "梁小龙账号发告别信：请原谅我不辞而别",
            "image": "images/rank3_梁小龙账号发_20260119_172748.jpg"
        },
        {
            "rank": 4,
            "title": "米兰时装周贾玲马龙许光汉同框",
            "original_title": "",
            "source_platform": "腾讯娱乐",
            "source_url": "https://news.qq.com/rain/a/20260119A0173H00",
            "content": "米兰时装周贾玲马龙许光汉同框",
            "image": "images/rank4_米兰时装周贾_20260119_172748.jpg"
        },
        {
            "rank": 5,
            "title": "说唱歌手白景屹首登美食综艺",
            "original_title": "",
            "source_platform": "腾讯娱乐",
            "source_url": "https://news.qq.com/rain/a/20260118V06O4600",
            "content": "说唱歌手白景屹首登美食综艺",
            "image": "images/rank5_说唱歌手白景_20260119_172748.jpg"
        },
        {
            "rank": 6,
            "title": "2025年国民经济运行情况",
            "original_title": "",
            "source_platform": "抖音热榜",
            "source_url": "https://www.douyin.com/hot/2372470",
            "content": "2025年国民经济运行情况",
            "image": "images/rank6_2025年国_20260119_172748.jpg"
        },
        {
            "rank": 7,
            "title": "过年仪式感从腊月开始",
            "original_title": "",
            "source_platform": "抖音热榜",
            "source_url": "https://www.douyin.com/hot/2372856",
            "content": "过年仪式感从腊月开始",
            "image": "images/rank7_过年仪式感从_20260119_172748.jpg"
        },
        {
            "rank": 8,
            "title": "【TF家族】2026新年音乐会「荣耀」:《来自天堂的魔鬼》纯享版（DAY2）",
            "original_title": "",
            "source_platform": "TF家族",
            "source_url": "https://www.bilibili.com/video/BV1h1kcBfEuJ",
            "content": "【TF家族】2026新年音乐会「荣耀」:《来自天堂的魔鬼》纯享版（DAY2）",
            "image": "images/rank8__TF家族__20260119_172748.jpg"
        },
        {
            "rank": 9,
            "title": "《明日方舟：终末地》公测PV ：Back to Endfield",
            "original_title": "",
            "source_platform": "明日方舟终末地",
            "source_url": "https://www.bilibili.com/video/BV1XTkNB3Er9",
            "content": "《明日方舟：终末地》公测PV ：Back to Endfield",
            "image": "images/rank9__明日方舟__20260119_172748.jpg"
        }
    ],
    "timestamp": "20260119_172748"
}