{
    "news": [
        {
            "rank": 0,
            "title": "惊天文件曝光！",
            "original_title": "",
            "source_platform": "",
            "source_url": "",
            "content": "",
            "image": ""
        },
        {
            "rank": 1,
            "title": "爱泼斯坦文件惊现安德鲁王子争议照片",
            "original_title": "Photos released in Epstein files appear to show Andrew on all fours over female",
            "source_platform": "BBC News",
            "source_url": "https://www.bbc.com/news/articles/c4g5490xmkeo",
            "content": "美国司法部最新公布的爱泼斯坦文件中，包含安德鲁·蒙巴顿-温莎跪在一名女性身上的照片，引发对其与爱泼斯坦关系的进一步审查。",
            "image": "images/rank1_爱泼斯坦文件_20260131_183355.jpg"
        },
        {
            "rank": 2,
            "title": "梅拉尼娅纪录片揭示第一夫人私密生活",
            "original_title": "What we learned - and didn't - from the Melania documentary",
            "source_platform": "BBC News",
            "source_url": "https://www.bbc.com/news/articles/cwy1ed1vgxro",
            "content": "梅拉尼娅·特朗普参与制作的纪录片上映，展示其从私生活到第一夫人的心路历程，但回避了大部分政治议题。",
            "image": "images/rank2_梅拉尼娅纪录_20260131_183355.jpg"
        },
        {
            "rank": 3,
            "title": "加拿大保守党领袖博励治成功连任",
            "original_title": "Canada's Poilievre re-elected Conservative party leader",
            "source_platform": "BBC News",
            "source_url": "https://www.bbc.com/news/articles/c14r1023yy6o",
            "content": "皮埃尔·博励治在党内领导层审查中获得高票支持，成功连任加拿大保守党领袖，将继续带领该党备战下届大选。",
            "image": "images/rank3_加拿大保守党_20260131_183355.jpg"
        },
        {
            "rank": 4,
            "title": "好莱坞众星悼念喜剧演员凯瑟琳·欧哈拉",
            "original_title": "Pedro Pascal and Meryl Streep lead tributes to Catherine O'Hara",
            "source_platform": "BBC News",
            "source_url": "https://www.bbc.com/news/articles/czejk8pnk82o",
            "content": "曾主演《小鬼当家》《富家穷路》的艾美奖得主凯瑟琳·欧哈拉去世，享年71岁，梅丽尔·斯特里普等众多明星发文悼念。",
            "image": "images/rank4_好莱坞众星悼_20260131_183355.jpg"
        },
        {
            "rank": 5,
            "title": "美国联邦政府再次部分停摆",
            "original_title": "US government partially shuts down despite last minute funding deal",
            "source_platform": "BBC News",
            "source_url": "https://www.bbc.com/news/articles/ce8rk33dpvmo",
            "content": "美国参议院虽达成临时拨款协议，但众议院休会未及表决，导致联邦政府于周六凌晨部分停摆。",
            "image": "images/rank5_美国联邦政府_20260131_183355.jpg"
        },
        {
            "rank": 6,
            "title": "前CNN主播莱蒙因教堂抗议报道被捕并遭指控",
            "original_title": "Former CNN host Don Lemon charged in anti-ICE protest at Minnesota church",
            "source_platform": "BBC News",
            "source_url": "https://www.bbc.com/news/articles/c24gm3dz36po",
            "content": "前CNN主播唐·莱蒙因报道明尼苏达州教堂反移民执法抗议活动被捕，面临“剥夺权利共谋”等联邦指控。",
            "image": "images/rank6_前CNN主播_20260131_183355.jpg"
        },
        {
            "rank": 7,
            "title": "亚马逊宣布新一轮大规模裁员",
            "original_title": "Amazon’s layoffs are staggering. We’ve seen this before",
            "source_platform": "CNN",
            "source_url": "https://edition.cnn.com/2026/01/31/tech/amazon-layoffs-january-tech-changes",
            "content": "亚马逊宣布将再裁员1.6万人，这是其近期第二轮大规模裁员，科技行业组织变革与裁员潮持续。",
            "image": "images/rank7_亚马逊宣布新_20260131_183355.jpg"
        },
        {
            "rank": 8,
            "title": "韩国前第一夫人因收受奢侈品贿赂获刑",
            "original_title": "How a love of luxury brought down South Korea’s former first lady",
            "source_platform": "CNN",
            "source_url": "https://edition.cnn.com/2026/01/28/asia/south-korea-kim-keon-hee-ruling-intl-hnk",
            "content": "韩国前总统尹锡悦的妻子金建希因收受名牌包等奢侈品贿赂，在一项审判中被判处一年零八个月监禁。",
            "image": "images/rank8_韩国前第一夫_20260131_183355.jpg"
        },
        {
            "rank": 9,
            "title": "科学家钻探南极冰川以研究其底部融化",
            "original_title": "Drilling Is Underway to Examine Antarctica’s Melting Ice From Below",
            "source_platform": "New York Times",
            "source_url": "https://www.nytimes.com/2026/01/30/climate/antarctica-thwaites-glacier-drilling.html",
            "content": "英韩科学家团队开始钻探南极思韦茨冰川，以研究其底部暖洋流导致的融化情况，评估其对海平面上升的威胁。",
            "image": "images/rank9_科学家钻探南_20260131_183355.jpg"
        }
    ],
    "timestamp": "20260131_183355"
}