{
    "news": [
        {
            "rank": 0,
            "title": "美战略大转向！",
            "original_title": "",
            "source_platform": "",
            "source_url": "",
            "content": "",
            "image": ""
        },
        {
            "rank": 1,
            "title": "美国防战略大转向：中国不再是首要威胁",
            "original_title": "Pentagon to offer 'more limited' support to US allies in defence strategy shift",
            "source_platform": "BBC News",
            "source_url": "https://www.bbc.com/news/articles/cj9r8ezym3ro",
            "content": "美国发布新版国防战略，将本土和西半球安全列为首要关切，中国不再是首要防御重点，并呼吁盟友承担更多防务责任。",
            "image": "images/rank1_美国防战略大_20260124_182941.jpg"
        },
        {
            "rank": 2,
            "title": "美财长称阿尔伯塔是“天然伙伴”，加方拒绝",
            "original_title": "'A natural partner': US treasury secretary weighs in on Alberta separatism",
            "source_platform": "BBC News",
            "source_url": "https://www.bbc.com/news/articles/cy8ylqx0zw4o",
            "content": "美国财长贝森特称加拿大阿尔伯塔省是美国的“天然伙伴”，暗示支持其独立倾向，引发加拿大联邦政府强烈不满与拒绝。",
            "image": "images/rank2_美财长称阿尔_20260124_182941.jpg"
        },
        {
            "rank": 3,
            "title": "女性被智能眼镜偷拍骚扰，TikTok成帮凶",
            "original_title": "Women filmed in secret for TikTok content - and then harassed online",
            "source_platform": "BBC News",
            "source_url": "https://www.bbc.com/news/articles/cr7jej2elyyo",
            "content": "多名女性在公共场所被男性用智能眼镜偷拍，视频被上传至TikTok作为“搭讪教学”素材，导致受害者遭受网络骚扰和现实困扰。",
            "image": "images/rank3_女性被智能眼_20260124_182941.jpg"
        },
        {
            "rank": 4,
            "title": "印欧将签“世纪贸易协议”，应对美国关税",
            "original_title": "India and EU set for 'mother of all deals' as Trump's tariff uncertainty looms",
            "source_platform": "BBC News",
            "source_url": "https://www.bbc.com/news/articles/ckgyz1ejw9no",
            "content": "印度与欧盟即将达成一项被称作“世纪协议”的自贸协定，旨在减少对美中贸易的依赖，应对特朗普政府关税政策的不确定性。",
            "image": "images/rank4_印欧将签_世_20260124_182941.jpg"
        },
        {
            "rank": 5,
            "title": "乌谴责俄空袭破坏和谈，三方会谈继续",
            "original_title": "Ukraine condemns 'brutal' Russian strikes ahead of second day of peace talks",
            "source_platform": "BBC News",
            "source_url": "https://www.bbc.com/news/articles/cwyr6p30054o",
            "content": "乌克兰谴责俄罗斯在美俄乌三方和平会谈期间发动空袭，造成人员伤亡。会谈在阿布扎比进入第二天，领土问题仍是关键障碍。",
            "image": "images/rank5_乌谴责俄空袭_20260124_182941.jpg"
        },
        {
            "rank": 6,
            "title": "布里斯班公布23亿澳元奥运场馆设计",
            "original_title": "Plans for $2.3 billion stadium ignite debate in 2032 Olympics host city",
            "source_platform": "CNN",
            "source_url": "https://edition.cnn.com/2026/01/07/style/australia-brisbane-olympic-stadium-victoria-park-hnk-intl",
            "content": "澳大利亚布里斯班公布2032年奥运会主场馆设计方案，耗资23亿澳元，灵感源自当地民居，但选址遗产公园引发争议。",
            "image": "images/rank6_布里斯班公布_20260124_182941.jpg"
        },
        {
            "rank": 7,
            "title": "美墨网红光天化日遭持枪绑架",
            "original_title": "US-linked influencer missing in Mexico after viral video shows apparent gunpoint abduction",
            "source_platform": "CNN",
            "source_url": "https://edition.cnn.com/2026/01/23/americas/us-mexico-influencer-abducted-gunpoint-latam-intl",
            "content": "墨西哥一名与美国有关联的女网红疑似在光天化日下遭多名武装人员绑架，其特斯拉汽车摄像头拍下过程，视频在网上疯传。",
            "image": "images/rank7_美墨网红光天_20260124_182941.jpg"
        },
        {
            "rank": 8,
            "title": "阿富汗成加密货币创新“意外来源”",
            "original_title": "An Unlikely Source of Crypto Innovation: Afghanistan",
            "source_platform": "New York Times",
            "source_url": "https://www.nytimes.com/2026/01/24/world/asia/crypto-innovation-afghanistan.html",
            "content": "在塔利班统治下，阿富汗的加密货币技术意外发展，其开发的系统正被用于向叙利亚等冲突地区的民众提供人道主义援助。",
            "image": "images/rank8_阿富汗成加密_20260124_182941.jpg"
        },
        {
            "rank": 9,
            "title": "伊朗警告：任何攻击都将引发“全面战争”",
            "original_title": "Iran warns any attack will mean 'all-out war' after Trump says US 'armada' on its way",
            "source_platform": "Sky News",
            "source_url": "https://news.sky.com/story/iran-warns-any-attack-will-mean-all-out-war-after-trump-says-us-armada-on-its-way-13498251",
            "content": "伊朗高级官员警告，将把任何攻击视为“对我们的全面战争”。此前特朗普称美国“舰队”正驶向伊朗，以向德黑兰政权施压。",
            "image": "images/rank9_伊朗警告_任_20260124_182941.jpg"
        }
    ],
    "timestamp": "20260124_182941"
}