{
    "news": [
        {
            "rank": 0,
            "title": "AI侵权，平台不管？",
            "original_title": "",
            "source_platform": "",
            "source_url": "",
            "content": "",
            "image": ""
        },
        {
            "rank": 1,
            "title": "常戴耳机应遵循三个“60”原则",
            "original_title": "",
            "source_platform": "新华网",
            "source_url": "https://baijiahao.baidu.com/s?id=1856729762059354578",
            "content": "卫健委建议保护听力：音量不超过设备最大音量的60%、连续使用不超过60分钟、环境噪声低于60分贝。",
            "image": "images/rank1_常戴耳机应遵_20260211_063658.jpg"
        },
        {
            "rank": 2,
            "title": "李谷一确认缺席春晚",
            "original_title": "",
            "source_platform": "大众日报",
            "source_url": "https://baijiahao.baidu.com/s?id=1856756564810365911",
            "content": "著名歌唱家李谷一因身体原因，将缺席2026年央视春晚，并向观众表达歉意和感谢。",
            "image": "images/rank2_李谷一确认缺_20260211_063658.jpg"
        },
        {
            "rank": 3,
            "title": "00后女儿给父母买新衣秒变80岁",
            "original_title": "",
            "source_platform": "长城网",
            "source_url": "https://baijiahao.baidu.com/s?id=1856725054149884065",
            "content": "山东泰安一位00后女儿给父母买新年衣服，父母穿上后气质突变，仿佛辈分拉高到80岁。",
            "image": "images/rank3_00后女儿给_20260211_063658.jpg"
        },
        {
            "rank": 4,
            "title": "53岁大叔乘60多元绿皮车回家过年",
            "original_title": "",
            "source_platform": "极目新闻",
            "source_url": "https://baijiahao.baidu.com/s?id=1856752597464644365",
            "content": "53岁农民工郝俊平从北京西站乘坐64.5元的绿皮车返回邯郸，节省费用计划用于购买年货。",
            "image": "images/rank4_53岁大叔乘_20260211_063658.jpg"
        },
        {
            "rank": 5,
            "title": "女子拜财神后家中连续出现零钱",
            "original_title": "",
            "source_platform": "海报新闻",
            "source_url": "https://baijiahao.baidu.com/s?id=1856460431212409518",
            "content": "四川成都陈女士拜财神后家中频现零钱，实为橘猫从邻居家偷回，累计金额达102.5元。",
            "image": "images/rank5_女子拜财神后_20260211_063658.jpg"
        },
        {
            "rank": 6,
            "title": "AI周星驰视频大量传播 经纪人质疑",
            "original_title": "",
            "source_platform": "每日经济新闻",
            "source_url": "https://baijiahao.baidu.com/s?id=1856747910812421120",
            "content": "短视频平台AI生成周星驰经典电影片段视频被大量传播，周星驰经纪人发文质疑是否侵权。",
            "image": "images/rank6_AI周星驰视_20260211_063658.jpg"
        },
        {
            "rank": 7,
            "title": "男子买到2026年3月1日产的面包",
            "original_title": "",
            "source_platform": "九派观天下",
            "source_url": "https://www.toutiao.com/article/7604796768676479494/",
            "content": "江苏常州男子买回面包发现包装日期“穿越”到未来，商家回应日期打印错误并已赔偿。",
            "image": "images/rank7_男子买到20_20260211_063658.jpg"
        },
        {
            "rank": 8,
            "title": "雷军宣布初代小米SU7正式停产",
            "original_title": "",
            "source_platform": "界面快讯",
            "source_url": "https://www.toutiao.com/article/7605231565374865972/",
            "content": "雷军在直播中透露最后一辆初代小米SU7量产下线，初代SU7交付量接近37万辆。",
            "image": "images/rank8_雷军宣布初代_20260211_063658.jpg"
        },
        {
            "rank": 9,
            "title": "男子测额度即被放款1800 5天要还3500",
            "original_title": "",
            "source_platform": "半岛晨报",
            "source_url": "https://www.toutiao.com/video/7605127186676187187/",
            "content": "男子测试贷款额度后立即被放款1800元，但5天后需还款3500元，引发关注。",
            "image": "images/rank9_男子测额度即_20260211_063658.jpg"
        }
    ],
    "timestamp": "20260211_063658"
}