{
    "news": [
        {
            "rank": 0,
            "title": "特朗普又掀外交风暴",
            "original_title": "",
            "source_platform": "",
            "source_url": "",
            "content": "",
            "image": ""
        },
        {
            "rank": 1,
            "title": "特朗普起诉国税局索赔百亿",
            "original_title": "Trump and his sons sue IRS and US Treasury over leaked tax information",
            "source_platform": "BBC News",
            "source_url": "https://www.bbc.com/news/articles/c23ryyrx40yo",
            "content": "特朗普及其两个儿子起诉美国国税局和财政部，索赔100亿美元，指控其未能阻止前承包商泄露其税务信息。",
            "image": "images/rank1_特朗普起诉国_20260130_184405.jpg"
        },
        {
            "rank": 2,
            "title": "特朗普威胁对加拿大飞机加征关税",
            "original_title": "Trump threatens tariffs on Canada planes and nations selling oil to Cuba",
            "source_platform": "BBC News",
            "source_url": "https://www.bbc.com/news/articles/c74vyr44xn3o",
            "content": "特朗普威胁对加拿大飞机加征50%关税，并计划对向古巴出售石油的国家征收新关税，加剧美加紧张关系。",
            "image": "images/rank2_特朗普威胁对_20260130_184405.jpg"
        },
        {
            "rank": 3,
            "title": "特朗普称伊朗需满足两条件避战",
            "original_title": "Trump says 'it would be great' if US 'didn't have to use' military force on Iran",
            "source_platform": "BBC News",
            "source_url": "https://www.bbc.com/news/articles/c394ymdpjwvo",
            "content": "特朗普表示已告知伊朗需满足“无核”和“停止杀害抗议者”两条件以避免军事行动，美军舰队正驶向波斯湾。",
            "image": "images/rank3_特朗普称伊朗_20260130_184405.jpg"
        },
        {
            "rank": 4,
            "title": "美元跌至四年新低或继续走弱",
            "original_title": "Why the US dollar hit a four-year low and could fall further",
            "source_platform": "BBC News",
            "source_url": "https://www.bbc.com/news/articles/czjg2rlyvyzo",
            "content": "美元指数跌至四年新低，分析指市场担忧特朗普政府政策及海外投资机会增加，美元今年可能进一步贬值。",
            "image": "images/rank4_美元跌至四年_20260130_184405.jpg"
        },
        {
            "rank": 5,
            "title": "印尼情侣因违反伊斯兰法被鞭笞140下",
            "original_title": "Indonesian couple caned 140 times for sex and alcohol offences",
            "source_platform": "BBC News",
            "source_url": "https://www.bbc.com/news/articles/c23ryxre907o",
            "content": "印尼亚齐省一对情侣因发生婚外性行为及饮酒违反伊斯兰教法，在公开鞭刑中被鞭笞140下，女子当场昏厥。",
            "image": "images/rank5_印尼情侣因违_20260130_184405.jpg"
        },
        {
            "rank": 6,
            "title": "苹果iPhone 17销售强劲缓解AI担忧",
            "original_title": "The iPhone 17 is easing Wall Street’s concerns about Apple’s AI troubles",
            "source_platform": "CNN",
            "source_url": "https://edition.cnn.com/2026/01/29/tech/apple-earnings-iphone-17-sales-ai",
            "content": "苹果最新财报远超预期，iPhone 17销售强劲，营收达853亿美元，缓解了市场对其在人工智能领域落后的担忧。",
            "image": "images/rank6_苹果iPho_20260130_184405.jpg"
        },
        {
            "rank": 7,
            "title": "林赛·沃恩冬奥前最后一滑严重摔伤",
            "original_title": "Lindsey Vonn crashes in final downhill race before Winter Olympics",
            "source_platform": "CNN",
            "source_url": "https://edition.cnn.com/2026/01/30/sport/skiing-lindsey-vonn-crash-winter-olympics",
            "content": "美国滑雪名将林赛·沃恩在冬奥会前最后一场速降赛中严重摔伤，左膝受伤，一瘸一拐离开赛场。",
            "image": "images/rank7_林赛_沃恩冬_20260130_184405.jpg"
        },
        {
            "rank": 8,
            "title": "英国试用者称Neuralink脑芯片“感觉神奇”",
            "original_title": "Man given Musk's Neuralink brain chip in UK trial says it 'feels magical' and gives new hope",
            "source_platform": "Sky News",
            "source_url": "https://news.sky.com/story/man-given-musks-neuralink-brain-chip-in-uk-trial-says-it-feels-magical-and-gives-new-hope-13500126",
            "content": "英国首批Neuralink脑芯片试用者称其“感觉神奇”，为严重瘫痪患者带来新希望，该技术由马斯克公司开发。",
            "image": "images/rank8_英国试用者称_20260130_184405.jpg"
        },
        {
            "rank": 9,
            "title": "莫桑比克洪灾致社区断粮，救援艰难",
            "original_title": "Mozambique: Aid workers scramble to reach starving communities after devastating floods but it's a mammoth task",
            "source_platform": "Sky News",
            "source_url": "https://news.sky.com/story/there-is-no-food-in-this-community-it-is-hard-flooding-brings-devastation-and-disease-to-thousands-in-mozambique-13500787",
            "content": "莫桑比克南部加扎省遭遇毁灭性洪灾，大片农田被淹，社区断粮，救援人员正艰难向被困民众空投食品援助。",
            "image": "images/rank9_莫桑比克洪灾_20260130_184405.jpg"
        }
    ],
    "timestamp": "20260130_184405"
}