{
    "news": [
        {
            "rank": 0,
            "title": "12万现金丢了？",
            "original_title": "",
            "source_platform": "",
            "source_url": "",
            "content": "",
            "image": ""
        },
        {
            "rank": 1,
            "title": "女子取12万现金挂电瓶车丢失",
            "original_title": "",
            "source_platform": "观象视频",
            "source_url": "https://baijiahao.baidu.com/s?id=1854935419943099477",
            "content": "辽宁一女子将刚取的12万现金放电瓶车把手上，塑料袋破洞致现金全部丢失，急得崩溃大哭。",
            "image": "images/rank1_女子取12万_20260122_062200.jpg"
        },
        {
            "rank": 2,
            "title": "学胖东来第二年永辉亏21亿",
            "original_title": "",
            "source_platform": "观察者网",
            "source_url": "https://baijiahao.baidu.com/s?id=1854927953910032567",
            "content": "永辉超市发布2025年业绩预亏公告，净利润-21.4亿元，这是其对标胖东来模式转型实践的第二年。",
            "image": "images/rank2_学胖东来第二_20260122_062200.jpg"
        },
        {
            "rank": 3,
            "title": "“长春第一冰锅”火爆出圈",
            "original_title": "",
            "source_platform": "海报新闻",
            "source_url": "https://baijiahao.baidu.com/s?id=1854932572481764171",
            "content": "长春一巨型“冰锅”直径48米、深6米，吸引全国越野爱好者打卡挑战，场边设有免费救援车。",
            "image": "images/rank3__长春第一冰_20260122_062200.jpg"
        },
        {
            "rank": 4,
            "title": "男婴被扎数百针官方通报",
            "original_title": "",
            "source_platform": "界面新闻",
            "source_url": "https://baijiahao.baidu.com/s?id=1854935471556794391",
            "content": "云南墨江通报十个月大男婴被母亲用民间“扎针”方法治疗，致全身数百针孔及颈椎内遗留断针。",
            "image": "images/rank4_男婴被扎数百_20260122_062200.jpg"
        },
        {
            "rank": 5,
            "title": "索尼电视拟与TCL成立合资公司",
            "original_title": "",
            "source_platform": "智东西",
            "source_url": "https://www.toutiao.com/article/7597821381765595663/",
            "content": "索尼与TCL电子签署战略合作意向，拟设立合资公司承接索尼家庭娱乐业务，TCL持股51%。",
            "image": "images/rank5_索尼电视拟与_20260122_062200.jpg"
        },
        {
            "rank": 6,
            "title": "中国变压器出口创历史新高",
            "original_title": "",
            "source_platform": "新浪财经",
            "source_url": "https://www.toutiao.com/article/7597428382300701210/",
            "content": "2025年中国变压器出口额达646亿元，增长近36%，出口均价上涨约三分之一，欧美需求旺盛。",
            "image": "images/rank6_中国变压器出_20260122_062200.jpg"
        },
        {
            "rank": 7,
            "title": "女儿要10元让妈妈“负债”百万",
            "original_title": "",
            "source_platform": "大象新闻",
            "source_url": "https://www.toutiao.com/video/7597707246865989683/",
            "content": "一则短视频引发关注，女儿向妈妈要10元钱，却导致妈妈陷入“负债”百万的离奇情境。",
            "image": "images/rank7_女儿要10元_20260122_062200.jpg"
        },
        {
            "rank": 8,
            "title": "传奇野狼“格林”生死成谜",
            "original_title": "",
            "source_platform": "史论纵横",
            "source_url": "https://www.toutiao.com/w/1854931217464328/",
            "content": "从成都客厅走向若尔盖草原的传奇野狼“格林”已16岁，超过野生狼寿命极限，近况连养育者都不知。",
            "image": "images/rank8_传奇野狼_格_20260122_062200.jpg"
        },
        {
            "rank": 9,
            "title": "西贝获融资“老朋友”火线救援",
            "original_title": "",
            "source_platform": "每日经济新闻",
            "source_url": "https://news.qq.com/rain/a/20260121A073Z400",
            "content": "西贝近日获得新一轮融资，投资方包括新荣记张勇、阿里前合伙人胡晓明等，为品牌重启提供支持。",
            "image": "images/rank9_西贝获融资__20260122_062200.jpg"
        }
    ],
    "timestamp": "20260122_062200"
}