{
    "news": [
        {
            "rank": 0,
            "title": "【轰动】01月15日娱乐圈再起风波，众明星或被卷入其中",
            "original_title": "",
            "source_platform": "",
            "source_url": "",
            "content": "",
            "image": ""
        },
        {
            "rank": 1,
            "title": "春晚路透有哪些惊喜",
            "original_title": "",
            "source_platform": "腾讯娱乐",
            "source_url": "https://news.qq.com/rain/a/20260114A04TGE00",
            "content": "春晚路透有哪些惊喜",
            "image": "images/rank1_春晚路透有哪_20260115_061944.jpg"
        },
        {
            "rank": 2,
            "title": "细看闫学晶资产，“飘”太高真的会摔",
            "original_title": "",
            "source_platform": "腾讯娱乐",
            "source_url": "https://news.qq.com/rain/a/20260112A074ZW00",
            "content": "细看闫学晶资产，“飘”太高真的会摔",
            "image": "images/rank2_细看闫学晶资_20260115_061944.jpg"
        },
        {
            "rank": 3,
            "title": "盘点偷税的明星网红",
            "original_title": "",
            "source_platform": "腾讯娱乐",
            "source_url": "https://news.qq.com/rain/a/20260114V05R4A00",
            "content": "盘点偷税的明星网红",
            "image": "images/rank3_盘点偷税的明_20260115_061944.jpg"
        },
        {
            "rank": 4,
            "title": "李亚鹏，到底欠了多少债？",
            "original_title": "",
            "source_platform": "腾讯娱乐",
            "source_url": "https://news.qq.com/rain/a/20260114A05VMX00",
            "content": "李亚鹏，到底欠了多少债？",
            "image": "images/rank4_李亚鹏_到底_20260115_061944.jpg"
        },
        {
            "rank": 5,
            "title": "彭楚粤回应曾在《桃花坞》崩溃大哭",
            "original_title": "",
            "source_platform": "腾讯娱乐",
            "source_url": "https://news.qq.com/rain/a/20260114V03VSE00",
            "content": "彭楚粤回应曾在《桃花坞》崩溃大哭",
            "image": "images/rank5_彭楚粤回应曾_20260115_061944.jpg"
        },
        {
            "rank": 6,
            "title": "蔡康永发文谈《康熙来了》停播十周年",
            "original_title": "",
            "source_platform": "腾讯娱乐",
            "source_url": "https://news.qq.com/rain/a/20260114V06L2H00",
            "content": "蔡康永发文谈《康熙来了》停播十周年",
            "image": "images/rank6_蔡康永发文谈_20260115_061944.jpg"
        },
        {
            "rank": 7,
            "title": "《复仇者联盟5》四支先导预告一览",
            "original_title": "",
            "source_platform": "腾讯娱乐",
            "source_url": "https://news.qq.com/rain/a/20260114A01OQ900",
            "content": "《复仇者联盟5》四支先导预告一览",
            "image": "images/rank7__复仇者联盟_20260115_061944.jpg"
        },
        {
            "rank": 8,
            "title": "电影《飞行家》发布推广曲《铁蝴蝶》MV",
            "original_title": "",
            "source_platform": "腾讯娱乐",
            "source_url": "https://news.qq.com/rain/a/20260114V02MOS00",
            "content": "电影《飞行家》发布推广曲《铁蝴蝶》MV",
            "image": "images/rank8_电影_飞行家_20260115_061944.jpg"
        },
        {
            "rank": 9,
            "title": "美国将暂停对俄罗斯等75国签证",
            "original_title": "",
            "source_platform": "抖音热榜",
            "source_url": "https://www.douyin.com/hot/2367945",
            "content": "美国将暂停对俄罗斯等75国签证",
            "image": "images/rank9_美国将暂停对_20260115_061944.jpg"
        }
    ],
    "timestamp": "20260115_061944"
}