{
    "news": [
        {
            "rank": 0,
            "title": "电动车能骑回老家？",
            "original_title": "",
            "source_platform": "",
            "source_url": "",
            "content": "",
            "image": ""
        },
        {
            "rank": 1,
            "title": "女子骑电动车近2个月从上海回广西",
            "original_title": "",
            "source_platform": "极目新闻",
            "source_url": "https://baijiahao.baidu.com/s?id=1856812998360944062",
            "content": "30岁女子历时近两个月，骑电动车从上海返乡广西南宁，途经浙闽粤已行3000多公里。",
            "image": "images/rank1_女子骑电动车_20260212_062642.jpg"
        },
        {
            "rank": 2,
            "title": "手机出现这些异常或被控屏",
            "original_title": "",
            "source_platform": "央视新闻",
            "source_url": "https://baijiahao.baidu.com/s?id=1856819920740755346",
            "content": "若手机出现黑屏、闪屏、返回键失灵等异常，可能已被远程控制，需警惕。",
            "image": "images/rank2_手机出现这些_20260212_062642.jpg"
        },
        {
            "rank": 3,
            "title": "比尔·盖茨时隔3年再度访华",
            "original_title": "",
            "source_platform": "红星新闻",
            "source_url": "https://baijiahao.baidu.com/s?id=1856831936991822260",
            "content": "盖茨基金会主席比尔·盖茨时隔近3年再度访华，在上海发表主旨演讲。",
            "image": "images/rank3_比尔_盖茨时_20260212_062642.jpg"
        },
        {
            "rank": 4,
            "title": "女生带男友回家竟是堂弟同学",
            "original_title": "",
            "source_platform": "潇湘晨报",
            "source_url": "https://baijiahao.baidu.com/s?id=1856846021697052304",
            "content": "湖南一女生带男友回家过年，堂弟认出对方是自己多年未见的初中同学。",
            "image": "images/rank4_女生带男友回_20260212_062642.jpg"
        },
        {
            "rank": 5,
            "title": "高铁发车频次比地铁还勤",
            "original_title": "",
            "source_platform": "潇湘晨报",
            "source_url": "https://baijiahao.baidu.com/s?id=1856446048062209575",
            "content": "广州南站高铁发车频次达一分钟一班，网友感叹高铁开得比地铁还勤。",
            "image": "images/rank5_高铁发车频次_20260212_062642.jpg"
        },
        {
            "rank": 6,
            "title": "停产12年的奇瑞QQ复活爆火",
            "original_title": "",
            "source_platform": "海报新闻",
            "source_url": "https://www.toutiao.com/video/7605167742731157523/",
            "content": "停产12年的奇瑞QQ车型复活后，在市场上引发关注并迅速走红。",
            "image": "images/rank6_停产12年的_20260212_062642.jpg"
        },
        {
            "rank": 7,
            "title": "全国房价止跌信号初现",
            "original_title": "",
            "source_platform": "财经杂志",
            "source_url": "https://www.toutiao.com/article/7605148414464049699/",
            "content": "2026年1月全国重点13城二手房成交面积环比上升16%，房价止跌信号初步显现。",
            "image": "images/rank7_全国房价止跌_20260212_062642.jpg"
        },
        {
            "rank": 8,
            "title": "00后办的年货有多震撼",
            "original_title": "",
            "source_platform": "三联生活实验室",
            "source_url": "https://www.toutiao.com/article/7605548537689948712/",
            "content": "00后群体在年货采买上展现出独特风格，成为家庭过年新亮点。",
            "image": "images/rank8_00后办的年_20260212_062642.jpg"
        },
        {
            "rank": 9,
            "title": "宁忠岩速滑男子1000米夺铜",
            "original_title": "",
            "source_platform": "咪咕体育",
            "source_url": "https://www.toutiao.com/video/7605684881292853282/",
            "content": "中国选手宁忠岩在速滑男子1000米比赛中获得铜牌。",
            "image": "images/rank9_宁忠岩速滑男_20260212_062642.jpg"
        }
    ],
    "timestamp": "20260212_062642"
}