{
    "news": [
        {
            "rank": 0,
            "title": "美伊冲突再升级！",
            "original_title": "",
            "source_platform": "",
            "source_url": "",
            "content": "",
            "image": ""
        },
        {
            "rank": 1,
            "title": "美司法部撤下数千份爱泼斯坦文件",
            "original_title": "Thousands of Epstein documents taken down after victims identified",
            "source_platform": "BBC News",
            "source_url": "https://www.bbc.com/news/articles/cn0k65pnxjxo",
            "content": "美国司法部因受害者身份信息泄露，从其网站上撤下了数千份与杰弗里·爱泼斯坦相关的文件。",
            "image": "images/rank1_美司法部撤下_20260204_062717.jpg"
        },
        {
            "rank": 2,
            "title": "吉尔·拜登前夫被控谋杀现任妻子",
            "original_title": "Jill Biden's ex-husband charged with murdering his wife",
            "source_platform": "BBC News",
            "source_url": "https://www.bbc.com/news/articles/c20zw5z669no",
            "content": "美国前第一夫人吉尔·拜登的前夫威廉·史蒂文森被指控谋杀了其现任妻子琳达·史蒂文森。",
            "image": "images/rank2_吉尔_拜登前_20260204_062717.jpg"
        },
        {
            "rank": 3,
            "title": "美军击落逼近航母的伊朗无人机",
            "original_title": "US says it shot down Iranian drone flying towards aircraft carrier",
            "source_platform": "BBC News",
            "source_url": "https://www.bbc.com/news/articles/c3dmjn7n985o",
            "content": "美军称，一架伊朗无人机在阿拉伯海“激进地”逼近美国航母，被F-35C战机击落。",
            "image": "images/rank3_美军击落逼近_20260204_062717.jpg"
        },
        {
            "rank": 4,
            "title": "百事公司将在美国下调部分零食价格",
            "original_title": "PepsiCo to cut some US snack prices after backlash",
            "source_platform": "BBC News",
            "source_url": "https://www.bbc.com/news/articles/cm2y38v4prvo",
            "content": "百事公司宣布将在美国下调包括多力多滋、乐事等在内的部分零食产品价格。",
            "image": "images/rank4_百事公司将在_20260204_062717.jpg"
        },
        {
            "rank": 5,
            "title": "美国主播母亲失踪案疑为绑架",
            "original_title": "'We hope' Savannah Guthrie's mother is still alive, sheriff says",
            "source_platform": "BBC News",
            "source_url": "https://www.bbc.com/news/articles/c14rd1ny5gdo",
            "content": "美国NBC主播萨凡纳·格思里的母亲失踪超48小时，警方认为她遭绑架，正全力搜寻。",
            "image": "images/rank5_美国主播母亲_20260204_062717.jpg"
        },
        {
            "rank": 6,
            "title": "特朗普呼吁共和党“接管”美国选举",
            "original_title": "Trump says Republicans 'should take over the voting' and 'nationalise' US elections",
            "source_platform": "BBC News",
            "source_url": "https://www.bbc.com/news/articles/c0mke841zj0o",
            "content": "美国总统特朗普敦促共和党“接管”并“国有化”选举，并再次提出未经证实的2020年选举欺诈指控。",
            "image": "images/rank6_特朗普呼吁共_20260204_062717.jpg"
        },
        {
            "rank": 7,
            "title": "日本连降大雪致至少30人死亡",
            "original_title": "At Least 30 Dead After Weeks of Heavy Snowfall in Japan",
            "source_platform": "New York Times",
            "source_url": "https://www.nytimes.com/2026/02/03/world/asia/japan-snow-deaths.html",
            "content": "日本连续两周的强降雪已造成至少30人死亡，200多人受伤，部分地区交通瘫痪。",
            "image": "images/rank7_日本连降大雪_20260204_062717.jpg"
        },
        {
            "rank": 8,
            "title": "尼泊尔逮捕6名涉珠峰救援诈骗官员",
            "original_title": "Nepal Arrests 6 Officials, Accusing Them of Fraudulent Everest Rescues",
            "source_platform": "New York Times",
            "source_url": "https://www.nytimes.com/2026/02/03/world/asia/mount-everest-helicopter-insurance-fraud.html",
            "content": "尼泊尔当局逮捕6人，指控其通过组织不必要的珠峰直升机救援，诈骗国际保险公司数百万美元。",
            "image": "images/rank8_尼泊尔逮捕6_20260204_062717.jpg"
        },
        {
            "rank": 9,
            "title": "澳13岁少年游泳4小时救被困家人",
            "original_title": "Teenage boy swims for four hours to save family swept out to sea",
            "source_platform": "Sky News",
            "source_url": "https://news.sky.com/story/australian-boy-13-swims-four-hours-to-save-family-swept-out-to-sea-13502670",
            "content": "澳大利亚一名13岁男孩在家人被卷入大海后，与巨浪搏斗约4小时游回岸边报警求救。",
            "image": "images/rank9_澳13岁少年_20260204_062717.jpg"
        }
    ],
    "timestamp": "20260204_062717"
}