{
    "news": [
        {
            "rank": 0,
            "title": "【轰动】风波再起！众明星卷入，谁能独善其身？",
            "original_title": "",
            "source_platform": "",
            "source_url": "",
            "content": "",
            "image": ""
        },
        {
            "rank": 1,
            "title": "车银优疑似涉嫌逃税",
            "original_title": "",
            "source_platform": "腾讯娱乐",
            "source_url": "https://news.qq.com/rain/a/20260123V04UAU00",
            "content": "车银优疑似涉嫌逃税",
            "image": "images/rank1_车银优疑似涉_20260125_061803.jpg"
        },
        {
            "rank": 2,
            "title": "SHarK锐评VaVa：新衣穿成古着",
            "original_title": "",
            "source_platform": "腾讯娱乐",
            "source_url": "https://news.qq.com/rain/a/20260124V030KC00",
            "content": "SHarK锐评VaVa：新衣穿成古着",
            "image": "images/rank2_SHarK锐_20260125_061803.jpg"
        },
        {
            "rank": 3,
            "title": "众星现身八宝山送别孙彩虹",
            "original_title": "",
            "source_platform": "腾讯娱乐",
            "source_url": "https://news.qq.com/rain/a/20260123V06BZG00",
            "content": "众星现身八宝山送别孙彩虹",
            "image": "images/rank3_众星现身八宝_20260125_061803.jpg"
        },
        {
            "rank": 4,
            "title": "U23国足0:4日本获亚军",
            "original_title": "",
            "source_platform": "抖音热榜",
            "source_url": "https://www.douyin.com/hot/2377895",
            "content": "U23国足0:4日本获亚军",
            "image": "images/rank4_U23国足0_20260125_061803.jpg"
        },
        {
            "rank": 5,
            "title": "2025我国实际使用外资超7000亿元",
            "original_title": "",
            "source_platform": "抖音热榜",
            "source_url": "https://www.douyin.com/hot/2378217",
            "content": "2025我国实际使用外资超7000亿元",
            "image": "images/rank5_2025我国_20260125_061803.jpg"
        },
        {
            "rank": 6,
            "title": "李昊无缘最佳门将",
            "original_title": "",
            "source_platform": "抖音热榜",
            "source_url": "https://www.douyin.com/hot/2378664",
            "content": "李昊无缘最佳门将",
            "image": "images/rank6_李昊无缘最佳_20260125_061803.jpg"
        },
        {
            "rank": 7,
            "title": "U23国足进球被吹",
            "original_title": "",
            "source_platform": "抖音热榜",
            "source_url": "https://www.douyin.com/hot/2378657",
            "content": "U23国足进球被吹",
            "image": "images/rank7_U23国足进_20260125_061803.jpg"
        },
        {
            "rank": 8,
            "title": "U23国足被判点球",
            "original_title": "",
            "source_platform": "抖音热榜",
            "source_url": "https://www.douyin.com/hot/2378653",
            "content": "U23国足被判点球",
            "image": "images/rank8_U23国足被_20260125_061803.jpg"
        },
        {
            "rank": 9,
            "title": "美国多地进入紧急状态",
            "original_title": "",
            "source_platform": "抖音热榜",
            "source_url": "https://www.douyin.com/hot/2377837",
            "content": "美国多地进入紧急状态",
            "image": "images/rank9_美国多地进入_20260125_061803.jpg"
        }
    ],
    "timestamp": "20260125_061803"
}