{
    "news": [
        {
            "rank": 0,
            "title": "【翻车】人设崩塌？争议不断的明星们经历了什么",
            "original_title": "",
            "source_platform": "",
            "source_url": "",
            "content": "",
            "image": ""
        },
        {
            "rank": 1,
            "title": "白百何晒与18岁儿子合照",
            "original_title": "",
            "source_platform": "腾讯娱乐",
            "source_url": "https://news.qq.com/rain/a/20260130A01XHG00",
            "content": "白百何晒与18岁儿子合照",
            "image": "images/rank1_白百何晒与1_20260131_062141.jpg"
        },
        {
            "rank": 2,
            "title": "韩娱顶流也曾陷入偷税争议",
            "original_title": "",
            "source_platform": "腾讯娱乐",
            "source_url": "https://news.qq.com/rain/a/20260128A07XAM00",
            "content": "韩娱顶流也曾陷入偷税争议",
            "image": "images/rank2_韩娱顶流也曾_20260131_062141.jpg"
        },
        {
            "rank": 3,
            "title": "李亚鹏称将取消直播处理医院事务",
            "original_title": "",
            "source_platform": "腾讯娱乐",
            "source_url": "https://news.qq.com/rain/a/20260129A05AOV00",
            "content": "李亚鹏称将取消直播处理医院事务",
            "image": "images/rank3_李亚鹏称将取_20260131_062141.jpg"
        },
        {
            "rank": 4,
            "title": "北方人对面食的执念有多深",
            "original_title": "",
            "source_platform": "抖音热榜",
            "source_url": "https://www.douyin.com/hot/2384053",
            "content": "北方人对面食的执念有多深",
            "image": "images/rank4_北方人对面食_20260131_062141.jpg"
        },
        {
            "rank": 5,
            "title": "欧冠淘汰赛附加赛抽签出炉",
            "original_title": "",
            "source_platform": "抖音热榜",
            "source_url": "https://www.douyin.com/hot/2384648",
            "content": "欧冠淘汰赛附加赛抽签出炉",
            "image": "images/rank5_欧冠淘汰赛附_20260131_062141.jpg"
        },
        {
            "rank": 6,
            "title": "中国绿色低碳转型交出亮眼答卷",
            "original_title": "",
            "source_platform": "抖音热榜",
            "source_url": "https://www.douyin.com/hot/2384227",
            "content": "中国绿色低碳转型交出亮眼答卷",
            "image": "images/rank6_中国绿色低碳_20260131_062141.jpg"
        },
        {
            "rank": 7,
            "title": "外交部回应巴拿马涉港口有关裁决",
            "original_title": "",
            "source_platform": "抖音热榜",
            "source_url": "https://www.douyin.com/hot/2384245",
            "content": "外交部回应巴拿马涉港口有关裁决",
            "image": "images/rank7_外交部回应巴_20260131_062141.jpg"
        },
        {
            "rank": 8,
            "title": "中国公民在东京街头被劫",
            "original_title": "",
            "source_platform": "抖音热榜",
            "source_url": "https://www.douyin.com/hot/2383997",
            "content": "中国公民在东京街头被劫",
            "image": "images/rank8_中国公民在东_20260131_062141.jpg"
        },
        {
            "rank": 9,
            "title": "世贸争端案专家组驳回美方抗辩",
            "original_title": "",
            "source_platform": "抖音热榜",
            "source_url": "https://www.douyin.com/hot/2384751",
            "content": "世贸争端案专家组驳回美方抗辩",
            "image": "images/rank9_世贸争端案专_20260131_062141.jpg"
        }
    ],
    "timestamp": "20260131_062141"
}