{
    "news": [
        {
            "rank": 0,
            "title": "【轰动】01月17日娱乐圈再起风波，众明星或被卷入其中",
            "original_title": "",
            "source_platform": "",
            "source_url": "",
            "content": "",
            "image": ""
        },
        {
            "rank": 1,
            "title": "李湘多平台账号被禁止关注",
            "original_title": "",
            "source_platform": "腾讯娱乐",
            "source_url": "https://news.qq.com/rain/a/20260116A0307300",
            "content": "李湘多平台账号被禁止关注",
            "image": "images/rank1_李湘多平台账_20260117_061935.jpg"
        },
        {
            "rank": 2,
            "title": "“50+恋综”抓马出圈",
            "original_title": "",
            "source_platform": "腾讯娱乐",
            "source_url": "https://news.qq.com/rain/a/20260116A07N0W00",
            "content": "“50+恋综”抓马出圈",
            "image": "images/rank2__50_恋综_20260117_061935.jpg"
        },
        {
            "rank": 3,
            "title": "黄晓明发文感谢李秋萍",
            "original_title": "",
            "source_platform": "腾讯娱乐",
            "source_url": "https://news.qq.com/rain/a/20260116A06S0Q00",
            "content": "黄晓明发文感谢李秋萍",
            "image": "images/rank3_黄晓明发文感_20260117_061935.jpg"
        },
        {
            "rank": 4,
            "title": "窦骁何超莲同框出席活动",
            "original_title": "",
            "source_platform": "腾讯娱乐",
            "source_url": "https://news.qq.com/rain/a/20260116A0656000",
            "content": "窦骁何超莲同框出席活动",
            "image": "images/rank4_窦骁何超莲同_20260117_061935.jpg"
        },
        {
            "rank": 5,
            "title": "彭于晏说颜值不重要",
            "original_title": "",
            "source_platform": "腾讯娱乐",
            "source_url": "https://news.qq.com/rain/a/20260116V06KIW00",
            "content": "彭于晏说颜值不重要",
            "image": "images/rank5_彭于晏说颜值_20260117_061935.jpg"
        },
        {
            "rank": 6,
            "title": "被欠薪4个月！42岁短剧演员送外卖",
            "original_title": "",
            "source_platform": "腾讯娱乐",
            "source_url": "https://news.qq.com/rain/a/20260116A05XY200",
            "content": "被欠薪4个月！42岁短剧演员送外卖",
            "image": "images/rank6_被欠薪4个月_20260117_061935.jpg"
        },
        {
            "rank": 7,
            "title": "豆瓣9.7，终于等来了神级售后",
            "original_title": "",
            "source_platform": "腾讯娱乐",
            "source_url": "https://news.qq.com/rain/a/20260116A07KFC00",
            "content": "豆瓣9.7，终于等来了神级售后",
            "image": "images/rank7_豆瓣9_7__20260117_061935.jpg"
        },
        {
            "rank": 8,
            "title": "鹿哈自曝经济紧张连30万都拿不出",
            "original_title": "",
            "source_platform": "腾讯娱乐",
            "source_url": "https://news.qq.com/rain/a/20260116V06FOA00",
            "content": "鹿哈自曝经济紧张连30万都拿不出",
            "image": "images/rank8_鹿哈自曝经济_20260117_061935.jpg"
        },
        {
            "rank": 9,
            "title": "湖北将迎暴雪",
            "original_title": "",
            "source_platform": "抖音热榜",
            "source_url": "https://www.douyin.com/hot/2369898",
            "content": "湖北将迎暴雪",
            "image": "images/rank9_湖北将迎暴雪_20260117_061935.jpg"
        }
    ],
    "timestamp": "20260117_061935"
}