{
    "news": [
        {
            "rank": 0,
            "title": "王室炸锅！人质危机！",
            "original_title": "",
            "source_platform": "",
            "source_url": "",
            "content": "",
            "image": ""
        },
        {
            "rank": 1,
            "title": "查尔斯国王首度就安德鲁涉爱泼斯坦案发声",
            "original_title": "King's 'profound concern' as police consider Andrew claims over Epstein",
            "source_platform": "BBC News",
            "source_url": "https://www.bbc.com/news/articles/cqlgv3z79klo",
            "content": "查尔斯国王首次就爱泼斯坦案最新爆料表态，称白金汉宫准备支持警方调查其弟安德鲁的指控。",
            "image": "images/rank1_查尔斯国王首_20260210_063317.jpg"
        },
        {
            "rank": 2,
            "title": "爱泼斯坦案关键人物马克斯韦尔国会听证会上拒答",
            "original_title": "Maxwell refuses to answer questions about Epstein in congressional hearing",
            "source_platform": "BBC News",
            "source_url": "https://www.bbc.com/news/articles/cvgv5yre39zo",
            "content": "爱泼斯坦案共犯吉斯莱恩·马克斯韦尔在美国众议院监督委员会听证会上援引第五修正案，拒绝回答问题。",
            "image": "images/rank2_爱泼斯坦案关_20260210_063317.jpg"
        },
        {
            "rank": 3,
            "title": "委内瑞拉反对派领袖获释数小时后疑遭绑架",
            "original_title": "Venezuela's opposition says party leader kidnapped hours after being freed",
            "source_platform": "BBC News",
            "source_url": "https://www.bbc.com/news/articles/c9wnjqzrv48o",
            "content": "委内瑞拉反对派领袖称，其同事胡安·巴勃罗·瓜尼帕获释仅数小时后，在首都加拉加斯被武装人员强行带走。",
            "image": "images/rank3_委内瑞拉反对_20260210_063317.jpg"
        },
        {
            "rank": 4,
            "title": "美军跨洋追踪并登检一艘违禁油轮",
            "original_title": "US boards tanker in Indian Ocean it 'tracked and hunted' from Caribbean",
            "source_platform": "BBC News",
            "source_url": "https://www.bbc.com/news/articles/c5y4dyp0765o",
            "content": "美国军方在印度洋登上一艘油轮，称其从加勒比海被追踪数千英里至此，违反了美国对委内瑞拉石油的制裁封锁。",
            "image": "images/rank4_美军跨洋追踪_20260210_063317.jpg"
        },
        {
            "rank": 5,
            "title": "加拿大矿业公司称其在墨西哥被绑架员工部分遇害",
            "original_title": "Canadian mining firm says its abducted workers found dead in Mexico",
            "source_platform": "BBC News",
            "source_url": "https://www.bbc.com/news/articles/cly0zz7yd3go",
            "content": "加拿大矿业公司称，其1月在墨西哥项目现场被绑架的10名员工中，部分已被发现死亡。",
            "image": "images/rank5_加拿大矿业公_20260210_063317.jpg"
        },
        {
            "rank": 6,
            "title": "塞内加尔两名名人因涉同性恋指控被捕",
            "original_title": "Two Senegalese Celebrities Are Arrested in Crackdown on Homosexuality",
            "source_platform": "New York Times",
            "source_url": "https://www.nytimes.com/2026/02/09/world/africa/senegal-gay-arrests-diallo-drame.html",
            "content": "塞内加尔一名电视主持人和一名歌手因涉嫌“非自然行为”（指同性性行为）被捕并出庭受审。",
            "image": "images/rank6_塞内加尔两名_20260210_063317.jpg"
        },
        {
            "rank": 7,
            "title": "以色列总统访澳引发抗议与冲突",
            "original_title": "Israeli President’s Visit to Australia Prompts Protests and Arrests",
            "source_platform": "New York Times",
            "source_url": "https://www.nytimes.com/2026/02/09/world/australia/israel-herzog-visit-protests.html",
            "content": "以色列总统赫尔佐格访问澳大利亚悉尼，引发抗议活动并与警方发生冲突，抗议者反对其因加沙战争受邀。",
            "image": "images/rank7_以色列总统访_20260210_063317.jpg"
        },
        {
            "rank": 8,
            "title": "美国21岁花滑天才能否重燃国民热情？",
            "original_title": "Can This 21-Year-Old Make America Fall in Love With Figure Skating?",
            "source_platform": "New York Times",
            "source_url": "https://www.nytimes.com/2026/02/09/world/olympics/ilia-malinin-ice-skating-winter-olympics.html",
            "content": "21岁的美国花滑选手伊利亚·马利宁被视为冬奥夺金热门，他能否凭借超凡技艺重振美国对花样滑冰的热爱？",
            "image": "images/rank8_美国21岁花_20260210_063317.jpg"
        },
        {
            "rank": 9,
            "title": "古巴航空燃油耗尽，加航取消赴古航班",
            "original_title": "Air Canada Cancels Flights as Cuba Runs Out of Jet Fuel",
            "source_platform": "New York Times",
            "source_url": "https://www.nytimes.com/2026/02/09/world/americas/air-canada-flight-cancellations-cuba-jet-fuel.html",
            "content": "因古巴政府通知航空燃油耗尽，加拿大航空宣布暂停所有飞往古巴的航班，并将派空机接回滞留旅客。",
            "image": "images/rank9_古巴航空燃油_20260210_063317.jpg"
        }
    ],
    "timestamp": "20260210_063317"
}