{
    "news": [
        {
            "rank": 0,
            "title": "涨价潮来袭 你被割韭菜了吗？",
            "original_title": "",
            "source_platform": "",
            "source_url": "",
            "content": "",
            "image": ""
        },
        {
            "rank": 1,
            "title": "多所高校撤销艺术专业",
            "original_title": "",
            "source_platform": "第一财经",
            "source_url": "https://baijiahao.baidu.com/s?id=1854559780174386037",
            "content": "吉林大学等高校近期撤销多个艺术类专业，高校专业调整趋势明显。",
            "image": "images/rank1_多所高校撤销_20260118_061734.jpg"
        },
        {
            "rank": 2,
            "title": "“中国天眼”将升级扩建",
            "original_title": "",
            "source_platform": "央视新闻",
            "source_url": "https://baijiahao.baidu.com/s?id=1854544775178345014",
            "content": "FAST将建设数十台中等口径天线，构建全球唯一的巨型综合孔径阵列。",
            "image": "images/rank2__中国天眼__20260118_061734.jpg"
        },
        {
            "rank": 3,
            "title": "西红柿价格大幅上涨",
            "original_title": "",
            "source_platform": "身边24小时",
            "source_url": "https://baijiahao.baidu.com/s?id=1854546470619753934",
            "content": "全国多地西红柿价格明显上涨，专家预计高价态势可能持续至3月下旬。",
            "image": "images/rank3_西红柿价格大_20260118_061734.jpg"
        },
        {
            "rank": 4,
            "title": "北京迎来2026年首场降雪",
            "original_title": "",
            "source_platform": "中国天气",
            "source_url": "https://baijiahao.baidu.com/s?id=1854585611860060647",
            "content": "北京如约降雪，市民关注雪情。",
            "image": "images/rank4_北京迎来20_20260118_061734.jpg"
        },
        {
            "rank": 5,
            "title": "连云港现-482℃降温预警短信",
            "original_title": "",
            "source_platform": "极目新闻",
            "source_url": "https://baijiahao.baidu.com/s?id=1854562514741416942",
            "content": "连云港网友收到错误降温预警短信，工作人员已致歉并发送更正信息。",
            "image": "images/rank5_连云港现-4_20260118_061734.jpg"
        },
        {
            "rank": 6,
            "title": "春晚完成首次彩排",
            "original_title": "",
            "source_platform": "央视新闻",
            "source_url": "https://news.qq.com/rain/a/20260117A0554700",
            "content": "2026年春节联欢晚会顺利完成首次彩排，各环节流程衔接顺畅。",
            "image": "images/rank6_春晚完成首次_20260118_061734.jpg"
        },
        {
            "rank": 7,
            "title": "佛山一中学103人感染诺如病毒",
            "original_title": "",
            "source_platform": "红星新闻",
            "source_url": "https://news.qq.com/rain/a/20260117A05A8100",
            "content": "佛山市一中学103名学生感染诺如病毒，均病情稳定，无危重病例。",
            "image": "images/rank7_佛山一中学1_20260118_061734.jpg"
        },
        {
            "rank": 8,
            "title": "商业用房首付比例降至30%",
            "original_title": "",
            "source_platform": "第一财经",
            "source_url": "https://news.qq.com/rain/a/20260117A0547J00",
            "content": "商业用房购房贷款最低首付款比例调整为不低于30%，以支持房地产发展新模式。",
            "image": "images/rank8_商业用房首付_20260118_061734.jpg"
        },
        {
            "rank": 9,
            "title": "广州花市节前消费升温",
            "original_title": "",
            "source_platform": "央视网",
            "source_url": "https://www.toutiao.com/article/7596221194584605236",
            "content": "广州岭南花卉市场迎来节前消费热潮，年花交易逐渐热闹。",
            "image": "images/rank9_广州花市节前_20260118_061734.jpg"
        }
    ],
    "timestamp": "20260118_061734"
}