{
    "news": [
        {
            "rank": 0,
            "title": "全球变局下的冲突、民生与科技暗涌",
            "content": ""
        },
        {
            "rank": 1,
            "title": "特朗普称不会武力夺取格陵兰",
            "source_platform": "BBC News",
            "source_url": "https://www.bbc.com/news/articles/cp9j1d3zgvgo",
            "content": "美国总统特朗普被指不会武力夺取格陵兰，但重申美国需“拥有”该地以抗衡中俄。丹麦与格陵兰均表示领土不出售。",
            "image": "images/rank1_特朗普称_20260111_221734.jpg"
        },
        {
            "rank": 2,
            "title": "伊朗警告将报复美国攻击",
            "source_platform": "BBC News",
            "source_url": "https://www.bbc.com/news/articles/cm2jek15m8no",
            "content": "伊朗警告若遭美国攻击将进行报复。同时，抗议活动持续，据报已有数百人在政府镇压中丧生，上万人被拘留。",
            "image": "images/rank2_伊朗警告_20260111_221734.jpg"
        },
        {
            "rank": 3,
            "title": "加拿大神秘脑疾疑云引争议",
            "source_platform": "BBC News",
            "source_url": "https://www.bbc.com/news/articles/c623r47d67lo",
            "content": "加拿大新不伦瑞克省数百人被诊断患神秘脑部疾病，引发对该病是否真实存在的调查与争论，患者处境堪忧。",
            "image": "images/rank3_加拿大神_20260111_221734.png"
        },
        {
            "rank": 4,
            "title": "极寒致芬兰拉普兰数千游客滞留",
            "source_platform": "BBC News",
            "source_url": "https://www.bbc.com/news/articles/c74vnxlvl40o",
            "content": "芬兰拉普兰地区遭遇极寒天气，气温低至零下39摄氏度，导致航班大面积取消，数千名游客被困机场。",
            "image": "images/rank4_极寒致芬_20260111_221734.jpg"
        },
        {
            "rank": 5,
            "title": "美家庭能源账单飙升陷困境",
            "source_platform": "BBC News",
            "source_url": "https://www.bbc.com/news/articles/c1dz0dz0zkvo",
            "content": "美国能源价格飞涨，数百万家庭无力支付账单。有家庭因账单暴涨被断电，依靠发电机度过六个月寒冬。",
            "image": "images/rank5_美家庭能_20260111_221734.jpg"
        },
        {
            "rank": 6,
            "title": "谷歌前员工指控遭报复性裁员",
            "source_platform": "BBC News",
            "source_url": "https://www.bbc.com/news/articles/c62v51d1ry2o",
            "content": "谷歌一高级员工指控，在举报经理不当行为后遭公司报复并被裁员。谷歌否认指控，称其变得“偏执”。",
            "image": "images/rank6_谷歌前员_20260111_221734.jpg"
        },
        {
            "rank": 7,
            "title": "布里斯班奥运场馆计划引争议",
            "source_platform": "CNN",
            "source_url": "https://edition.cnn.com/2026/01/07/style/australia-brisbane-olympic-stadium-victoria-park-hnk-intl",
            "content": "2032年奥运会主办城市布里斯班计划耗资23亿美元建造新体育场，该提案在当地引发激烈辩论。",
            "image": "images/rank7_布里斯班_20260111_221734.jpg"
        },
        {
            "rank": 8,
            "title": "研究显示狗能像幼儿一样积累词汇",
            "source_platform": "New York Times",
            "source_url": "https://www.nytimes.com/2026/01/08/science/dogs-research-vocabulary-toys.html",
            "content": "最新科学研究发现，部分狗能像人类幼儿一样通过重复学习积累大量词汇，已知有狗能识别超过150个玩具名称。",
            "image": "images/rank8_研究显示_20260111_221734.jpg"
        },
        {
            "rank": 9,
            "title": "怀俄明牧场试用虚拟围栏管理牛群",
            "source_platform": "New York Times",
            "source_url": "https://www.nytimes.com/2025/12/09/climate/wyoming-virtual-fences-livestock.html",
            "content": "美国怀俄明州一牧场为牛群佩戴GPS项圈，试验用虚拟围栏替代实体铁丝网，以改善生态系统管理与野生动物通道。",
            "image": "images/rank9_怀俄明牧_20260111_221734.jpg"
        }
    ],
    "timestamp": "20260111_221734"
}