{
    "news": [
        {
            "rank": 0,
            "title": "CEO道歉？退休？",
            "original_title": "",
            "source_platform": "",
            "source_url": "",
            "content": "",
            "image": ""
        },
        {
            "rank": 1,
            "title": "永辉超市CEO发全员信致歉",
            "original_title": "",
            "source_platform": "红星资本局",
            "source_url": "https://baijiahao.baidu.com/s?id=1856799596984057067",
            "content": "永辉超市CEO王守诚发布新年全员信，对过去偏离创业初心致歉，并提出未来调改规划。",
            "image": "images/rank1_永辉超市CE_20260211_185827.jpg"
        },
        {
            "rank": 2,
            "title": "胖东来创始人于东来宣布年后退休",
            "original_title": "",
            "source_platform": "界面新闻",
            "source_url": "https://baijiahao.baidu.com/s?id=1856817571708233548",
            "content": "胖东来创始人于东来在社交平台发文宣布，过年后正式退休，将转为顾问。",
            "image": "images/rank2_胖东来创始人_20260211_185827.jpg"
        },
        {
            "rank": 3,
            "title": "夫妻8年还清百万债务首次回家过年",
            "original_title": "",
            "source_platform": "大象新闻",
            "source_url": "https://baijiahao.baidu.com/s?id=1856811861662293230",
            "content": "杭州一家小店夫妻背负百万债务8年未回乡，如今还清债务，患病女儿首次独立站立。",
            "image": "images/rank3_夫妻8年还清_20260211_185827.jpg"
        },
        {
            "rank": 4,
            "title": "男孩1个赞跳绳1下 网友狂点180万",
            "original_title": "",
            "source_platform": "5号视频",
            "source_url": "https://baijiahao.baidu.com/s?id=1856813399353437980",
            "content": "男孩承诺网友每点一个赞就跳绳一下，结果网友狂点180万个赞。",
            "image": "images/rank4_男孩1个赞跳_20260211_185827.jpg"
        },
        {
            "rank": 5,
            "title": "载人登月重大突破！精彩瞬间曝光",
            "original_title": "",
            "source_platform": "央视新闻",
            "source_url": "https://baijiahao.baidu.com/s?id=1856812278557482515",
            "content": "我国成功实施长征十号火箭低空演示验证与梦舟飞船最大动压逃逸飞行试验。",
            "image": "images/rank5_载人登月重大_20260211_185827.jpg"
        },
        {
            "rank": 6,
            "title": "一家35口人开大巴春节自驾游",
            "original_title": "",
            "source_platform": "极目新闻",
            "source_url": "https://www.toutiao.com/article/7605523521296466459/",
            "content": "青海西宁一家35口人乘坐旅游大巴，从西宁出发赴云南西双版纳春节自驾游。",
            "image": "images/rank6_一家35口人_20260211_185827.jpg"
        },
        {
            "rank": 7,
            "title": "商业航天迎来“决战时刻”",
            "original_title": "",
            "source_platform": "经济观察研究院",
            "source_url": "https://www.toutiao.com/article/7605520611300983322/",
            "content": "国家队与民营队火箭在同一天发射均失利，商业航天面临关键挑战。",
            "image": "images/rank7_商业航天迎来_20260211_185827.jpg"
        },
        {
            "rank": 8,
            "title": "小孩哥端菜自己先吃一个",
            "original_title": "",
            "source_platform": "CQTV大有名堂",
            "source_url": "https://www.toutiao.com/video/7605517174429450282/",
            "content": "小孩在端菜过程中，忍不住先偷吃了一个，画面逗趣。",
            "image": "images/rank8_小孩哥端菜自_20260211_185827.jpg"
        },
        {
            "rank": 9,
            "title": "9天假期有奖发票奖金将超10亿元",
            "original_title": "",
            "source_platform": "南方都市报",
            "source_url": "https://www.toutiao.com/article/7605453418013934095/",
            "content": "商务部联合9部门策划“乐购新春”活动，各地安排20.5亿元资金发放消费券等。",
            "image": "images/rank9_9天假期有奖_20260211_185827.jpg"
        }
    ],
    "timestamp": "20260211_185827"
}