{
    "news": [
        {
            "rank": 0,
            "title": "科技民生暖闻多，消费文化亮点频现",
            "content": "",
            "image": ""
        },
        {
            "rank": 1,
            "title": "“死了么”APP引争议 开发者回应",
            "source_platform": "广州日报",
            "source_url": "https://baijiahao.baidu.com/s?id=1853906894081767091",
            "content": "一款名为“死了么”的App因名称引争议，开发者回应称本意是提醒珍惜当下，为独居人群设置紧急联系人功能。",
            "image": "images/rank1_死了么APP引争议开_20260110_103122.jpg"
        },
        {
            "rank": 2,
            "title": "“新国补”首周 哪些产品销售最火",
            "source_platform": "新华社新媒体",
            "source_url": "https://baijiahao.baidu.com/s?id=1853824556905940919&wfr=spider&for=pc",
            "content": "2026年第一批消费品以旧换新资金计划下达后，家电、数码和智能产品成为消费热点，多地线下门店销售火热。",
            "image": "images/rank2_新国补首周哪些产品销_20260110_103125.jpg"
        },
        {
            "rank": 3,
            "title": "学生为陌生老人夹断面条获数万点赞",
            "source_platform": "大象新闻",
            "source_url": "https://mbd.baidu.com/newspage/data/videolanding?nid=sv_10149471450087962649",
            "content": "甘肃一名高中生在面馆主动帮助陌生老人夹断面条并递茶，相关视频获数万点赞，学校已对其通报表扬。",
            "image": "images/rank3_学生为陌生老人夹断面_20260110_103127.jpg"
        },
        {
            "rank": 4,
            "title": "中产涌入超市抢300元羽绒服",
            "source_platform": "海报新闻",
            "source_url": "https://baijiahao.baidu.com/s?id=1853827449704085688",
            "content": "山姆、胖东来、Costco的三四百元羽绒服成为中产抢购热点，部分款式售罄断货，代购加价仍有人抢。",
            "image": "images/rank4_中产涌入超市抢300_20260110_103128.jpg"
        },
        {
            "rank": 5,
            "title": "东北有种豆角叫“兔子翻白眼”",
            "source_platform": "上游新闻",
            "source_url": "https://baijiahao.baidu.com/s?id=1853916945984256124",
            "content": "东北方言中“兔子翻白眼”是一种油豆角的俗称，因豆粒一半白一半黑而得名，形象但不涉及动物。",
            "image": "images/rank5_东北有种豆角叫兔子翻_20260110_103130.jpg"
        },
        {
            "rank": 6,
            "title": "10辆私家车神同步为救护车让行",
            "source_platform": "环球网",
            "source_url": "https://www.toutiao.com/article/7593262954317922854/",
            "content": "浙江嘉兴10辆私家车在晚高峰时接力为救护车让行，开辟生命通道，事后交警对驾驶人予以表扬。",
            "image": "images/rank6_10辆私家车神同步为_20260110_103131.jpeg"
        },
        {
            "rank": 7,
            "title": "南京大学这门学科全球第一",
            "source_platform": "九派观天下",
            "source_url": "https://www.toutiao.com/w/1853906815051786/",
            "content": "2026CSRankings发布，南京大学在人工智能学科以23.7分位居全球第一，刷新国内高校历史最佳表现。",
            "image": "images/rank7_南京大学这门学科全球_20260110_103132.jpeg"
        },
        {
            "rank": 8,
            "title": "为何车厘子历经1个月到中国还不坏",
            "source_platform": "科普中国",
            "source_url": "https://www.toutiao.com/article/7593567301321835058/",
            "content": "进口车厘子历经一个多月运输仍保持新鲜，与品种、种植、采摘及运输环节的精细把控有关。",
            "image": "images/rank8_为何车厘子历经1个月_20260110_103132.jpeg"
        },
        {
            "rank": 9,
            "title": "小学生送甘蔗拼成110致谢警察",
            "source_platform": "工人日报",
            "source_url": "https://www.toutiao.com/video/7593619308547653684/",
            "content": "小学生用甘蔗拼成“110”字样，以此方式致谢警察，展现暖心互动。",
            "image": "images/rank9_小学生送甘蔗拼成11_20260110_103134.jpeg"
        }
    ]
}