{
    "news": [
        {
            "rank": 0,
            "title": "【婚变】感情线崩盘！明星爱情童话为何碎了一地？",
            "original_title": "",
            "source_platform": "",
            "source_url": "",
            "content": "",
            "image": ""
        },
        {
            "rank": 1,
            "title": "黄晓明回应澳门输十几亿",
            "original_title": "",
            "source_platform": "腾讯娱乐",
            "source_url": "https://news.qq.com/rain/a/20260221V0349K00",
            "content": "黄晓明回应澳门输十几亿",
            "image": "images/rank1_黄晓明回应澳_20260221_183522.jpg"
        },
        {
            "rank": 2,
            "title": "湖北文旅厅认定那艺娜为劣迹艺人，叫停演出",
            "original_title": "",
            "source_platform": "腾讯娱乐",
            "source_url": "https://news.qq.com/rain/a/20260220A06JL500",
            "content": "湖北文旅厅认定那艺娜为劣迹艺人，叫停演出",
            "image": "images/rank2_湖北文旅厅认_20260221_183522.jpg"
        },
        {
            "rank": 3,
            "title": "好利来大公子与周扬青分手原因",
            "original_title": "",
            "source_platform": "腾讯娱乐",
            "source_url": "https://news.qq.com/rain/a/20260221A021PD00",
            "content": "好利来大公子与周扬青分手原因",
            "image": "images/rank3_好利来大公子_20260221_183522.jpg"
        },
        {
            "rank": 4,
            "title": "35个节目霸屏春晚，德云社喜人迭代",
            "original_title": "",
            "source_platform": "腾讯娱乐",
            "source_url": "https://news.qq.com/rain/a/20260220A030QC00",
            "content": "35个节目霸屏春晚，德云社喜人迭代",
            "image": "images/rank4_35个节目霸_20260221_183522.jpg"
        },
        {
            "rank": 5,
            "title": "春节必听发财神曲：旋律一响黄金万两",
            "original_title": "",
            "source_platform": "腾讯娱乐",
            "source_url": "https://news.qq.com/rain/a/20260219V058UF00",
            "content": "春节必听发财神曲：旋律一响黄金万两",
            "image": "images/rank5_春节必听发财_20260221_183522.jpg"
        },
        {
            "rank": 6,
            "title": "潘长江带女儿回老家过年",
            "original_title": "",
            "source_platform": "腾讯娱乐",
            "source_url": "https://news.qq.com/rain/a/20260221V00E1W00",
            "content": "潘长江带女儿回老家过年",
            "image": "images/rank6_潘长江带女儿_20260221_183522.jpg"
        },
        {
            "rank": 7,
            "title": "陈乔恩夫妇过年与好友聚会",
            "original_title": "",
            "source_platform": "腾讯娱乐",
            "source_url": "https://news.qq.com/rain/a/20260221V02EWA00",
            "content": "陈乔恩夫妇过年与好友聚会",
            "image": "images/rank7_陈乔恩夫妇过_20260221_183522.jpg"
        },
        {
            "rank": 8,
            "title": "金银价再度大涨",
            "original_title": "",
            "source_platform": "抖音热榜",
            "source_url": "https://www.douyin.com/hot/2407703",
            "content": "金银价再度大涨",
            "image": "images/rank8_金银价再度大_20260221_183522.jpg"
        },
        {
            "rank": 9,
            "title": "正月初五接财神",
            "original_title": "",
            "source_platform": "抖音热榜",
            "source_url": "https://www.douyin.com/hot/2407307",
            "content": "正月初五接财神",
            "image": "images/rank9_正月初五接财_20260221_183522.jpg"
        }
    ],
    "timestamp": "20260221_183522"
}