{
    "news": [
        {
            "rank": 0,
            "title": "今日热点：杀猪宴引千人赴约，iPhone4身价暴涨60倍",
            "content": "",
            "image": ""
        },
        {
            "rank": 1,
            "title": "重庆女子求助杀猪引千人赴宴",
            "source_platform": "大象新闻",
            "source_url": "https://mbd.baidu.com/newspage/data/videolanding?nid=sv_9647678268317230567",
            "content": "重庆合川女子发视频求助杀年猪，意外吸引数千网友从全国各地赶来帮忙，家庭刨猪饭变成大型乡村宴。",
            "image": "images/rank1_重庆女子_20260112_183436.jpg"
        },
        {
            "rank": 2,
            "title": "阿房宫考古确认宫殿选址于水",
            "source_platform": "人民日报",
            "source_url": "https://baijiahao.baidu.com/s?id=1854077063319791395&wfr=spider&for=pc",
            "content": "阿房宫遗址考古取得重要突破，确认宫殿“选址于水”，为研究秦代建筑技术与都城规划提供关键线索。",
            "image": "images/rank2_阿房宫考_20260112_183436.jpg"
        },
        {
            "rank": 3,
            "title": "爸爸得知三孩又是儿子笑容凝固",
            "source_platform": "AHTV第一时间",
            "source_url": "https://mbd.baidu.com/newspage/data/videolanding?nid=sv_8539241077393466912",
            "content": "安徽淮南一男子在产房门口等待女儿降生，得知第三胎仍是儿子后，笑容当场凝固。",
            "image": "images/rank3_爸爸得知_20260112_183436.jpg"
        },
        {
            "rank": 4,
            "title": "A股公司580万年薪返聘近90岁高管",
            "source_platform": "界面新闻",
            "source_url": "https://baijiahao.baidu.com/s?id=1854080807397606453",
            "content": "南京康尼机电以580万元年薪返聘8名原高管，年龄最大者近90岁，均为公司创始团队成员。",
            "image": "images/rank4_A股公司_20260112_183436.jpg"
        },
        {
            "rank": 5,
            "title": "老师火车上认出20年前学生",
            "source_platform": "后浪视频",
            "source_url": "https://mbd.baidu.com/newspage/data/videolanding?nid=sv_5098679192877474583",
            "content": "一名学生在火车上偶遇20年前的老师，被老师直接叫出名字，学生激动落泪，引发网友集体回忆。",
            "image": "images/rank5_老师火车_20260112_183436.jpg"
        },
        {
            "rank": 6,
            "title": "女子网购粑粑柑开出百种丑法",
            "source_platform": "直播海南",
            "source_url": "https://mbd.baidu.com/newspage/data/videolanding?nid=sv_3783711221362378892",
            "content": "一女子网购一箱粑粑柑，开箱后发现果实形态各异，堪称“百种丑法”，后与商家联系已获赔付。",
            "image": "images/rank6_女子网购_20260112_183436.jpg"
        },
        {
            "rank": 7,
            "title": "iPhone4回收价暴涨60倍",
            "source_platform": "中国蓝新闻",
            "source_url": "https://mbd.baidu.com/newspage/data/videolanding?nid=sv_5042918439552850749",
            "content": "iPhone4近期突然爆火，回收价从5元涨至150-300元，最高涨幅达60倍，分析称或是果粉情怀驱动。",
            "image": "images/rank7_iPho_20260112_183436.jpg"
        },
        {
            "rank": 8,
            "title": "蒸饺子烧光房子 饺子完好无损",
            "source_platform": "潇湘晨报",
            "source_url": "https://mbd.baidu.com/newspage/data/videolanding?nid=sv_5649087691003929557",
            "content": "江苏徐州一老人蒸饺子时睡着致房屋失火，消防扑灭后，灶上蒸煮的一锅饺子竟完好无损且已熟透。",
            "image": "images/rank8_蒸饺子烧_20260112_183436.jpg"
        },
        {
            "rank": 9,
            "title": "三九天多地最高气温将达20℃",
            "source_platform": "九派新闻",
            "source_url": "https://baijiahao.baidu.com/s?id=1854100435622145780",
            "content": "本周华北及以南地区气温在波动中回升，长江中下游多地最高气温将达20℃上下，较常年同期明显偏高。",
            "image": "images/rank9_三九天多_20260112_183436.jpg"
        }
    ],
    "timestamp": "20260112_183436"
}