{
    "news": [
        {
            "rank": 0,
            "title": "投诉616次都没用 你被坑惨了吗？",
            "original_title": "",
            "source_platform": "",
            "source_url": "",
            "content": "",
            "image": ""
        },
        {
            "rank": 1,
            "title": "二楼直排粪水 一楼投诉616次无用",
            "original_title": "",
            "source_platform": "红星新闻",
            "source_url": "https://baijiahao.baidu.com/s?id=1854621225900969403",
            "content": "某小区二楼住户擅自改造卫生间，直排粪水半年，一楼业主投诉616次仍未解决。",
            "image": "images/rank1_二楼直排粪水_20260118_182955.jpg"
        },
        {
            "rank": 2,
            "title": "网警：男子摆拍女孩50元买名酒被罚",
            "original_title": "",
            "source_platform": "公安部网安局",
            "source_url": "https://baijiahao.baidu.com/s?id=1854636034278720219",
            "content": "男子为博取流量，编造并摆拍“女儿50元淘到名酒”虚假视频，被公安机关行政处罚。",
            "image": "images/rank2_网警_男子摆_20260118_182955.jpg"
        },
        {
            "rank": 3,
            "title": "佛山一中学103人感染诺如病毒",
            "original_title": "",
            "source_platform": "红星新闻",
            "source_url": "https://news.qq.com/rain/a/20260117A05A8100",
            "content": "佛山一中学103名学生感染诺如病毒，均病情稳定，校方正全面排查病毒源头。",
            "image": "images/rank3_佛山一中学1_20260118_182955.jpg"
        },
        {
            "rank": 4,
            "title": "1kg黄金1kg白金1kg钯金 全落车上了",
            "original_title": "",
            "source_platform": "新华网",
            "source_url": "https://baijiahao.baidu.com/s?id=1854613440644512301",
            "content": "哈尔滨机场巴士司机发现乘客遗落价值约200万元贵金属，经警方协助当晚归还失主。",
            "image": "images/rank4_1kg黄金1_20260118_182955.jpg"
        },
        {
            "rank": 5,
            "title": "12306购票页面出现“雪”字",
            "original_title": "",
            "source_platform": "齐鲁壹点",
            "source_url": "https://www.toutiao.com/article/7596548078748844578/",
            "content": "东北地区部分车次试点“雪具便利行”服务，旅客可线上预约随车携带雪具。",
            "image": "images/rank5_12306购_20260118_182955.jpg"
        },
        {
            "rank": 6,
            "title": "创历史！U23亚洲杯：中国点球战4-2乌兹",
            "original_title": "",
            "source_platform": "我爱英超",
            "source_url": "https://news.qq.com/rain/a/20260117A05Q2R00",
            "content": "中国U23男足点球大战4-2击败乌兹别克斯坦，历史首次闯入U23亚洲杯四强。",
            "image": "images/rank6_创历史_U2_20260118_182955.jpg"
        },
        {
            "rank": 7,
            "title": "央视春晚完成首次彩排",
            "original_title": "",
            "source_platform": "央视新闻",
            "source_url": "https://baijiahao.baidu.com/s?id=1854610955968944765",
            "content": "2026年央视春晚完成首次彩排，各类型节目与创新技术、舞美设计等要素完成融合。",
            "image": "images/rank7_央视春晚完成_20260118_182955.jpg"
        },
        {
            "rank": 8,
            "title": "印尼确认失联飞机已坠毁",
            "original_title": "",
            "source_platform": "央视新闻",
            "source_url": "https://www.toutiao.com/article/7596625751852581410/",
            "content": "印尼搜救局确认失联飞机已坠毁，发现残骸和一名遇难者遗体，搜救工作仍在进行。",
            "image": "images/rank8_印尼确认失联_20260118_182955.jpg"
        },
        {
            "rank": 9,
            "title": "“火云邪神”扮演者梁小龙离世",
            "original_title": "",
            "source_platform": "新京报",
            "source_url": "https://baijiahao.baidu.com/s?id=1854648372576108404",
            "content": "著名功夫影星梁小龙离世，享年77岁，其曾在电影《功夫》中饰演“火云邪神”。",
            "image": "images/rank9__火云邪神__20260118_182955.jpg"
        }
    ],
    "timestamp": "20260118_182955"
}