{
    "news": [
        {
            "rank": 0,
            "title": "铜条也火了？",
            "original_title": "",
            "source_platform": "",
            "source_url": "",
            "content": "",
            "image": ""
        },
        {
            "rank": 1,
            "title": "3部电影定档2026春节档",
            "original_title": "",
            "source_platform": "现代快报",
            "source_url": "https://baijiahao.baidu.com/s?id=1854710374585711940",
            "content": "《镖人》等3部影片官宣定档2026春节，包括《飞驰人生3》《熊出没·年年有熊》。",
            "image": "images/rank1_3部电影定档_20260119_172748.jpg"
        },
        {
            "rank": 2,
            "title": "深圳沉睡20多年垃圾山正在消失",
            "original_title": "",
            "source_platform": "C位看财经",
            "source_url": "https://baijiahao.baidu.com/s?id=1854721949930380545",
            "content": "深圳罗湖玉龙填埋场启动全国体量最大的垃圾搬迁治理工程，修复城市伤疤。",
            "image": "images/rank2_深圳沉睡20_20260119_172748.jpg"
        },
        {
            "rank": 3,
            "title": "天津一公园海水结冰大量鱼群被冻住",
            "original_title": "",
            "source_platform": "大象新闻",
            "source_url": "https://baijiahao.baidu.com/s?id=1854731725046479149",
            "content": "天津一公园因气温骤降海水结冰，大量梭鱼被冻在冰面，市民自发破冰捕捞。",
            "image": "images/rank3_天津一公园海_20260119_172748.jpg"
        },
        {
            "rank": 4,
            "title": "“马彪彪”因潦草发型火出圈",
            "original_title": "",
            "source_platform": "央视新闻",
            "source_url": "https://baijiahao.baidu.com/s?id=1854727771246661753",
            "content": "山东美术馆的“潦草小马”文创“马彪彪”走红，设计灵感源于齐白石画作。",
            "image": "images/rank4__马彪彪_因_20260119_172748.jpg"
        },
        {
            "rank": 5,
            "title": "“新三金”成年轻人理财新选择",
            "original_title": "",
            "source_platform": "央广网",
            "source_url": "https://baijiahao.baidu.com/s?id=1854706161037903484",
            "content": "货币基金、债券基金和黄金基金构成的“新三金”投资组合，成为年轻人理财新选择。",
            "image": "images/rank5__新三金_成_20260119_172748.jpg"
        },
        {
            "rank": 6,
            "title": "接到这个来电 建议立即挂断",
            "original_title": "",
            "source_platform": "环球网",
            "source_url": "https://baijiahao.baidu.com/s?id=1854716475838922623",
            "content": "外交部提醒警惕假冒12308领保热线诈骗，该热线不会主动通知个人事项或要求转账。",
            "image": "images/rank6_接到这个来电_20260119_172748.jpg"
        },
        {
            "rank": 7,
            "title": "梁小龙账号发告别信：请原谅我不辞而别",
            "original_title": "",
            "source_platform": "九派新闻",
            "source_url": "https://news.qq.com/rain/a/20260118A06LF500",
            "content": "功夫影星梁小龙逝世，其账号发文告别，称“到很远的地方拍电影去了”。",
            "image": "images/rank7_梁小龙账号发_20260119_172748.jpg"
        },
        {
            "rank": 8,
            "title": "“最快女护士”张水华辞职后首战",
            "original_title": "",
            "source_platform": "晶报",
            "source_url": "https://news.qq.com/rain/a/20260118A042ZT00",
            "content": "张水华辞职后首场马拉松获国际女子组第六名，赛后称“轻舟已过万重山”。",
            "image": "images/rank8__最快女护士_20260119_172748.jpg"
        },
        {
            "rank": 9,
            "title": "1公斤最高280元 金银之后铜条也火了",
            "original_title": "",
            "source_platform": "闽南网",
            "source_url": "https://www.toutiao.com/article/7596864642325021184/",
            "content": "深圳水贝商家推出投资铜条，每公斤报价180至280元，铜条投资悄然走红。",
            "image": "images/rank9_1公斤最高2_20260119_172748.jpg"
        }
    ],
    "timestamp": "20260119_172748"
}