{
    "news": [
        {
            "rank": 0,
            "title": "权贵名单炸锅！",
            "original_title": "",
            "source_platform": "",
            "source_url": "",
            "content": "",
            "image": ""
        },
        {
            "rank": 1,
            "title": "安德鲁王子被曝向爱泼斯坦泄露机密",
            "original_title": "Andrew shared confidential information with Epstein as trade envoy, files suggest",
            "source_platform": "BBC News",
            "source_url": "https://www.bbc.com/news/articles/c99j01p1yjro",
            "content": "最新文件显示，安德鲁王子在担任贸易特使期间，曾向已定罪性犯罪者爱泼斯坦泄露官方访问行程及机密投资信息。",
            "image": "images/rank1_安德鲁王子被_20260209_062403.jpg"
        },
        {
            "rank": 2,
            "title": "伊朗诺贝尔和平奖得主再获刑七年半",
            "original_title": "Iranian Nobel laureate handed further prison sentence, lawyer says",
            "source_platform": "BBC News",
            "source_url": "https://www.bbc.com/news/articles/clygw161wzvo",
            "content": "伊朗法院以“集会与共谋”及“宣传”罪名，判处人权活动家、诺贝尔奖得主纳尔吉斯·穆罕默迪额外七年半监禁。",
            "image": "images/rank2_伊朗诺贝尔和_20260209_062403.jpg"
        },
        {
            "rank": 3,
            "title": "日本首相高市早苗闪电选举大胜",
            "original_title": "Japan's PM Takaichi on course to win snap election by landslide",
            "source_platform": "BBC News",
            "source_url": "https://www.bbc.com/news/articles/cx2y7d2z29xo",
            "content": "日本首相高市早苗领导的执政联盟在闪电选举中赢得压倒性胜利，获得议会多数席位，为其推行保守议程铺平道路。",
            "image": "images/rank3_日本首相高市_20260209_062403.jpg"
        },
        {
            "rank": 4,
            "title": "伦敦新泳池开业六周即关闭引众怒",
            "original_title": "Frustration as new pool closes weeks after opening",
            "source_platform": "BBC News",
            "source_url": "https://www.bbc.com/news/articles/czx12z4d74zo",
            "content": "伦敦南部耗资巨大的新泳池开业仅六周便因维护问题关闭，导致当地游泳俱乐部每月损失约500英镑，会员流失。",
            "image": "images/rank4_伦敦新泳池开_20260209_062403.jpg"
        },
        {
            "rank": 5,
            "title": "爱泼斯坦文件再揭全球权贵名单",
            "original_title": "Who is in the Epstein files?",
            "source_platform": "BBC News",
            "source_url": "https://www.bbc.com/news/articles/cqxynz2l0g2o",
            "content": "美国最新公布的爱泼斯坦调查文件，揭示了更多全球富豪、政要与这位已定罪性犯罪者的联系，名单持续加长。",
            "image": "images/rank5_爱泼斯坦文件_20260209_062403.jpg"
        },
        {
            "rank": 6,
            "title": "小成本同志剧《激烈竞争》成全球爆款",
            "original_title": "No big names. No big budget. But Heated Rivalry is a big hit",
            "source_platform": "BBC News",
            "source_url": "https://www.bbc.com/news/articles/c3edk87vqljo",
            "content": "一部讲述冰球运动员禁忌之恋的加拿大低成本剧集《激烈竞争》意外走红全球，捧红素人主演，创下收视纪录。",
            "image": "images/rank6_小成本同志剧_20260209_062403.jpg"
        },
        {
            "rank": 7,
            "title": "新西兰清真寺枪击案凶手欲推翻认罪",
            "original_title": "Christchurch shooter seeks to overturn guilty plea",
            "source_platform": "BBC News",
            "source_url": "https://www.bbc.com/news/articles/c3vevxnw9pko",
            "content": "2019年新西兰基督城清真寺枪击案凶手塔兰特本周出庭，试图以狱中“非人道”待遇为由，撤回其认罪并上诉。",
            "image": "images/rank7_新西兰清真寺_20260209_062403.jpg"
        },
        {
            "rank": 8,
            "title": "布里斯班公布23亿澳元奥运主场馆设计",
            "original_title": "Plans for $2.3 billion stadium ignite debate in 2032 Olympics host city",
            "source_platform": "CNN",
            "source_url": "https://edition.cnn.com/2026/01/07/style/australia-brisbane-olympic-stadium-victoria-park-hnk-intl",
            "content": "澳大利亚布里斯班公布2032年奥运会主场馆设计方案，耗资23亿澳元，灵感源自当地民居，引发保护主义者争议。",
            "image": "images/rank8_布里斯班公布_20260209_062403.jpg"
        },
        {
            "rank": 9,
            "title": "泰国大选：保守派政党意外获胜",
            "original_title": "Seeking Stability, Thai Voters Decisively Reject Progressive Party",
            "source_platform": "New York Times",
            "source_url": "https://www.nytimes.com/2026/02/08/world/asia/thailand-election-opposition-conservatives.html",
            "content": "泰国大选结果出炉，保守派政党为泰党意外击败进步派的人民党，赢得议会多数席位，反映选民对稳定与现状的偏好。",
            "image": "images/rank9_泰国大选_保_20260209_062403.jpg"
        }
    ],
    "timestamp": "20260209_062403"
}