{
    "news": [
        {
            "rank": 0,
            "title": "【轰动】风波再起！众明星卷入，谁能独善其身？",
            "original_title": "",
            "source_platform": "",
            "source_url": "",
            "content": "",
            "image": ""
        },
        {
            "rank": 1,
            "title": "赵本山女儿球球谈同父异母姐姐：她很低调",
            "original_title": "",
            "source_platform": "腾讯娱乐",
            "source_url": "https://news.qq.com/rain/a/20260222V04D9200",
            "content": "赵本山女儿球球谈同父异母姐姐：她很低调",
            "image": "images/rank1_赵本山女儿球_20260222_183457.jpg"
        },
        {
            "rank": 2,
            "title": "李嘉欣15岁儿子身高直逼185",
            "original_title": "",
            "source_platform": "腾讯娱乐",
            "source_url": "https://news.qq.com/rain/a/20260222V03MO900",
            "content": "李嘉欣15岁儿子身高直逼185",
            "image": "images/rank2_李嘉欣15岁_20260222_183457.jpg"
        },
        {
            "rank": 3,
            "title": "拆解《太奶奶4》霸榜的爆款公式",
            "original_title": "",
            "source_platform": "腾讯娱乐",
            "source_url": "https://news.qq.com/rain/a/20260222A03ZBX00",
            "content": "拆解《太奶奶4》霸榜的爆款公式",
            "image": "images/rank3_拆解_太奶奶_20260222_183457.jpg"
        },
        {
            "rank": 4,
            "title": "春晚主持新面孔刘心悦惊艳观众",
            "original_title": "",
            "source_platform": "腾讯娱乐",
            "source_url": "https://news.qq.com/rain/a/20260221V05R4Y00",
            "content": "春晚主持新面孔刘心悦惊艳观众",
            "image": "images/rank4_春晚主持新面_20260222_183457.jpg"
        },
        {
            "rank": 5,
            "title": "《飞驰人生3》隐藏彩蛋",
            "original_title": "",
            "source_platform": "腾讯娱乐",
            "source_url": "https://news.qq.com/rain/a/20260221V04V2I00",
            "content": "《飞驰人生3》隐藏彩蛋",
            "image": "images/rank5__飞驰人生3_20260222_183457.jpg"
        },
        {
            "rank": 6,
            "title": "秦昊伊能静沈阳逛街牵手",
            "original_title": "",
            "source_platform": "腾讯娱乐",
            "source_url": "https://news.qq.com/rain/a/20260222A020MN00",
            "content": "秦昊伊能静沈阳逛街牵手",
            "image": "images/rank6_秦昊伊能静沈_20260222_183457.jpg"
        },
        {
            "rank": 7,
            "title": "最长春节假期步入尾声",
            "original_title": "",
            "source_platform": "抖音热榜",
            "source_url": "https://www.douyin.com/hot/2408700",
            "content": "最长春节假期步入尾声",
            "image": "images/rank7_最长春节假期_20260222_183457.jpg"
        },
        {
            "rank": 8,
            "title": "大年初六送穷日",
            "original_title": "",
            "source_platform": "抖音热榜",
            "source_url": "https://www.douyin.com/hot/2408106",
            "content": "大年初六送穷日",
            "image": "images/rank8_大年初六送穷_20260222_183457.jpg"
        },
        {
            "rank": 9,
            "title": "赵心童6:5艾伦",
            "original_title": "",
            "source_platform": "抖音热榜",
            "source_url": "https://www.douyin.com/hot/2408157",
            "content": "赵心童6:5艾伦",
            "image": "images/rank9_赵心童6_5_20260222_183457.jpg"
        }
    ],
    "timestamp": "20260222_183457"
}