{
    "news": [
        {
            "rank": 0,
            "title": "民生趣闻与财经动态：九条精选新闻速览",
            "content": "",
            "image": ""
        },
        {
            "rank": 1,
            "title": "网购粑粑柑开出百种丑法",
            "source_platform": "直播海南",
            "source_url": "https://mbd.baidu.com/newspage/data/videolanding?nid=sv_3783711221362378892",
            "content": "女子网购一箱粑粑柑，开箱后发现水果形态各异，商家已进行赔付。",
            "image": "images/rank1_网购粑粑_20260112_145029.jpg"
        },
        {
            "rank": 2,
            "title": "“保卫萝卜”活动火爆 老板称人比虫多",
            "source_platform": "大象新闻",
            "source_url": "https://mbd.baidu.com/newspage/data/videolanding?nid=sv_9752325526011636884",
            "content": "“偷甘蔗主理人”新活动“保卫萝卜”走红，14.5亩地人满为患，老板笑称人数远超虫子。",
            "image": "images/rank2__保卫萝_20260112_145029.jpg"
        },
        {
            "rank": 3,
            "title": "女子求助杀年猪 上千网友驱车帮忙",
            "source_platform": "齐鲁晚报网",
            "source_url": "https://mbd.baidu.com/newspage/data/videolanding?nid=sv_3912884492910049297",
            "content": "重庆合川女子因家中无人杀年猪网上求助，意外吸引上千网友驱车前来帮忙，场面热闹。",
            "image": "images/rank3_女子求助_20260112_145029.jpg"
        },
        {
            "rank": 4,
            "title": "沪深两市成交额突破3万亿元",
            "source_platform": "界面新闻",
            "source_url": "https://baijiahao.baidu.com/s?id=1854089993307396776",
            "content": "1月12日，沪深两市成交额突破3万亿元，较上一交易日放量超4000亿元。",
            "image": "images/rank4_沪深两市_20260112_145029.jpg"
        },
        {
            "rank": 5,
            "title": "蒸饺子烧光房子 饺子完好无损",
            "source_platform": "潇湘晨报",
            "source_url": "https://mbd.baidu.com/newspage/data/videolanding?nid=sv_5649087691003929557",
            "content": "江苏徐州老人蒸饺子时睡着致房屋失火，消防扑灭后，锅中饺子竟完好无损且已熟透。",
            "image": "images/rank5_蒸饺子烧_20260112_145029.jpg"
        },
        {
            "rank": 6,
            "title": "游客拍到小猫“华山论剑”",
            "source_platform": "star星视频",
            "source_url": "https://mbd.baidu.com/newspage/data/videolanding?nid=sv_1039753517412947666&sourceFrom=share",
            "content": "游客在华山西峰顶拍到两只小猫“巅峰对决”，被网友戏称为“华山论剑”。",
            "image": "images/rank6_游客拍到_20260112_145029.jpg"
        },
        {
            "rank": 7,
            "title": "献血“会上瘾能减重”系谣言",
            "source_platform": "西安发布",
            "source_url": "https://www.baidu.com/s?wd=%E7%8C%AE%E8%A1%80%E2%80%9C%E4%BC%9A%E4%B8%8A%E7%98%BE%E8%83%BD%E5%87%8F%E9%87%8D%E2%80%9D%E7%B3%BB%E8%B0%A3%E8%A8%80&sa=fyb_news&rsv_dl=fyb_news",
            "content": "网络传言称献血会上瘾、能减重，经核实均为不实信息，官方进行辟谣。",
            "image": "images/rank7_献血_会_20260112_145029.jpg"
        },
        {
            "rank": 8,
            "title": "官方辟谣小学生50元买茅台",
            "source_platform": "极目新闻",
            "source_url": "https://www.toutiao.com/article/7594038668306711082/",
            "content": "网传一小学生50元在学校跳蚤市场淘到茅台酒，经官方核实为虚假内容，系杜撰段子。",
            "image": "images/rank8_官方辟谣_20260112_145029.jpg"
        },
        {
            "rank": 9,
            "title": "U23国足1-0澳大利亚迎首胜",
            "source_platform": "我爱英超",
            "source_url": "https://news.qq.com/rain/a/20260111A01OZQ00#to-comment",
            "content": "U23亚洲杯小组赛，中国男足1-0战胜澳大利亚，彭啸打入制胜球，李昊多次神扑。",
            "image": "images/rank9_U23国_20260112_145029.jpg"
        }
    ],
    "timestamp": "20260112_145029"
}