{
    "news": [
        {
            "rank": 0,
            "title": "【轰动】风波再起！众明星卷入，谁能独善其身？",
            "original_title": "",
            "source_platform": "",
            "source_url": "",
            "content": "",
            "image": ""
        },
        {
            "rank": 1,
            "title": "李亚鹏透露董宇辉捐款金额",
            "original_title": "",
            "source_platform": "腾讯娱乐",
            "source_url": "https://news.qq.com/rain/a/20260208V03J2D00",
            "content": "李亚鹏透露董宇辉捐款金额",
            "image": "images/rank1_李亚鹏透露董_20260208_183649.jpg"
        },
        {
            "rank": 2,
            "title": "刘敏涛首次登上央视春晚，大衣配长裙气质佳",
            "original_title": "",
            "source_platform": "腾讯娱乐",
            "source_url": "https://news.qq.com/rain/a/20260208V03L8Z00",
            "content": "刘敏涛首次登上央视春晚，大衣配长裙气质佳",
            "image": "images/rank2_刘敏涛首次登_20260208_183649.jpg"
        },
        {
            "rank": 3,
            "title": "张淇创新演唱惊艳2026中国网络视听盛典",
            "original_title": "",
            "source_platform": "腾讯娱乐",
            "source_url": "https://news.qq.com/rain/a/20260207V0750F00",
            "content": "张淇创新演唱惊艳2026中国网络视听盛典",
            "image": "images/rank3_张淇创新演唱_20260208_183649.jpg"
        },
        {
            "rank": 4,
            "title": "曝罗云熙陈瑶疑似因戏生情，罗云熙方否认",
            "original_title": "",
            "source_platform": "腾讯娱乐",
            "source_url": "https://news.qq.com/rain/a/20260208A01Q5F00",
            "content": "曝罗云熙陈瑶疑似因戏生情，罗云熙方否认",
            "image": "images/rank4_曝罗云熙陈瑶_20260208_183649.jpg"
        },
        {
            "rank": 5,
            "title": "演员立威廉：身心几近崩溃，已重新安排遗嘱",
            "original_title": "",
            "source_platform": "腾讯娱乐",
            "source_url": "https://news.qq.com/rain/a/20260207A01WGS00",
            "content": "演员立威廉：身心几近崩溃，已重新安排遗嘱",
            "image": "images/rank5_演员立威廉__20260208_183649.jpg"
        },
        {
            "rank": 6,
            "title": "座位风波扯下遮羞布，内娱盛典底线在哪",
            "original_title": "",
            "source_platform": "腾讯娱乐",
            "source_url": "https://news.qq.com/rain/a/20260207A05QV800",
            "content": "座位风波扯下遮羞布，内娱盛典底线在哪",
            "image": "images/rank6_座位风波扯下_20260208_183649.jpg"
        },
        {
            "rank": 7,
            "title": "华晨宇演唱会现“唇印杀”，粉丝狂呼",
            "original_title": "",
            "source_platform": "腾讯娱乐",
            "source_url": "https://news.qq.com/rain/a/20260208V036MY00",
            "content": "华晨宇演唱会现“唇印杀”，粉丝狂呼",
            "image": "images/rank7_华晨宇演唱会_20260208_183649.jpg"
        },
        {
            "rank": 8,
            "title": "用正统年味给邪修上一课",
            "original_title": "",
            "source_platform": "抖音热榜",
            "source_url": "https://www.douyin.com/hot/2393639",
            "content": "用正统年味给邪修上一课",
            "image": "images/rank8_用正统年味给_20260208_183649.jpg"
        },
        {
            "rank": 9,
            "title": "在50万米高空卫星能拍到什么",
            "original_title": "",
            "source_platform": "抖音热榜",
            "source_url": "https://www.douyin.com/hot/2393978",
            "content": "在50万米高空卫星能拍到什么",
            "image": "images/rank9_在50万米高_20260208_183649.jpg"
        }
    ],
    "timestamp": "20260208_183649"
}