{
    "news": [
        {
            "rank": 0,
            "title": "巨星陨落，枪击惨案，爱泼斯坦余震",
            "original_title": "",
            "source_platform": "",
            "source_url": "",
            "content": "",
            "image": ""
        },
        {
            "rank": 1,
            "title": "《恋爱时代》男星詹姆斯·范德比克因肠癌去世，享年48岁",
            "original_title": "Dawson's Creek star James Van Der Beek dies aged 48",
            "source_platform": "BBC News",
            "source_url": "https://www.bbc.com/news/articles/ce3x0lnyxd3o",
            "content": "美国青春剧《恋爱时代》主演詹姆斯·范德比克因肠癌去世，享年48岁。他于2024年11月公开诊断结果，此前已与病魔抗争一段时间。",
            "image": "images/rank1__恋爱时代__20260212_062642.jpg"
        },
        {
            "rank": 2,
            "title": "加拿大校园枪击致九死二十五伤，嫌犯系18岁女性",
            "original_title": "Live Updates: Police Identify Suspect in Mass Shooting in Canada",
            "source_platform": "New York Times",
            "source_url": "https://www.nytimes.com/live/2026/02/11/world/canada-shooting-tumbler-ridge",
            "content": "加拿大不列颠哥伦比亚省发生校园枪击案，一名18岁女性枪手杀害其母、继兄及六名师生后自杀，共致九人死亡，二十五人受伤。",
            "image": "images/rank2_加拿大校园枪_20260212_062642.jpg"
        },
        {
            "rank": 3,
            "title": "特朗普被指2006年已知晓爱泼斯坦恶行",
            "original_title": "Ex-police chief said Trump told him in 2006 'everyone' knew of Epstein's behaviour",
            "source_platform": "BBC News",
            "source_url": "https://www.bbc.com/news/articles/cx2407jrn83o",
            "content": "据FBI文件，前佛州警长称特朗普2006年致电他时表示“每个人”都知道爱泼斯坦的恶行，并称已将其赶出俱乐部。特朗普方面否认知情。",
            "image": "images/rank3_特朗普被指2_20260212_062642.jpg"
        },
        {
            "rank": 4,
            "title": "安德鲁王子被指向爱泼斯坦发送涉阿富汗矿产机密简报",
            "original_title": "Brief sent by Andrew to Epstein included gold investments, file seen by BBC suggests",
            "source_platform": "BBC News",
            "source_url": "https://www.bbc.com/news/articles/cjd95r1k279o",
            "content": "BBC所见文件显示，安德鲁王子曾向爱泼斯坦发送一份涉阿富汗黄金、铀等矿产投资机会的机密政府简报。警方正评估是否调查其渎职行为。",
            "image": "images/rank4_安德鲁王子被_20260212_062642.jpg"
        },
        {
            "rank": 5,
            "title": "曼联老板称英国“被移民殖民”，首相要求道歉",
            "original_title": "'UK has been colonised by immigrants', says INEOS boss and Man Utd co-owner Sir Jim Ratcliffe",
            "source_platform": "Sky News",
            "source_url": "https://news.sky.com/story/the-uk-has-been-colonised-by-immigrants-says-ineos-boss-and-man-utd-co-owner-sir-jim-ratcliffe-13506333",
            "content": "曼联联合老板、亿万富翁吉姆·拉特克利夫爵士称英国“被移民殖民”，引发争议。英国首相斯塔默谴责其言论“冒犯且错误”，并要求其道歉。",
            "image": "images/rank5_曼联老板称英_20260212_062642.jpg"
        },
        {
            "rank": 6,
            "title": "伊朗纪念革命周年，美军舰集结海湾施压",
            "original_title": "Iran Commemorates Revolution, With U.S. Warships Lurking Off the Coast",
            "source_platform": "New York Times",
            "source_url": "https://www.nytimes.com/2026/02/11/world/europe/iran-revolution-anniversary.html",
            "content": "伊朗举行大规模集会纪念1979年伊斯兰革命周年。与此同时，特朗普派遣的美国军舰舰队在波斯湾水域集结，对伊核谈判施压。",
            "image": "images/rank6_伊朗纪念革命_20260212_062642.jpg"
        },
        {
            "rank": 7,
            "title": "瑞士将公投决定是否设1000万人口上限以限制移民",
            "original_title": "Switzerland to Vote on Capping Population at 10 Million",
            "source_platform": "New York Times",
            "source_url": "https://www.nytimes.com/2026/02/11/world/europe/switzerland-to-vote-on-capping-population-at-10-million.html",
            "content": "瑞士将于6月举行全民公投，决定是否在2050年前将人口上限设定为1000万，并通过限制移民来实现。此举凸显欧洲反移民情绪加剧。",
            "image": "images/rank7_瑞士将公投决_20260212_062642.jpg"
        },
        {
            "rank": 8,
            "title": "美国21岁速滑天才斯托尔茨破奥运纪录夺金",
            "original_title": "Jordan Stolz finds a new gear to break an Olympic record.",
            "source_platform": "New York Times",
            "source_url": "https://www.nytimes.com/2026/02/11/world/jordan-stolz-hits-another-gear-to-set-an-olympic-record.html",
            "content": "21岁的美国速滑选手乔丹·斯托尔茨在米兰-科尔蒂纳冬奥会男子1000米比赛中轻松夺金，并创造了新的奥运纪录，打破了荷兰在该项目的长期统治。",
            "image": "images/rank8_美国21岁速_20260212_062642.jpg"
        },
        {
            "rank": 9,
            "title": "巴基斯坦女律师就“月经税”起诉政府，挑战健康禁忌",
            "original_title": "A young lawyer is taking Pakistan’s government to court over ‘period tax.’ She hopes the case will break sexual health taboos",
            "source_platform": "CNN",
            "source_url": "https://edition.cnn.com/2026/02/10/asia/pakistan-pink-tax-womens-rights-intl-cmd",
            "content": "巴基斯坦年轻律师马赫努尔·奥马尔就卫生巾等女性卫生产品征收“月经税”起诉政府，希望此案能打破社会对性健康话题的禁忌。",
            "image": "images/rank9_巴基斯坦女律_20260212_062642.jpg"
        }
    ],
    "timestamp": "20260212_062642"
}