{
    "news": [
        {
            "rank": 0,
            "title": "7年车贷你敢贷吗？",
            "original_title": "",
            "source_platform": "",
            "source_url": "",
            "content": "",
            "image": ""
        },
        {
            "rank": 1,
            "title": "老板戴砂糖橘皇冠揽客",
            "original_title": "",
            "source_platform": "大象新闻",
            "source_url": "https://baijiahao.baidu.com/s?id=1857117250770297166",
            "content": "卖砂糖橘的老板将橘子串成“皇冠”戴在头上，被网友戏称为“砂糖橘国王”。",
            "image": "images/rank1_老板戴砂糖橘_20260215_062009.jpg"
        },
        {
            "rank": 2,
            "title": "年轻人空手返乡成趋势",
            "original_title": "",
            "source_platform": "新周刊",
            "source_url": "https://baijiahao.baidu.com/s?id=1856905646273281703",
            "content": "越来越多年轻人春节回家不再大包小裹，而是选择“空手返乡”，通过手机下单解决年货和礼物。",
            "image": "images/rank2_年轻人空手返_20260215_062009.jpg"
        },
        {
            "rank": 3,
            "title": "车企推7年超低息车贷",
            "original_title": "",
            "source_platform": "顶端新闻",
            "source_url": "https://baijiahao.baidu.com/s?id=1856913223615954259",
            "content": "特斯拉、小米、理想等车企推出最长7年超低息车贷方案，月供低至1918元，降低购车门槛。",
            "image": "images/rank3_车企推7年超_20260215_062009.jpg"
        },
        {
            "rank": 4,
            "title": "河南春晚广告多遭吐槽",
            "original_title": "",
            "source_platform": "腹黑狗子聊娱乐",
            "source_url": "https://baijiahao.baidu.com/s?id=1857111011901485975",
            "content": "河南卫视2026年春晚因广告占比过高引发争议，网友吐槽广告密集穿插，节目与广告难分。",
            "image": "images/rank4_河南春晚广告_20260215_062009.jpg"
        },
        {
            "rank": 5,
            "title": "《飞驰人生3》预售夺冠",
            "original_title": "",
            "source_platform": "界面新闻",
            "source_url": "https://baijiahao.baidu.com/s?id=1857108822520099177",
            "content": "2026年春节档预售票房达2.67亿元，《飞驰人生3》成为预售票房冠军，《惊蛰无声》等紧随其后。",
            "image": "images/rank5__飞驰人生3_20260215_062009.jpg"
        },
        {
            "rank": 6,
            "title": "女子6元彩票中1204万",
            "original_title": "",
            "source_platform": "海报新闻",
            "source_url": "https://www.toutiao.com/video/7606723192673828907/",
            "content": "一名女子仅花6元购买彩票，幸运中得1204万元大奖。",
            "image": "images/rank6_女子6元彩票_20260215_062009.jpg"
        },
        {
            "rank": 7,
            "title": "4000元婚宴被吐槽难吃",
            "original_title": "",
            "source_platform": "封面新闻",
            "source_url": "https://www.toutiao.com/video/7606529103009120265/",
            "content": "一桌4000元的婚宴被亲友吐槽菜品难吃，引发对高价婚宴质量的讨论。",
            "image": "images/rank7_4000元婚_20260215_062009.jpg"
        },
        {
            "rank": 8,
            "title": "泰国总理与女友登记结婚",
            "original_title": "",
            "source_platform": "红星新闻",
            "source_url": "https://www.toutiao.com/article/7606593313147191846/",
            "content": "59岁泰国总理阿努廷与小20岁女友塔纳侬正式登记结婚，这是阿努廷第三次婚姻。",
            "image": "images/rank8_泰国总理与女_20260215_062009.jpg"
        },
        {
            "rank": 9,
            "title": "武商集团原董事长逝世",
            "original_title": "",
            "source_platform": "21世纪经济报道",
            "source_url": "https://news.qq.com/rain/a/20260214A04L8V00",
            "content": "武商集团原董事长毛冬声因病逝世，享年92岁，他曾打造中国商业第一股。",
            "image": "images/rank9_武商集团原董_20260215_062009.jpg"
        }
    ],
    "timestamp": "20260215_062009"
}