{
    "news": [
        {
            "rank": 0,
            "title": "全球变局下的冲突、科技与人文回响",
            "content": ""
        },
        {
            "rank": 1,
            "title": "伊朗抗议遭强力镇压 死亡人数激增",
            "source_platform": "BBC News",
            "source_url": "https://www.bbc.com/news/articles/cvgp70ynx1po",
            "content": "伊朗多地爆发经济抗议，遭安全部队致命武力镇压。目击者称军队向人群直接开火，死亡人数持续上升。",
            "image": "images/rank1_伊朗抗议_20260113_061755.jpg"
        },
        {
            "rank": 2,
            "title": "苹果联手谷歌Gemini 升级Siri人工智能",
            "source_platform": "CNN",
            "source_url": "https://edition.cnn.com/2026/01/12/tech/apple-google-gemini-siri",
            "content": "苹果公司与谷歌达成合作，将谷歌Gemini人工智能模型整合进Siri，旨在显著提升其对话与任务处理能力。",
            "image": "images/rank2_苹果联手_20260113_061755.jpg"
        },
        {
            "rank": 3,
            "title": "英国军方承认无全面战争防御计划",
            "source_platform": "Sky News",
            "source_url": "https://news.sky.com/story/uk-has-no-defence-plan-despite-threat-from-putins-russia-13493493",
            "content": "英国国防参谋长承认，尽管面临地缘政治威胁，英国目前没有在全面战争中保卫国家及动员医疗系统的详细计划。",
            "image": "images/rank3_英国军方_20260113_061755.jpg"
        },
        {
            "rank": 4,
            "title": "瑞士酒吧火灾致多人死亡 老板被继续羁押",
            "source_platform": "CNN",
            "source_url": "https://edition.cnn.com/2026/01/12/europe/crans-montana-bar-owner-custody-swiss-court-intl",
            "content": "瑞士阿尔卑斯山区一酒吧发生致命火灾后，酒吧老板被法院裁定继续羁押，案件调查仍在进行中。",
            "image": "images/rank4_瑞士酒吧_20260113_061755.jpg"
        },
        {
            "rank": 3,
            "title": "“莫桑比克奇迹婴儿”去世 曾于洪水中树上出生",
            "source_platform": "BBC News",
            "source_url": "https://www.bbc.com/news/articles/c79re5415n2o",
            "content": "2000年莫桑比克洪灾中，一名女婴在母亲为避洪水所爬的树上出生，成为国家象征。该“奇迹婴儿”近日因病去世，享年25岁。",
            "image": "images/rank3__莫桑比_20260113_061755.jpg"
        },
        {
            "rank": 6,
            "title": "英国超市推出“减肥药专用”微型牛排",
            "source_platform": "Sky News",
            "source_url": "https://news.sky.com/story/money-live-consumer-news-personal-finance-sky-news-latest-blog-13040934",
            "content": "英国线上超市Ocado针对使用减肥药物的消费者推出新商品区，其中包括份量极小的“微型牛排”，以适应其减少的食量。",
            "image": "images/rank6_英国超市_20260113_061755.png"
        },
        {
            "rank": 7,
            "title": "美国高尔夫名将科克重返PGA 面临巨额罚款",
            "source_platform": "CNN",
            "source_url": "https://edition.cnn.com/2026/01/12/sport/golf-pga-tour-brooks-koepka-return-penalty",
            "content": "高尔夫球星布鲁克斯·科普卡在转投LIV高尔夫联赛仅五周后，宣布重返PGA巡回赛，但需缴纳一笔数额巨大的罚款。",
            "image": "images/rank7_美国高尔_20260113_061755.jpg"
        },
        {
            "rank": 8,
            "title": "日本民众冰水沐浴 迎接新年祈福",
            "source_platform": "CNN",
            "source_url": "https://edition.cnn.com/2026/01/12/asia/japan-ice-bath-festival-new-year-intl-hnk",
            "content": "日本民众延续传统，在新年期间进行“寒中水行”，浸入冰水以净化身心、祈求健康与好运。",
            "image": "images/rank8_日本民众_20260113_061755.jpg"
        },
        {
            "rank": 9,
            "title": "廉价眼用凝胶成功治疗罕见致盲眼疾",
            "source_platform": "Sky News",
            "source_url": "https://news.sky.com/story/hpmc-gel-used-in-eye-surgery-restores-sight-to-people-with-untreatable-hypotony-scientists-say-13493012",
            "content": "伦敦眼科医院研究发现，常用于眼科手术的廉价凝胶HPMC，通过注射成功恢复了多数低眼压症患者的视力。",
            "image": "images/rank9_廉价眼用_20260113_061755.jpg"
        }
    ],
    "timestamp": "20260113_061755"
}