{
    "news": [
        {
            "rank": 0,
            "title": "五岁男童竟成诱饵？",
            "original_title": "",
            "source_platform": "",
            "source_url": "",
            "content": "",
            "image": ""
        },
        {
            "rank": 1,
            "title": "法国在地中海扣押疑似俄罗斯“影子舰队”油轮",
            "original_title": "France seizes suspected Russian 'shadow fleet' oil tanker in the Mediterranean",
            "source_platform": "BBC News",
            "source_url": "https://www.bbc.com/news/articles/cdexxr2y907o",
            "content": "法国海军在盟友协助下，于地中海扣押一艘涉嫌违反制裁、为俄罗斯运输石油的油轮，旨在切断俄战争资金来源。",
            "image": "images/rank1_法国在地中海_20260123_062018.jpg"
        },
        {
            "rank": 2,
            "title": "特朗普起诉摩根大通索赔50亿美元",
            "original_title": "Trump sues JPMorgan for $5bn over account closure after Capitol riot",
            "source_platform": "BBC News",
            "source_url": "https://www.bbc.com/news/articles/c2e11m2w2meo",
            "content": "特朗普指控摩根大通因其政治观点非法关闭其账户，造成重大财务与声誉损失，索赔50亿美元。",
            "image": "images/rank2_特朗普起诉摩_20260123_062018.jpg"
        },
        {
            "rank": 3,
            "title": "美国移民执法拘留五岁男童引争议",
            "original_title": "ICE detains 5-year-old and father in Minnesota, lawyer says",
            "source_platform": "BBC News",
            "source_url": "https://www.bbc.com/news/articles/cwyrrqwxpz7o",
            "content": "美国移民海关执法局在明尼苏达州执法行动中拘留一名五岁男童及其父亲，校方质疑为何针对儿童。",
            "image": "images/rank3_美国移民执法_20260123_062018.jpg"
        },
        {
            "rank": 4,
            "title": "2026年奥斯卡提名名单公布",
            "original_title": "Oscars 2026: Nominees list in full",
            "source_platform": "BBC News",
            "source_url": "https://www.bbc.com/news/articles/ckgyyqkn0yvo",
            "content": "好莱坞公布第98届奥斯卡金像奖提名名单，《罪人》以创纪录的16项提名领跑。颁奖典礼将于3月15日举行。",
            "image": "images/rank4_2026年奥_20260123_062018.jpg"
        },
        {
            "rank": 5,
            "title": "智利野火致19人死亡，高温加剧火情",
            "original_title": "Chile wildfires leave 19 dead amid extreme heat as scores evacuated",
            "source_platform": "CNN",
            "source_url": "https://edition.cnn.com/2026/01/18/americas/chile-catastrophe-wildfires-dead-intl-latam",
            "content": "智利多地爆发野火，已造成至少19人死亡，当局展开大规模疏散，高温大风加剧了火势。",
            "image": "images/rank5_智利野火致1_20260123_062018.jpg"
        },
        {
            "rank": 6,
            "title": "韩国前总理因戒严案被判23年监禁",
            "original_title": "South Korea’s former leader jailed for 23 years in martial law case",
            "source_platform": "CNN",
            "source_url": "https://edition.cnn.com/2026/01/21/asia/south-korea-han-yoon-jailed-intl-hnk",
            "content": "韩国法院裁定前总理韩悳洙参与前总统尹锡悦实施的戒严构成叛乱罪，判处其23年有期徒刑。",
            "image": "images/rank6_韩国前总理因_20260123_062018.jpg"
        },
        {
            "rank": 7,
            "title": "美国将迎历史性冬季风暴，半数地区受影响",
            "original_title": "Potentially historic winter storm to slam much of the US with destructive ice and heavy snow",
            "source_platform": "CNN",
            "source_url": "https://edition.cnn.com/2026/01/22/weather/winter-storm-weekend-forecast-climate",
            "content": "一场历史性冬季风暴将袭击美国超过一半地区，带来破坏性冰灾和大量降雪，影响从得州到东北部的广阔区域。",
            "image": "images/rank7_美国将迎历史_20260123_062018.jpg"
        },
        {
            "rank": 8,
            "title": "西班牙通勤列车撞上起重机，五日四起事故",
            "original_title": "Commuter train crashes into crane in Murcia, marking Spain's fourth train crash in five days",
            "source_platform": "Sky News",
            "source_url": "https://news.sky.com/story/commuter-train-crashes-into-crane-in-murcia-marking-spains-fourth-train-crash-in-five-days-13497591",
            "content": "西班牙穆尔西亚一列通勤列车撞上施工起重机，造成四人轻伤，这是该国五天内发生的第四起铁路事故。",
            "image": "images/rank8_西班牙通勤列_20260123_062018.jpg"
        },
        {
            "rank": 9,
            "title": "威尔士瀑布景点18个月内三人死亡，安全警告发布",
            "original_title": "Warning issued after three deaths in 18 months at popular waterfall spot in Wales",
            "source_platform": "Sky News",
            "source_url": "https://news.sky.com/story/warning-issued-after-three-deaths-in-18-months-at-popular-waterfall-spot-in-wales-13497780",
            "content": "威尔士一热门瀑布景点在18个月内发生三起溺亡事件，验尸官对信号缺失和标识不清表示担忧，呼吁加强安全措施。",
            "image": "images/rank9_威尔士瀑布景_20260123_062018.jpg"
        }
    ],
    "timestamp": "20260123_062018"
}