{
    "news": [
        {
            "rank": 0,
            "title": "外卖新规炸锅？",
            "original_title": "",
            "source_platform": "",
            "source_url": "",
            "content": "",
            "image": ""
        },
        {
            "rank": 1,
            "title": "美团淘宝京东齐发声响应外卖新规",
            "original_title": "",
            "source_platform": "第一财经",
            "source_url": "https://baijiahao.baidu.com/s?id=1858286930730693859",
            "content": "国家市场监管总局发布外卖新规，美团、淘宝、京东回应将联合整治虚假店铺，落实食品安全责任。",
            "image": "images/rank1_美团淘宝京东_20260228_062022.jpg"
        },
        {
            "rank": 2,
            "title": "网友建议高速免费改年额度",
            "original_title": "",
            "source_platform": "极目新闻",
            "source_url": "https://baijiahao.baidu.com/s?id=1858269945948000939",
            "content": "网友建议将节假日高速免费改为每车每年5000公里免费额度，专家回应技术成本高，短期内难落地。",
            "image": "images/rank2_网友建议高速_20260228_062022.jpg"
        },
        {
            "rank": 3,
            "title": "小麦变身记：从主粮到健康载体",
            "original_title": "",
            "source_platform": "人民日报",
            "source_url": "https://baijiahao.baidu.com/s?id=1858232412133679458",
            "content": "小麦不仅是南北通吃的主粮，更变出上千种吃法，承载国人餐桌的万千气象与健康生活。",
            "image": "images/rank3_小麦变身记__20260228_062022.jpg"
        },
        {
            "rank": 4,
            "title": "新娘出嫁徒手拔光碎发",
            "original_title": "",
            "source_platform": "大众网青岛",
            "source_url": "https://baijiahao.baidu.com/s?id=1858274167952904279",
            "content": "宁夏一新娘出嫁当天挽面，徒手将耳后和脖子处的碎发拔干净，网友惊讶：真的不疼吗？",
            "image": "images/rank4_新娘出嫁徒手_20260228_062022.jpg"
        },
        {
            "rank": 5,
            "title": "行业协会整治乱设“大师”称号",
            "original_title": "",
            "source_platform": "澎湃新闻",
            "source_url": "https://news.qq.com/rain/a/20260227A077XE00",
            "content": "多个行业协会落实清理要求，整治违规评比表彰、乱设“大师”称号等问题，一批“大师”正在退场。",
            "image": "images/rank5_行业协会整治_20260228_062022.jpg"
        },
        {
            "rank": 6,
            "title": "专家呼吁成立国家级罕见病基金",
            "original_title": "",
            "source_platform": "经济观察报",
            "source_url": "https://news.qq.com/rain/a/20260227A04EDO00",
            "content": "多位专家在国际罕见病日前夕呼吁成立国家级罕见病基金，以加强中国超2000万患者的保障。",
            "image": "images/rank6_专家呼吁成立_20260228_062022.jpg"
        },
        {
            "rank": 7,
            "title": "嫣然天使医院撤欠款公告",
            "original_title": "",
            "source_platform": "大象新闻",
            "source_url": "https://news.qq.com/rain/a/20260227A06XLF00",
            "content": "北京嫣然天使儿童医院撤掉门诊楼外张贴的法院公告，院方称正积极和房东商谈，医院正常开诊。",
            "image": "images/rank7_嫣然天使医院_20260228_062022.jpg"
        },
        {
            "rank": 8,
            "title": "“到中国过年”成全球新潮",
            "original_title": "",
            "source_platform": "人民日报",
            "source_url": "https://www.toutiao.com/article/7611424319687770678",
            "content": "2026年春节入境游人次同比翻番，外国游客机票预订激增超400%，中国年成为世界共享的文化盛宴。",
            "image": "images/rank8__到中国过年_20260228_062022.jpg"
        },
        {
            "rank": 9,
            "title": "为五胞胎接生专家肉眼可见老了",
            "original_title": "",
            "source_platform": "极目新闻",
            "source_url": "https://www.toutiao.com/video/7611413662137319451/",
            "content": "曾为五胞胎接生的专家近照曝光，网友感叹其容貌变化明显，引发对医疗工作者辛勤付出的关注。",
            "image": "images/rank9_为五胞胎接生_20260228_062022.jpg"
        }
    ],
    "timestamp": "20260228_062022"
}