{
    "news": [
        {
            "rank": 0,
            "title": "春节档黑马竟是他？",
            "original_title": "",
            "source_platform": "",
            "source_url": "",
            "content": "",
            "image": ""
        },
        {
            "rank": 1,
            "title": "《镖人》票房逆跌成黑马",
            "original_title": "",
            "source_platform": "都市现场",
            "source_url": "https://baijiahao.baidu.com/s?id=1857560558702259598",
            "content": "春节档武侠片《镖人》票房逆势增长，成为唯一逆跌电影，预测总票房从9亿上调至11亿。",
            "image": "images/rank1__镖人_票房_20260220_062829.jpg"
        },
        {
            "rank": 2,
            "title": "亚马逊终结沃尔玛13年霸榜",
            "original_title": "",
            "source_platform": "IT之家",
            "source_url": "https://news.qq.com/rain/a/20260219A063LO00",
            "content": "亚马逊正式超越沃尔玛，成为全球营收最高企业，终结后者连续13年《财富》500强榜首地位。",
            "image": "images/rank2_亚马逊终结沃_20260220_062829.jpg"
        },
        {
            "rank": 3,
            "title": "10年前抓拍母女终被找到",
            "original_title": "",
            "source_platform": "黄河新闻网临汾频道",
            "source_url": "https://www.toutiao.com/article/7608550042839859764/",
            "content": "博主发布寻人视频寻找10年前抓拍的一对河南母女，近日成功找到，家人惊喜珍藏照片。",
            "image": "images/rank3_10年前抓拍_20260220_062829.jpg"
        },
        {
            "rank": 4,
            "title": "春节狂炫砂糖橘脸会变黄",
            "original_title": "",
            "source_platform": "科普中国",
            "source_url": "https://baijiahao.baidu.com/s?id=1857532117043427030",
            "content": "春节期间过量食用砂糖橘可能导致皮肤发黄，专家提醒注意适量，避免健康问题。",
            "image": "images/rank4_春节狂炫砂糖_20260220_062829.jpg"
        },
        {
            "rank": 5,
            "title": "机关食堂春节营业获好评",
            "original_title": "",
            "source_platform": "澎湃新闻",
            "source_url": "https://news.qq.com/rain/a/20260219A05YQN00",
            "content": "多地机关食堂在春节假期对外营业，提供平价美食，收获游客好评，体现便民服务。",
            "image": "images/rank5_机关食堂春节_20260220_062829.jpg"
        },
        {
            "rank": 6,
            "title": "学生扶摔倒女子反被索赔",
            "original_title": "",
            "source_platform": "大河报",
            "source_url": "https://news.qq.com/rain/a/20260219A0539C00",
            "content": "福建两初中生好心扶起骑车摔倒女子，却被交警定次责，女子向家属索赔22万元引发争议。",
            "image": "images/rank6_学生扶摔倒女_20260220_062829.jpg"
        },
        {
            "rank": 7,
            "title": "春节餐桌建议加一道洋葱",
            "original_title": "",
            "source_platform": "杭州日报",
            "source_url": "https://baijiahao.baidu.com/s?id=1857559552469286683",
            "content": "研究显示每天增加5.54克洋葱摄入可降低肝癌风险33%，专家建议春节餐桌加吃洋葱。",
            "image": "images/rank7_春节餐桌建议_20260220_062829.jpg"
        },
        {
            "rank": 8,
            "title": "大学生吵醒萌娃紧张调侃",
            "original_title": "",
            "source_platform": "伍视频",
            "source_url": "https://baijiahao.baidu.com/s?id=1857571588999666855",
            "content": "安徽大学生逗弄家中熟睡萌娃不慎将其吵醒，紧张调侃“他要是真哭了，我能不能上桌吃饭都是问题”。",
            "image": "images/rank8_大学生吵醒萌_20260220_062829.jpg"
        },
        {
            "rank": 9,
            "title": "嗑瓜子贪多可能伤身",
            "original_title": "",
            "source_platform": "star星视频",
            "source_url": "https://baijiahao.baidu.com/s?id=1830540295288079062",
            "content": "瓜子热量高、饱腹感弱，专家提醒嗑瓜子过多可能带来健康隐患，建议适量食用。",
            "image": "images/rank9_嗑瓜子贪多可_20260220_062829.jpg"
        }
    ],
    "timestamp": "20260220_062829"
}