{
    "news": [
        {
            "rank": 0,
            "title": "民生趣闻与科技热点精选",
            "content": "",
            "image": ""
        },
        {
            "rank": 1,
            "title": "机长副机长驾驶舱内打架",
            "source_platform": "南方都市报",
            "source_url": "https://baijiahao.baidu.com/s?id=1853565003540811033",
            "content": "长荣航空机长与副机长因操作争议在驾驶舱发生肢体冲突，涉事机长已被暂停派飞任务。",
            "image": "images/rank1_南方都市报_20260106.jpg"
        },
        {
            "rank": 2,
            "title": "属马姓马名字带马景区免费",
            "source_platform": "伍视频",
            "source_url": "https://mbd.baidu.com/newspage/data/videolanding?nid=sv_5958638159877473510&sourceFrom=qmj",
            "content": "多地景区推出免票优惠，针对生肖属马、姓马或名字带马的游客，包括河南伏羲山等景区。",
            "image": "images/rank2_伍视频_20260106.jpg"
        },
        {
            "rank": 3,
            "title": "2026汽车以旧换新补贴升级",
            "source_platform": "央视新闻",
            "source_url": "https://baijiahao.baidu.com/s?id=1853528983885067385",
            "content": "商务部等部门印发细则，2026年汽车以旧换新补贴范围扩大，按新车销售价格比例给予补贴。",
            "image": "images/rank3_央视新闻_20260106.jpg"
        },
        {
            "rank": 4,
            "title": "海南免税消费元旦假期激增",
            "source_platform": "每日经济新闻",
            "source_url": "https://baijiahao.baidu.com/s?id=1853475790552568386",
            "content": "海南全岛封关后首个小长假，离岛免税购物金额达7.12亿元，同比增长128.9%。",
            "image": "images/rank4_每日经济新闻_20260106.jpg"
        },
        {
            "rank": 5,
            "title": "圆明园冰场现贪吃蛇大作战",
            "source_platform": "极目新闻",
            "source_url": "https://mbd.baidu.com/newspage/data/videolanding?nid=sv_17822448285324635901",
            "content": "北京圆明园冰场游客自发以接龙形式滑冰，形成“贪吃蛇”队伍，引发网友热议。",
            "image": "images/rank5_极目新闻_20260106.jpg"
        },
        {
            "rank": 6,
            "title": "网友奔现被设局勒索9万",
            "source_platform": "大象新闻",
            "source_url": "https://mbd.baidu.com/newspage/data/videolanding?nid=sv_3845292139952248598",
            "content": "女子与网友见面后被劝酒并诱导酒驾，随后遭碰瓷勒索9.3万元，作案手法包括线上伪装。",
            "image": "images/rank6_大象新闻_20260106.jpg"
        },
        {
            "rank": 7,
            "title": "小米KOL投放计划遭抵制",
            "source_platform": "红星新闻",
            "source_url": "https://baijiahao.baidu.com/s?id=1853580717090730960",
            "content": "小米计划投放KOL遭粉丝抵制，公司通报辞退涉事经办人员，并对相关高管通报批评。",
            "image": "images/rank7_红星新闻_20260106.jpg"
        },
        {
            "rank": 8,
            "title": "全球首款可量产全固态电池问世",
            "source_platform": "财经杨淇",
            "source_url": "https://www.toutiao.com/video/7592233737515515950/",
            "content": "全球首款可量产全固态电池正式问世，标志着电池技术取得重大突破。",
            "image": "images/rank8_财经杨淇_20260106.jpeg"
        },
        {
            "rank": 9,
            "title": "武大靖官宣退役",
            "source_platform": "环球网",
            "source_url": "https://www.toutiao.com/article/7592216539252752932/",
            "content": "中国短道速滑名将武大靖在节目中正式宣布退役，他曾是男子500米世界纪录保持者。",
            "image": "images/rank9_环球网_20260106.jpeg"
        }
    ]
}