{
    "news": [
        {
            "rank": 0,
            "title": "全球炸锅！",
            "original_title": "",
            "source_platform": "",
            "source_url": "",
            "content": "",
            "image": ""
        },
        {
            "rank": 1,
            "title": "美国派ICE特工赴意冬奥会，引发意大利强烈不满",
            "original_title": "US to send ICE agents to Winter Olympics, prompting Italian anger",
            "source_platform": "BBC News",
            "source_url": "https://www.bbc.com/news/articles/c5y29xzjdzvo",
            "content": "美国移民与海关执法局将派遣特工前往意大利协助冬奥会安保，引发意方官员强烈抗议和民众愤怒。",
            "image": "images/rank1_美国派ICE_20260128_062054.jpg"
        },
        {
            "rank": 2,
            "title": "加拿大总理否认在通话中向特朗普收回达沃斯言论",
            "original_title": "Carney denies walking back Davos speech in phone call with Trump",
            "source_platform": "BBC News",
            "source_url": "https://www.bbc.com/news/articles/c9qp3x5x2jpo",
            "content": "加拿大总理特鲁多坚称其达沃斯演讲批评超级大国的立场未变，否认美财长关于其“积极收回”言论的说法。",
            "image": "images/rank2_加拿大总理否_20260128_062054.jpg"
        },
        {
            "rank": 3,
            "title": "印度尼帕病毒疫情引发亚洲多国机场加强筛查",
            "original_title": "Nipah virus outbreak in India triggers Asia airport screenings",
            "source_platform": "BBC News",
            "source_url": "https://www.bbc.com/news/articles/cd7zp581q5do",
            "content": "印度西孟加拉邦爆发致命尼帕病毒，泰国、尼泊尔等国已在机场对来自该地区的旅客加强健康筛查。",
            "image": "images/rank3_印度尼帕病毒_20260128_062054.jpg"
        },
        {
            "rank": 4,
            "title": "特朗普阴影笼罩印度与欧盟贸易协定",
            "original_title": "Trump's shadow looms over India-EU trade deal",
            "source_platform": "BBC News",
            "source_url": "https://www.bbc.com/news/articles/c75x9wqwz40o",
            "content": "印度与欧盟达成重大贸易协定，分析认为此举部分是为了应对特朗普政府不可预测的关税政策。",
            "image": "images/rank4_特朗普阴影笼_20260128_062054.jpg"
        },
        {
            "rank": 5,
            "title": "家属就美方致命船只袭击事件起诉美国政府",
            "original_title": "Families sue US over deadly boat strike off Venezuela coast",
            "source_platform": "BBC News",
            "source_url": "https://www.bbc.com/news/articles/c98jr75w4zko",
            "content": "两名在美方打击涉嫌贩毒船只行动中丧生的特立尼达和多巴哥男子的家属，已向美国政府提起诉讼。",
            "image": "images/rank5_家属就美方致_20260128_062054.jpg"
        },
        {
            "rank": 6,
            "title": "西班牙计划为50万无证移民提供合法身份",
            "original_title": "Spain plans to give half a million undocumented migrants legal status",
            "source_platform": "BBC News",
            "source_url": "https://www.bbc.com/news/articles/c62n6gw1dp9o",
            "content": "西班牙政府宣布大规模移民合法化计划，预计将使至少50万无证移民获得居留许可。",
            "image": "images/rank6_西班牙计划为_20260128_062054.jpg"
        },
        {
            "rank": 7,
            "title": "尼日利亚总统在土耳其国宴上摔倒，助手称其状态良好",
            "original_title": "Nigeria president 'in great shape' after falling at Turkey reception",
            "source_platform": "BBC News",
            "source_url": "https://www.bbc.com/news/articles/cvgpz16q2xdo",
            "content": "尼日利亚总统蒂努布在土耳其出席欢迎仪式时不慎摔倒，其助手随后表示总统状态良好，会晤照常进行。",
            "image": "images/rank7_尼日利亚总统_20260128_062054.jpg"
        },
        {
            "rank": 8,
            "title": "社媒巨头因青少年成瘾问题首次受审",
            "original_title": "Meta and YouTube head to trial to defend against youth addiction, mental health harm claims",
            "source_platform": "CNN",
            "source_url": "https://edition.cnn.com/2026/01/26/tech/social-media-youth-mental-health-trial",
            "content": "Meta和YouTube等社交媒体巨头首次因平台致青少年成瘾及损害心理健康的指控出庭受审。",
            "image": "images/rank8_社媒巨头因青_20260128_062054.jpg"
        },
        {
            "rank": 9,
            "title": "阿尔巴尼亚“AI部长”旨在反腐，其开发者却被控贪腐",
            "original_title": "Albania Created an ‘A.I. Minister’ to Curb Corruption. Then Its Developers Were Accused of Graft.",
            "source_platform": "New York Times",
            "source_url": "https://www.nytimes.com/2026/01/27/world/europe/albania-ai-corruption-graft.html",
            "content": "阿尔巴尼亚推出全球首位AI虚拟部长以打击腐败，但开发该AI的机构负责人却被指控在公共合同中舞弊。",
            "image": "images/rank9_阿尔巴尼亚__20260128_062054.jpg"
        }
    ],
    "timestamp": "20260128_062054"
}