{
    "news": [
        {
            "rank": 0,
            "title": "你买的会是假货吗？",
            "original_title": "",
            "source_platform": "",
            "source_url": "",
            "content": "",
            "image": ""
        },
        {
            "rank": 1,
            "title": "0基础退休老人3年出演200多部短剧",
            "original_title": "",
            "source_platform": "大象新闻",
            "source_url": "https://baijiahao.baidu.com/s?id=1854524707358548586",
            "content": "河南退休老人老孟三年出演超200部短剧，凭借普通面孔成为短剧圈“熟脸”演员。",
            "image": "images/rank1_0基础退休老_20260117_094155.jpg"
        },
        {
            "rank": 2,
            "title": "去海南“买买买”到底能省多少钱",
            "original_title": "",
            "source_platform": "新华社",
            "source_url": "https://baijiahao.baidu.com/s?id=1852031382977626618",
            "content": "海南全岛封关运作后免税店爆火，新华社记者详解消费者购物可节省的具体金额。",
            "image": "images/rank2_去海南_买买_20260117_094155.jpg"
        },
        {
            "rank": 3,
            "title": "四川百万网红给村里捐赠70盏灯",
            "original_title": "",
            "source_platform": "潇湘晨报",
            "source_url": "https://baijiahao.baidu.com/s?id=1854525787925907491",
            "content": "四川助农博主向村庄捐赠70盏路灯并举办刨汤宴，吸引网友参与传统民俗体验。",
            "image": "images/rank3_四川百万网红_20260117_094155.jpg"
        },
        {
            "rank": 4,
            "title": "13类食品在直播间里坚决不能卖",
            "original_title": "",
            "source_platform": "新华社新媒体",
            "source_url": "https://baijiahao.baidu.com/s?id=1854470846137104205",
            "content": "直播电商食品安全新规3月20日施行，明确13类禁售食品清单，规范直播经营行为。",
            "image": "images/rank4_13类食品在_20260117_094155.jpg"
        },
        {
            "rank": 5,
            "title": "专家称装死小羊可人工繁殖更多只",
            "original_title": "",
            "source_platform": "大河报",
            "source_url": "https://baijiahao.baidu.com/s?id=1854436400261738347",
            "content": "宁夏“装死”小羊因基因突变走红身价30万，专家称可通过人工繁殖培育更多同类。",
            "image": "images/rank5_专家称装死小_20260117_094155.jpg"
        },
        {
            "rank": 6,
            "title": "脑机接口正“接入”生活",
            "original_title": "",
            "source_platform": "新华社",
            "source_url": "https://baijiahao.baidu.com/s?id=1854462447760920610",
            "content": "脑机接口技术实现高位截瘫患者意念操控轮椅等应用，落地场景不断扩展。",
            "image": "images/rank6_脑机接口正__20260117_094155.jpg"
        },
        {
            "rank": 7,
            "title": "坐火车可以不用自己搬行李了",
            "original_title": "",
            "source_platform": "北京日报",
            "source_url": "https://www.toutiao.com/w/1854455554367563/",
            "content": "中铁快运“轻装行”服务试点扩至111个车站，提供门到站行李搬运减轻旅客负担。",
            "image": "images/rank7_坐火车可以不_20260117_094155.jpg"
        },
        {
            "rank": 8,
            "title": "90岁姥姥回应徒手翻墙回家火了",
            "original_title": "",
            "source_platform": "潇湘晨报·晨视频",
            "source_url": "https://www.toutiao.com/video/7595886793312960550/",
            "content": "90岁老人徒手翻墙回家视频走红网络，引发网友对老年人身体素质和独立性的关注。",
            "image": "images/rank8_90岁姥姥回_20260117_094155.jpg"
        },
        {
            "rank": 9,
            "title": "网警发布领取育儿补贴硬核攻略",
            "original_title": "",
            "source_platform": "公安部网安局",
            "source_url": "https://www.toutiao.com/article/7596132083131482678",
            "content": "网警提醒家长警惕假冒育儿补贴申领陷阱，已有不法分子利用该政策实施诈骗。",
            "image": "images/rank9_网警发布领取_20260117_094155.jpg"
        }
    ],
    "timestamp": "20260117_094155"
}