{
    "news": [
        {
            "rank": 0,
            "title": "机器人送自己给明星？",
            "original_title": "",
            "source_platform": "",
            "source_url": "",
            "content": "",
            "image": ""
        },
        {
            "rank": 1,
            "title": "山东网友自驾10小时弃车换高铁",
            "original_title": "",
            "source_platform": "大象新闻",
            "source_url": "https://baijiahao.baidu.com/s?id=1857735563716772905",
            "content": "山东网友自驾1500公里去重庆，硬开10小时后在襄阳弃车换乘高铁，称实在开不动了。",
            "image": "images/rank1_山东网友自驾_20260222_061955.jpg"
        },
        {
            "rank": 2,
            "title": "春晚机器人“假蔡明”赠真蔡明",
            "original_title": "",
            "source_platform": "海报新闻",
            "source_url": "https://baijiahao.baidu.com/s?id=1857740452939433942",
            "content": "2026年春晚亮相的仿生蔡明机器人被松延动力赠送给了演员蔡明本人，另一款熊猫机器人拍出高价。",
            "image": "images/rank2_春晚机器人__20260222_061955.jpg"
        },
        {
            "rank": 3,
            "title": "哈尔滨冰雪大世界因高温闭园",
            "original_title": "",
            "source_platform": "鲁中晨报",
            "source_url": "https://baijiahao.baidu.com/s?id=1857736925065451888",
            "content": "哈尔滨冰雪大世界因20-21日气温骤升突破历史极值，冰雪景观融化严重，为保障安全即日起正式闭园。",
            "image": "images/rank3_哈尔滨冰雪大_20260222_061955.jpg"
        },
        {
            "rank": 4,
            "title": "83岁外婆用竹扫帚洗车致划痕",
            "original_title": "",
            "source_platform": "经视直播",
            "source_url": "https://baijiahao.baidu.com/s?id=1857732802124717836",
            "content": "江西抚州83岁外婆见孙女车上有纸屑，用大竹扫帚帮忙清理，结果导致车漆布满细密划痕。",
            "image": "images/rank4_83岁外婆用_20260222_061955.jpg"
        },
        {
            "rank": 5,
            "title": "苏翊鸣夺金后一直想吐",
            "original_title": "",
            "source_platform": "猫熊说体坛",
            "source_url": "https://baijiahao.baidu.com/s?id=1857723216400465586",
            "content": "中国单板滑雪运动员苏翊鸣冬奥夺金后，教练称其因疲劳达到顶点且持续想吐，除必要采访外均在休息。",
            "image": "images/rank5_苏翊鸣夺金后_20260222_061955.jpg"
        },
        {
            "rank": 6,
            "title": "贝加尔湖遇难中国游客身份确认",
            "original_title": "",
            "source_platform": "扬眼",
            "source_url": "https://news.qq.com/rain/a/20260221A06E4M00",
            "content": "贝加尔湖事故7名遇难中国游客身份全部确认，涉事司机系私下接单非法载客，湖面此前已现裂痕。",
            "image": "images/rank6_贝加尔湖遇难_20260222_061955.jpg"
        },
        {
            "rank": 7,
            "title": "初中女生被索赔22万案对方撤诉",
            "original_title": "",
            "source_platform": "封面新闻",
            "source_url": "https://news.qq.com/rain/a/20260221A063ND00",
            "content": "初中生帮扶摔倒老太遭22万索赔引热议，女孩家长最新回应称对方已撤诉，不希望再占用公共资源。",
            "image": "images/rank7_初中女生被索_20260222_061955.jpg"
        },
        {
            "rank": 8,
            "title": "网友家塑料盆用40多年未烂",
            "original_title": "",
            "source_platform": "极目新闻",
            "source_url": "https://www.toutiao.com/article/7609286364600812070/",
            "content": "河南网友晒出家中1984年购买的塑料盆，使用40多年仍完好无损，感叹质量好想再买几个。",
            "image": "images/rank8_网友家塑料盆_20260222_061955.jpg"
        },
        {
            "rank": 9,
            "title": "00后女孩月租200住养老院两年",
            "original_title": "",
            "source_platform": "环球网",
            "source_url": "https://www.toutiao.com/article/7609138117739643401/",
            "content": "江西九江00后女孩张瑾在苏州以月租200元入住养老院当志愿者，为老人提供陪伴，已居住两年多。",
            "image": "images/rank9_00后女孩月_20260222_061955.jpg"
        }
    ],
    "timestamp": "20260222_061955"
}