{
    "news": [
        {
            "rank": 0,
            "title": "猪肉比西红柿便宜？",
            "original_title": "",
            "source_platform": "",
            "source_url": "",
            "content": "",
            "image": ""
        },
        {
            "rank": 1,
            "title": "江苏工程挖到7000年遗址",
            "original_title": "",
            "source_platform": "上游新闻",
            "source_url": "https://baijiahao.baidu.com/s?id=1855172091529930387",
            "content": "江苏无锡长山大道南延工程因挖到7000年遗址而延期，相关部门证实正在进行考古工作。",
            "image": "images/rank1_江苏工程挖到_20260124_182941.jpg"
        },
        {
            "rank": 2,
            "title": "猪肉比西红柿便宜",
            "original_title": "",
            "source_platform": "时代周报",
            "source_url": "https://baijiahao.baidu.com/s?id=1855174998414572519",
            "content": "2026年开年生猪价格仍处低位，部分地区猪肉价格甚至低于“身价暴涨”的西红柿。",
            "image": "images/rank2_猪肉比西红柿_20260124_182941.jpg"
        },
        {
            "rank": 3,
            "title": "U23国足主帅表态想拿冠军",
            "original_title": "",
            "source_platform": "每日经济新闻",
            "source_url": "https://baijiahao.baidu.com/s?id=1855182759404057536",
            "content": "U23亚洲杯决赛前，主帅安东尼奥表示夺冠是球队梦想，全队已做好准备“让不寻常的事发生”。",
            "image": "images/rank3_U23国足主_20260124_182941.jpg"
        },
        {
            "rank": 4,
            "title": "外国网友模仿中国人生活",
            "original_title": "",
            "source_platform": "中国新闻网",
            "source_url": "https://baijiahao.baidu.com/s?id=1855124446713701993",
            "content": "数以百万计外国网友开始模仿中国人生活细节，并在社交平台打卡“有点紧张，我第一次变中国人”。",
            "image": "images/rank4_外国网友模仿_20260124_182941.jpg"
        },
        {
            "rank": 5,
            "title": "患者被一次性拔牙12颗",
            "original_title": "",
            "source_platform": "九派新闻",
            "source_url": "https://baijiahao.baidu.com/s?id=1855166726570258602",
            "content": "山西一女子被诊所一次性拔12颗牙致心梗休克，卫健局通报情况属实，医患双方已和解。",
            "image": "images/rank5_患者被一次性_20260124_182941.jpg"
        },
        {
            "rank": 6,
            "title": "金价逼近5000美元关口",
            "original_title": "",
            "source_platform": "21世纪经济报道",
            "source_url": "https://news.qq.com/rain/a/20260123A077LJ00",
            "content": "现货黄金价格持续飙升，1月23日逼近5000美元/盎司关口，创历史新高。",
            "image": "images/rank6_金价逼近50_20260124_182941.jpg"
        },
        {
            "rank": 7,
            "title": "海南文昌取消2月火箭发射？",
            "original_title": "",
            "source_platform": "大河报",
            "source_url": "https://news.qq.com/rain/a/20260123A05IO700",
            "content": "网传文昌取消2月所有火箭发射，文昌航天观礼中心回应称目前暂定2.3下午长八甲发射。",
            "image": "images/rank7_海南文昌取消_20260124_182941.jpg"
        },
        {
            "rank": 8,
            "title": "黄仁勋现身上海菜市场",
            "original_title": "",
            "source_platform": "青蜂侠",
            "source_url": "https://www.toutiao.com/video/7598859001471696896/",
            "content": "英伟达CEO黄仁勋被拍到现身上海菜市场，引发网友关注和热议。",
            "image": "images/rank8_黄仁勋现身上_20260124_182941.jpg"
        },
        {
            "rank": 9,
            "title": "女子称被跟踪发现同伙",
            "original_title": "",
            "source_platform": "观象视频",
            "source_url": "https://www.toutiao.com/video/7598733514455908371/",
            "content": "一女子称被跟踪后上前质问，结果发现对方还有同伙，事件引发关注。",
            "image": "images/rank9_女子称被跟踪_20260124_182941.jpg"
        }
    ],
    "timestamp": "20260124_182941"
}