{
    "news": [
        {
            "rank": 0,
            "title": "【轰动】风波再起！众明星卷入，谁能独善其身？",
            "original_title": "",
            "source_platform": "",
            "source_url": "",
            "content": "",
            "image": ""
        },
        {
            "rank": 1,
            "title": "曲婉婷开新号复出遭网友抵制",
            "original_title": "",
            "source_platform": "腾讯娱乐",
            "source_url": "https://news.qq.com/rain/a/20260222A05GHQ00",
            "content": "曲婉婷开新号复出遭网友抵制",
            "image": "images/rank1_曲婉婷开新号_20260223_062035.jpg"
        },
        {
            "rank": 2,
            "title": "成龙观看冬奥花滑表演",
            "original_title": "",
            "source_platform": "腾讯娱乐",
            "source_url": "https://news.qq.com/rain/a/20260222V03ZA200",
            "content": "成龙观看冬奥花滑表演",
            "image": "images/rank2_成龙观看冬奥_20260223_062035.jpg"
        },
        {
            "rank": 3,
            "title": "春节档新片豆瓣评分《镖人》变第一",
            "original_title": "",
            "source_platform": "腾讯娱乐",
            "source_url": "https://news.qq.com/rain/a/20260222A0224N00",
            "content": "春节档新片豆瓣评分《镖人》变第一",
            "image": "images/rank3_春节档新片豆_20260223_062035.jpg"
        },
        {
            "rank": 4,
            "title": "宋雨琦差点漏接音著协电话",
            "original_title": "",
            "source_platform": "腾讯娱乐",
            "source_url": "https://news.qq.com/rain/a/20260222V04T9E00",
            "content": "宋雨琦差点漏接音著协电话",
            "image": "images/rank4_宋雨琦差点漏_20260223_062035.jpg"
        },
        {
            "rank": 5,
            "title": "方大同逝世一周年，遗作MV将发布",
            "original_title": "",
            "source_platform": "腾讯娱乐",
            "source_url": "https://news.qq.com/rain/a/20260221V05F9Y00",
            "content": "方大同逝世一周年，遗作MV将发布",
            "image": "images/rank5_方大同逝世一_20260223_062035.jpg"
        },
        {
            "rank": 6,
            "title": "61岁张曼玉返港，低调带狗现身",
            "original_title": "",
            "source_platform": "腾讯娱乐",
            "source_url": "https://news.qq.com/rain/a/20260222A01V9400",
            "content": "61岁张曼玉返港，低调带狗现身",
            "image": "images/rank6_61岁张曼玉_20260223_062035.jpg"
        },
        {
            "rank": 7,
            "title": "谷爱凌李方慧包揽U池金银牌",
            "original_title": "",
            "source_platform": "抖音热榜",
            "source_url": "https://www.douyin.com/hot/2408149",
            "content": "谷爱凌李方慧包揽U池金银牌",
            "image": "images/rank7_谷爱凌李方慧_20260223_062035.jpg"
        },
        {
            "rank": 8,
            "title": "数说新春出游",
            "original_title": "",
            "source_platform": "抖音热榜",
            "source_url": "https://www.douyin.com/hot/2408933",
            "content": "数说新春出游",
            "image": "images/rank8_数说新春出游_20260223_062035.jpg"
        },
        {
            "rank": 9,
            "title": "中国代表团闭幕式入场",
            "original_title": "",
            "source_platform": "抖音热榜",
            "source_url": "https://www.douyin.com/hot/2409026",
            "content": "中国代表团闭幕式入场",
            "image": "images/rank9_中国代表团闭_20260223_062035.jpg"
        }
    ],
    "timestamp": "20260223_062035"
}