{
    "news": [
        {
            "rank": 0,
            "title": "民生趣闻暖人心，科技财经展新篇",
            "content": "",
            "image": ""
        },
        {
            "rank": 1,
            "title": "“个人医保云”建设试点启动",
            "source_platform": "人民日报",
            "source_url": "https://baijiahao.baidu.com/s?id=1853980615857375151",
            "content": "国家医保局启动“个人医保云”建设试点，探索智慧医保管理新范式。",
            "image": "images/rank1__个人医_20260112_054343.jpg"
        },
        {
            "rank": 2,
            "title": "“保卫萝卜”爆火 老板说人比虫都多",
            "source_platform": "大象新闻",
            "source_url": "https://www.baidu.com/s?wd=%E2%80%9C%E4%BF%9D%E5%8D%AB%E8%90%9D%E5%8D%9C%E2%80%9D%E7%88%86%E7%81%AB+%E8%80%81%E6%9D%BF%E8%AF%B4%E4%BA%BA%E6%AF%94%E8%99%AB%E9%83%BD%E5%A4%9A&sa=fyb_news&rsv_dl=fyb_news",
            "content": "“保卫萝卜”活动火爆，14.5亩地人满为患，老板笑称人数远超虫子。",
            "image": "images/rank2__保卫萝_20260112_054343.jpg"
        },
        {
            "rank": 3,
            "title": "不会杀猪网上求助 上千人驱车来帮忙",
            "source_platform": "齐鲁晚报网",
            "source_url": "https://mbd.baidu.com/newspage/data/videolanding?nid=sv_3912884492910049297",
            "content": "重庆女子网上求助杀年猪，上千网友驱车赶来帮忙，村头村尾热闹非凡。",
            "image": "images/rank3_不会杀猪_20260112_054343.jpg"
        },
        {
            "rank": 4,
            "title": "蒸饺子烧光房子 饺子一点没糊",
            "source_platform": "潇湘晨报",
            "source_url": "https://mbd.baidu.com/newspage/data/videolanding?nid=sv_5649087691003929557",
            "content": "老人蒸饺子时睡着致房屋失火，消防扑灭后饺子完好无损且已熟透。",
            "image": "images/rank4_蒸饺子烧_20260112_054343.jpg"
        },
        {
            "rank": 5,
            "title": "沪深两市成交额突破2.5万亿元",
            "source_platform": "界面新闻",
            "source_url": "https://baijiahao.baidu.com/s?id=1854086721399590182",
            "content": "1月12日，沪深两市成交额突破2.5万亿元，较上日放量超2900亿元。",
            "image": "images/rank5_沪深两市_20260112_054343.jpg"
        },
        {
            "rank": 6,
            "title": "冰雪天绿皮火车等待3名旅客慢慢上车",
            "source_platform": "新华社",
            "source_url": "https://mbd.baidu.com/newspage/data/videolanding?nid=sv_4638644922912728717&sourceFrom=share",
            "content": "吉林冰雪天，绿皮火车温情等待3名旅客慢慢上车，乘务员暖心安抚。",
            "image": "images/rank6_冰雪天绿_20260112_054343.jpg"
        },
        {
            "rank": 7,
            "title": "夫妻卖10元盒饭20年挣2套房",
            "source_platform": "全国党媒信息公共平台",
            "source_url": "https://www.toutiao.com/article/7593907520540885550/",
            "content": "重庆朝天门一对夫妻卖10元盒饭20年，日售数百盒，靠此收入购置两套房。",
            "image": "images/rank7_夫妻卖1_20260112_054343.jpg"
        },
        {
            "rank": 8,
            "title": "网约车为送断指乘客出车祸，司机被判全责",
            "source_platform": "新民晚报",
            "source_url": "https://news.qq.com/rain/a/20260111A04EWX00#to-comment",
            "content": "网约车送断指乘客，交警带路闯红灯时出车祸，司机被认定全责引争议。",
            "image": "images/rank8_网约车为_20260112_054343.jpg"
        },
        {
            "rank": 9,
            "title": "都在搞人搞项目，投行的IPO大年来了？",
            "source_platform": "财联社",
            "source_url": "https://news.qq.com/rain/a/20260111A04SDI00#to-comment",
            "content": "多家券商加大投行招聘与项目布局，行业预测2026年或成IPO大年。",
            "image": "images/rank9_都在搞人_20260112_054343.jpg"
        }
    ],
    "timestamp": "20260112_054343"
}