{
    "news": [
        {
            "rank": 0,
            "title": "【轰动】风波再起！众明星卷入，谁能独善其身？",
            "original_title": "",
            "source_platform": "",
            "source_url": "",
            "content": "",
            "image": ""
        },
        {
            "rank": 1,
            "title": "《好好的时光》刘奕铁张月二搭",
            "original_title": "",
            "source_platform": "腾讯娱乐",
            "source_url": "https://news.qq.com/rain/a/20260225A06VJX00",
            "content": "《好好的时光》刘奕铁张月二搭",
            "image": "images/rank1__好好的时光_20260227_063029.jpg"
        },
        {
            "rank": 2,
            "title": "《夜王》：欢场电影讲述追求公道的故事",
            "original_title": "",
            "source_platform": "腾讯娱乐",
            "source_url": "https://news.qq.com/rain/a/20260225A071MM00",
            "content": "《夜王》：欢场电影讲述追求公道的故事",
            "image": "images/rank2__夜王__欢_20260227_063029.jpg"
        },
        {
            "rank": 3,
            "title": "《飞驰人生3》枪版资源被1元售卖",
            "original_title": "",
            "source_platform": "腾讯娱乐",
            "source_url": "https://news.qq.com/rain/a/20260225A06K7S00",
            "content": "《飞驰人生3》枪版资源被1元售卖",
            "image": "images/rank3__飞驰人生3_20260227_063029.jpg"
        },
        {
            "rank": 4,
            "title": "吴京靠《镖人》口碑翻转",
            "original_title": "",
            "source_platform": "腾讯娱乐",
            "source_url": "https://news.qq.com/rain/a/20260225A06R8800",
            "content": "吴京靠《镖人》口碑翻转",
            "image": "images/rank4_吴京靠_镖人_20260227_063029.jpg"
        },
        {
            "rank": 5,
            "title": "春节消费市场年味浓人气旺活力足",
            "original_title": "",
            "source_platform": "抖音热榜",
            "source_url": "https://www.douyin.com/hot/2412804",
            "content": "春节消费市场年味浓人气旺活力足",
            "image": "images/rank5_春节消费市场_20260227_063029.jpg"
        },
        {
            "rank": 6,
            "title": "长和系清仓英国电网资产",
            "original_title": "",
            "source_platform": "抖音热榜",
            "source_url": "https://www.douyin.com/hot/2411987",
            "content": "长和系清仓英国电网资产",
            "image": "images/rank6_长和系清仓英_20260227_063029.jpg"
        },
        {
            "rank": 7,
            "title": "考研成绩2月28日起陆续公布",
            "original_title": "",
            "source_platform": "抖音热榜",
            "source_url": "https://www.douyin.com/hot/2412138",
            "content": "考研成绩2月28日起陆续公布",
            "image": "images/rank7_考研成绩2月_20260227_063029.jpg"
        },
        {
            "rank": 8,
            "title": "王兴兴回应德国总理参观宇树",
            "original_title": "",
            "source_platform": "抖音热榜",
            "source_url": "https://www.douyin.com/hot/2412338",
            "content": "王兴兴回应德国总理参观宇树",
            "image": "images/rank8_王兴兴回应德_20260227_063029.jpg"
        },
        {
            "rank": 9,
            "title": "终于知道隧道为啥被大山压着了",
            "original_title": "",
            "source_platform": "抖音热榜",
            "source_url": "https://www.douyin.com/hot/2412279",
            "content": "终于知道隧道为啥被大山压着了",
            "image": "images/rank9_终于知道隧道_20260227_063029.jpg"
        }
    ],
    "timestamp": "20260227_063029"
}