{
    "news": [
        {
            "rank": 0,
            "title": "飞饼师傅成专家？",
            "original_title": "",
            "source_platform": "",
            "source_url": "",
            "content": "",
            "image": ""
        },
        {
            "rank": 1,
            "title": "印度飞饼师傅被认定外籍专家",
            "original_title": "",
            "source_platform": "大河报",
            "source_url": "https://news.qq.com/rain/a/20260207A064Q900",
            "content": "湖南邵阳科技局回应，两名印度籍飞饼师傅被认定为外籍专家并获千元补贴，引发社会关注。",
            "image": "images/rank1_印度飞饼师傅_20260208_062214.jpg"
        },
        {
            "rank": 2,
            "title": "山姆会员超市陷退卡风波",
            "original_title": "",
            "source_platform": "红星资本局",
            "source_url": "https://baijiahao.baidu.com/s?id=1856482518987299888",
            "content": "山姆因羽绒服成本、食品安全等问题频发，引发消费者不满，出现退卡潮。",
            "image": "images/rank2_山姆会员超市_20260208_062214.jpg"
        },
        {
            "rank": 3,
            "title": "男子网购椅子收到15公斤银砖",
            "original_title": "",
            "source_platform": "封面新闻",
            "source_url": "https://www.toutiao.com/article/7604019565936312882/",
            "content": "湖北一男子网购椅子，拆开包裹意外发现一块15公斤重的银砖，已报警处理。",
            "image": "images/rank3_男子网购椅子_20260208_062214.jpg"
        },
        {
            "rank": 4,
            "title": "山东夫妻卖身体乳年入19亿",
            "original_title": "",
            "source_platform": "盐财经",
            "source_url": "https://www.toutiao.com/article/7603730513597907497/",
            "content": "国货品牌半亩花田创始人夫妇，凭借平价个护产品年营收达19亿元，已向港交所递交招股书。",
            "image": "images/rank4_山东夫妻卖身_20260208_062214.jpg"
        },
        {
            "rank": 5,
            "title": "汽车供应链拉响警报",
            "original_title": "",
            "source_platform": "中国汽车报",
            "source_url": "https://news.qq.com/rain/a/20260207A05BFB00",
            "content": "2026年开年，多家机构警告DRAM存储芯片供应紧张，汽车行业或面临成本压力与生产中断风险。",
            "image": "images/rank5_汽车供应链拉_20260208_062214.jpg"
        },
        {
            "rank": 6,
            "title": "剑门关对黑龙江游客永久免费",
            "original_title": "",
            "source_platform": "极目新闻",
            "source_url": "https://baijiahao.baidu.com/s?id=1856470886194820539",
            "content": "为铭记汶川地震后黑龙江对口援建之情，四川广元剑门关景区宣布对身份证23开头的黑龙江游客实行终身免票。",
            "image": "images/rank6_剑门关对黑龙_20260208_062214.jpg"
        },
        {
            "rank": 7,
            "title": "“反向过年”成春节新趋势",
            "original_title": "",
            "source_platform": "中国新闻网",
            "source_url": "https://baijiahao.baidu.com/s?id=1856437558436959576",
            "content": "2026年春节，父母赴子女工作城市过年、年轻人选择古镇乡村深度体验等“反向过年”方式兴起，打破传统返乡格局。",
            "image": "images/rank7__反向过年__20260208_062214.jpg"
        },
        {
            "rank": 8,
            "title": "谷爱凌预赛摔倒后逆袭晋级",
            "original_title": "",
            "source_platform": "全景体育",
            "source_url": "https://news.qq.com/rain/a/20260207A06DTS00",
            "content": "米兰冬奥会自由式滑雪女子坡面障碍技巧预赛，谷爱凌首轮失误后第二轮获高分，以第二名成绩晋级决赛。",
            "image": "images/rank8_谷爱凌预赛摔_20260208_062214.jpg"
        },
        {
            "rank": 9,
            "title": "公募基金单日暴跌31.5%",
            "original_title": "",
            "source_platform": "凤凰网财经",
            "source_url": "https://news.qq.com/rain/a/20260207A061IN00",
            "content": "国投瑞银白银期货LOF复牌后连续跌停，单日场内价格暴跌31.5%，引发投资者集体投诉。",
            "image": "images/rank9_公募基金单日_20260208_062214.jpg"
        }
    ],
    "timestamp": "20260208_062214"
}