{
    "news": [
        {
            "rank": 0,
            "title": "娱乐资讯精选 | 01月14日热点",
            "content": "今日娱乐资讯精选：闫学晶哭穷风波后首现身、从薇娅到彭十六，头部主播“死”在税上、周杰伦澳网连球都没碰到就被淘汰等热点话题"
        },
        {
            "rank": 1,
            "title": "闫学晶哭穷风波后首现身",
            "source_platform": "腾讯娱乐",
            "source_url": "https://news.qq.com/rain/a/20260114V05KA400",
            "content": "闫学晶哭穷风波后首现身",
            "image": "images/rank1_闫学晶哭_20260114_204314.jpg"
        },
        {
            "rank": 2,
            "title": "从薇娅到彭十六，头部主播“死”在税上",
            "source_platform": "腾讯娱乐",
            "source_url": "https://news.qq.com/rain/a/20260114A05DPP00",
            "content": "从薇娅到彭十六，头部主播“死”在税上",
            "image": "images/rank2_从薇娅到_20260114_204314.jpg"
        },
        {
            "rank": 3,
            "title": "周杰伦澳网连球都没碰到就被淘汰",
            "source_platform": "腾讯娱乐",
            "source_url": "https://news.qq.com/rain/a/20260114V05D2F00",
            "content": "周杰伦澳网连球都没碰到就被淘汰",
            "image": "images/rank3_周杰伦澳_20260114_204314.jpg"
        },
        {
            "rank": 4,
            "title": "U23国足vs泰国",
            "source_platform": "抖音",
            "source_url": "https://www.douyin.com/hot/2367730",
            "content": "U23国足vs泰国",
            "image": "images/rank4_U23国_20260114_204314_resized.jpg"
        },
        {
            "rank": 5,
            "title": "我国去年外贸进出口规模再创新高",
            "source_platform": "抖音",
            "source_url": "https://www.douyin.com/hot/2367552",
            "content": "我国去年外贸进出口规模再创新高",
            "image": "images/rank5_我国去年_20260114_204314_resized.jpg"
        },
        {
            "rank": 6,
            "title": "我的国考出分时刻",
            "source_platform": "抖音",
            "source_url": "https://www.douyin.com/hot/2366898",
            "content": "我的国考出分时刻",
            "image": "images/rank6_我的国考_20260114_204314_resized.jpg"
        },
        {
            "rank": 7,
            "title": "《原神》角色预告-「哥伦比娅：飞往何方」",
            "source_platform": "哔哩哔哩",
            "source_url": "https://www.bilibili.com/video/BV16erhBREXR",
            "content": "《原神》角色预告-「哥伦比娅：飞往何方」",
            "image": "images/rank7_《原神》_20260114_204314_resized.jpg"
        },
        {
            "rank": 8,
            "title": "重拍了99次的镜头",
            "source_platform": "哔哩哔哩",
            "source_url": "https://www.bilibili.com/video/BV1VW6dB1EtZ",
            "content": "重拍了99次的镜头",
            "image": "images/rank8_重拍了9_20260114_204314_resized.jpg"
        },
        {
            "rank": 9,
            "title": "全世界都烂了，但爱还没生锈—《不锈的我》",
            "source_platform": "哔哩哔哩",
            "source_url": "https://www.bilibili.com/video/BV1awrLBaEmb",
            "content": "全世界都烂了，但爱还没生锈—《不锈的我》",
            "image": "images/rank9_全世界都_20260114_204314_resized.jpg"
        }
    ],
    "timestamp": "20260114_204314"
}