{
    "news": [
        {
            "rank": 0,
            "title": "欧洲慌了！特朗普新秩序已定",
            "original_title": "",
            "source_platform": "",
            "source_url": "",
            "content": "",
            "image": ""
        },
        {
            "rank": 1,
            "title": "特朗普计划访问委内瑞拉，但石油计划障碍重重",
            "original_title": "Trump eyes Venezuela visit – but obstacles to his oil plan remain",
            "source_platform": "BBC News",
            "source_url": "https://www.bbc.com/news/articles/c4gjx1j1nkjo",
            "content": "美国总统特朗普计划访问委内瑞拉，意图开发其世界最大石油储备，但该国能源基础设施破败，投资风险巨大。",
            "image": "images/rank1_特朗普计划访_20260216_185705.jpg"
        },
        {
            "rank": 2,
            "title": "新证据显示英国警方曾构陷男子谋杀罪",
            "original_title": "Police framed man for murder, new evidence suggests",
            "source_platform": "BBC News",
            "source_url": "https://www.bbc.com/news/articles/cvg36pknpl5o",
            "content": "BBC调查发现，一名因谋杀罪入狱23年的男子可能被警方构陷，关键证人证词与监控录像矛盾，多名证人称遭警方胁迫作伪证。",
            "image": "images/rank2_新证据显示英_20260216_185705.jpg"
        },
        {
            "rank": 3,
            "title": "以色列女兵遭极端正统派男子追赶，警方介入解救",
            "original_title": "Female Israeli soldiers rescued after being chased by ultra-Orthodox men",
            "source_platform": "BBC News",
            "source_url": "https://www.bbc.com/news/articles/clyzen2lgw9o",
            "content": "两名以色列女兵被误认为递送征兵令，遭极端正统派犹太男子群体追赶，警方使用震爆弹驱散人群并逮捕23人。",
            "image": "images/rank3_以色列女兵遭_20260216_185705.jpg"
        },
        {
            "rank": 4,
            "title": "悉尼八旬老人被误绑架，警方紧急寻人",
            "original_title": "Sydney police plead for return of man, 85, kidnapped by mistake",
            "source_platform": "BBC News",
            "source_url": "https://www.bbc.com/news/articles/c0ljzye1zgno",
            "content": "悉尼一名85岁独居老人被至少三名袭击者从家中绑走，警方认为这是一起误绑案，呼吁绑匪放人。",
            "image": "images/rank4_悉尼八旬老人_20260216_185705.jpg"
        },
        {
            "rank": 5,
            "title": "《美食、祈祷、恋爱》出版20周年，如何征服全球读者",
            "original_title": "Eat, Pray, Love – go! How Elizabeth Gilbert and her readers conquered the world",
            "source_platform": "CNN",
            "source_url": "https://edition.cnn.com/2026/02/16/travel/eat-pray-love-remember-20th-anniversary",
            "content": "伊丽莎白·吉尔伯特的回忆录《美食、祈祷、恋爱》出版20周年，该书从个人游记演变为全球现象，激励无数读者踏上自我发现之旅。",
            "image": "images/rank5__美食_祈祷_20260216_185705.jpg"
        },
        {
            "rank": 6,
            "title": "为何滑雪永远是“最时髦”的运动",
            "original_title": "Why skiing will forever be the most glamorous sport",
            "source_platform": "CNN",
            "source_url": "https://edition.cnn.com/2026/02/15/style/the-timeless-allure-of-apres-ski-culture",
            "content": "滑雪运动一个多世纪以来不仅是交通或体育，更是一种时髦的生活方式，其魅力在于下山的快感与滑雪后的社交乐趣。",
            "image": "images/rank6_为何滑雪永远_20260216_185705.jpg"
        },
        {
            "rank": 7,
            "title": "泰勒·雷迪克为乔丹旗下车队赢得戴通纳500大赛",
            "original_title": "Tyler Reddick wins the Daytona 500 for Michael Jordan-owned 23XI Racing",
            "source_platform": "CNN",
            "source_url": "https://edition.cnn.com/2026/02/15/sport/tyler-reddick-michael-jordan-daytona-500",
            "content": "车手泰勒·雷迪克在最后时刻超越对手，为迈克尔·乔丹与丹尼·哈姆林共同拥有的23XI Racing车队赢得戴通纳500大赛冠军。",
            "image": "images/rank7_泰勒_雷迪克_20260216_185705.jpg"
        },
        {
            "rank": 8,
            "title": "加拿大枪支回购计划遇阻，控枪虽受欢迎但执行困难",
            "original_title": "Gun control is popular in Canada. So why is a major buyback program attracting criticism?",
            "source_platform": "CNN",
            "source_url": "https://edition.cnn.com/2026/02/14/americas/canada-shooting-gun-buyback-criticism-latam-intl",
            "content": "加拿大开始实施针对攻击性武器的全国性回购计划，但该计划因实际和后勤问题面临延误，并遭到警方、省级官员和枪主反对。",
            "image": "images/rank8_加拿大枪支回_20260216_185705.jpg"
        },
        {
            "rank": 9,
            "title": "奥运奖牌归宿令人意外：许多冠军将其藏在袜子里",
            "original_title": "You’d Be Surprised to See Where Many Olympians Keep Their Medals",
            "source_platform": "New York Times",
            "source_url": "https://www.nytimes.com/2026/02/15/world/europe/olympic-medals-sock-drawers.html",
            "content": "许多奥运冠军并未将来之不易的奖牌展示于众，而是选择将其存放在袜子抽屉等不起眼的地方，认为放在保险箱里“很荒谬”。",
            "image": "images/rank9_奥运奖牌归宿_20260216_185705.jpg"
        }
    ],
    "timestamp": "20260216_185705"
}