{
    "news": [
        {
            "rank": 0,
            "title": "风暴、枪击、金价破顶",
            "original_title": "",
            "source_platform": "",
            "source_url": "",
            "content": "",
            "image": ""
        },
        {
            "rank": 1,
            "title": "美国冬季风暴致7死80万户断电",
            "original_title": "At least seven dead and 800,000 without power as major winter storm hits US",
            "source_platform": "BBC News",
            "source_url": "https://www.bbc.com/news/articles/c1klrmz90yjo",
            "content": "一场危险的冬季风暴席卷美国，已造成至少7人死亡，数十万家庭断电，超过1.1万架次航班被取消。",
            "image": "images/rank1_美国冬季风暴_20260126_142635.jpg"
        },
        {
            "rank": 2,
            "title": "金价首次突破每盎司5000美元",
            "original_title": "Gold tops $5,000 for first time ever, adding to historic rally",
            "source_platform": "BBC News",
            "source_url": "https://www.bbc.com/news/articles/cvgd8kj2y2po",
            "content": "黄金价格首次突破每盎司5000美元大关，延续了历史性涨势。地缘政治不确定性及市场担忧推高了避险资产需求。",
            "image": "images/rank2_金价首次突破_20260126_142635.jpg"
        },
        {
            "rank": 3,
            "title": "登山者获救后拖欠酒店账单引争议",
            "original_title": "'Rescued men still owe hotel bill three weeks later'",
            "source_platform": "BBC News",
            "source_url": "https://www.bbc.com/news/articles/c9vx0jrnmejo",
            "content": "英国湖区两名登山者获救后，承诺支付收留他们的酒店折扣房费，但三周后仍未付款且失联，救援队呼吁其结清债务。",
            "image": "images/rank3_登山者获救后_20260126_142635.jpg"
        },
        {
            "rank": 4,
            "title": "俄罗斯被指滥用国际刑警组织通缉令",
            "original_title": "Russia using Interpol's wanted list to target critics abroad, leak reveals",
            "source_platform": "BBC News",
            "source_url": "https://www.bbc.com/news/articles/c20gg729y1yo",
            "content": "泄露文件显示，俄罗斯涉嫌滥用国际刑警组织红色通缉令系统，针对海外的政治对手、商人和记者，引发对该系统被滥用的担忧。",
            "image": "images/rank4_俄罗斯被指滥_20260126_142635.jpg"
        },
        {
            "rank": 5,
            "title": "徒手攀岩家霍诺德无保护登顶台北101",
            "original_title": "Climber Alex Honnold scales 101-floor skyscraper without safety gear",
            "source_platform": "BBC News",
            "source_url": "https://www.bbc.com/news/articles/c4gl0njzxjdo",
            "content": "美国著名徒手攀岩家亚历克斯·霍诺德在无绳索、无安全装备的情况下，成功登顶508米高的台北101摩天大楼。",
            "image": "images/rank5_徒手攀岩家霍_20260126_142635.jpg"
        },
        {
            "rank": 6,
            "title": "菲律宾渡轮沉没致至少15人死亡",
            "original_title": "At Least 15 Dead After Ferry Carrying 350 Sinks in the Philippines",
            "source_platform": "New York Times",
            "source_url": "https://www.nytimes.com/2026/01/25/world/asia/philippines-ferry-sinks-basilan.html",
            "content": "菲律宾南部一艘载有超过350人的渡轮沉没，造成至少15人死亡，目前尚不清楚具体失踪人数。",
            "image": "images/rank6_菲律宾渡轮沉_20260126_142635.jpg"
        },
        {
            "rank": 7,
            "title": "威廉·福奇博士逝世，曾领导消灭天花",
            "original_title": "William H. Foege, Key Figure in the Eradication of Smallpox, Dies at 89",
            "source_platform": "New York Times",
            "source_url": "https://www.nytimes.com/2026/01/24/us/william-h-foege-dead.html",
            "content": "美国著名流行病学家威廉·H·福奇博士逝世，享年89岁。他制定的疫苗接种策略为全球消灭天花做出了关键贡献。",
            "image": "images/rank7_威廉_福奇博_20260126_142635.jpg"
        },
        {
            "rank": 8,
            "title": "多伦多遭遇近纪录暴风雪袭击",
            "original_title": "Winter Storm Pummels Toronto With Near-Record Snowfall",
            "source_platform": "New York Times",
            "source_url": "https://www.nytimes.com/2026/01/25/world/americas/toronto-snow-winter-storm.html",
            "content": "加拿大最大城市多伦多遭遇强冬季风暴袭击，单日降雪量接近历史纪录，导致交通严重受阻。",
            "image": "images/rank8_多伦多遭遇近_20260126_142635.jpg"
        },
        {
            "rank": 9,
            "title": "美国与塔利班就释放囚犯进行秘密谈判",
            "original_title": "The Taliban Say They’re Ready to Release U.S. Prisoners. But Which Ones?",
            "source_platform": "New York Times",
            "source_url": "https://www.nytimes.com/2026/01/26/world/asia/taliban-afghanistan-prisoners.html",
            "content": "美国与阿富汗塔利班政权就释放被扣押的美国公民进行秘密谈判，但谈判因剩余囚犯的身份问题而陷入僵局。",
            "image": "images/rank9_美国与塔利班_20260126_142635.jpg"
        }
    ],
    "timestamp": "20260126_142635"
}