{
    "news": [
        {
            "rank": 0,
            "title": "科技民生新动态，社会热点抢先看",
            "content": "",
            "image": ""
        },
        {
            "rank": 1,
            "title": "中国新增超20万颗卫星申请",
            "source_platform": "每日经济新闻",
            "source_url": "https://www.toutiao.com/article/7593645658058293812/",
            "content": "我国向国际电信联盟申请超20万颗卫星频轨资源，卫星频轨资源申请上升至国家战略层面。",
            "image": "images/rank1_中国新增_20260110_162006.jpg"
        },
        {
            "rank": 2,
            "title": "去中国旅游成新潮流",
            "source_platform": "人民网",
            "source_url": "https://baijiahao.baidu.com/s?id=1853799075568343180",
            "content": "新年多地迎来首批入境游客，中国入境游正从数量回升迈向质量飞跃，发展潜力巨大。",
            "image": "images/rank2_去中国旅_20260110_162006.jpg"
        },
        {
            "rank": 3,
            "title": "香港女子持假支票存160亿欧元被捕",
            "source_platform": "粤TV",
            "source_url": "https://www.baidu.com/s?wd=%E5%9C%A8%E9%A6%99%E6%B8%AF%E6%8B%BF%E5%81%87%E6%94%AF%E7%A5%A8%E5%AD%98160%E4%BA%BF%E6%AC%A7%E5%85%83+1%E4%BA%BA%E8%A2%AB%E6%8D%95&sa=fyb_news&rsv_dl=fyb_news",
            "content": "香港警方接获报案，一名女子出示伪造160亿欧元支票要求存款，已被拘捕。",
            "image": "images/rank3_香港女子_20260110_162006.jpg"
        },
        {
            "rank": 4,
            "title": "男生被老师强制剪头发引关注",
            "source_platform": "大风新闻",
            "source_url": "https://baijiahao.baidu.com/s?id=1853912822485285220",
            "content": "重庆一中学男生被老师按在地上强制剪头发，视频流传引发关注，当地教委介入调查。",
            "image": "images/rank4_男生被老_20260110_162006.jpg"
        },
        {
            "rank": 5,
            "title": "中产涌入超市抢300元羽绒服",
            "source_platform": "海报新闻",
            "source_url": "https://baijiahao.baidu.com/s?id=1853827449704085688",
            "content": "山姆、胖东来等超市三四百元羽绒服热销，部分款式售罄断货，代购加价仍有人抢购。",
            "image": "images/rank5_中产涌入_20260110_162006.jpg"
        },
        {
            "rank": 6,
            "title": "公司年会直播唱流行歌被判侵权",
            "source_platform": "5号视频",
            "source_url": "https://mbd.baidu.com/newspage/data/videolanding?nid=sv_10840671420714018192",
            "content": "合肥某企业年会未经授权演唱歌曲并直播，累计观看超400万人次，法院判赔4万元。",
            "image": "images/rank6_公司年会_20260110_162006.jpg"
        },
        {
            "rank": 7,
            "title": "成都地铁一人一座座椅引关注",
            "source_platform": "经视直播",
            "source_url": "https://mbd.baidu.com/newspage/data/videolanding?nid=sv_3490460501566899848&sourceFrom=share",
            "content": "成都地铁推出带扶手一人一座座椅，设计出于人性化考虑，网友建议全国推广。",
            "image": "images/rank7_成都地铁_20260110_162006.jpg"
        },
        {
            "rank": 8,
            "title": "比亚迪唐9系汉9系旗舰车型官宣",
            "source_platform": "IT之家",
            "source_url": "https://www.toutiao.com/article/7593702588114125353/",
            "content": "比亚迪唐9系、汉9系车型正式官宣，现面向公众征名，预计今年上半年上市。",
            "image": "images/rank8_比亚迪唐_20260110_162006.jpg"
        },
        {
            "rank": 9,
            "title": "网信办拟制定App个人信息新规",
            "source_platform": "红星新闻",
            "source_url": "https://news.qq.com/rain/a/20260110A059ZR00#to-comment",
            "content": "网信办拟规定App不得在无关场景调用相机等权限，应提供便捷注销账号功能。",
            "image": "images/rank9_网信办拟_20260110_162006.jpg"
        }
    ],
    "timestamp": "20260110_162006"
}