{
    "news": [
        {
            "rank": 0,
            "title": "【轰动】风波再起！众明星卷入，谁能独善其身？",
            "original_title": "",
            "source_platform": "",
            "source_url": "",
            "content": "",
            "image": ""
        },
        {
            "rank": 1,
            "title": "2026天津相声春晚节目单正式出炉",
            "original_title": "",
            "source_platform": "腾讯娱乐",
            "source_url": "https://news.qq.com/rain/a/20260216V046F800",
            "content": "2026天津相声春晚节目单正式出炉",
            "image": "images/rank1_2026天津_20260217_185525.jpg"
        },
        {
            "rank": 2,
            "title": "沈腾回应春晚说错词：我自责啊，纯错",
            "original_title": "",
            "source_platform": "腾讯娱乐",
            "source_url": "https://news.qq.com/rain/a/20260217A03QG400",
            "content": "沈腾回应春晚说错词：我自责啊，纯错",
            "image": "images/rank2_沈腾回应春晚_20260217_185525.jpg"
        },
        {
            "rank": 3,
            "title": "魏晨称《许我再少年》夯爆了",
            "original_title": "",
            "source_platform": "腾讯娱乐",
            "source_url": "https://news.qq.com/rain/a/20260216V06KRS00",
            "content": "魏晨称《许我再少年》夯爆了",
            "image": "images/rank3_魏晨称_许我_20260217_185525.jpg"
        },
        {
            "rank": 4,
            "title": "马年春晚口碑出炉：收视率破39%",
            "original_title": "",
            "source_platform": "腾讯娱乐",
            "source_url": "https://news.qq.com/rain/a/20260217A01W1D00",
            "content": "马年春晚口碑出炉：收视率破39%",
            "image": "images/rank4_马年春晚口碑_20260217_185525.jpg"
        },
        {
            "rank": 5,
            "title": "ONER山东春晚版神笔马良解冻",
            "original_title": "",
            "source_platform": "腾讯娱乐",
            "source_url": "https://news.qq.com/rain/a/20260215V064VK00",
            "content": "ONER山东春晚版神笔马良解冻",
            "image": "images/rank5_ONER山东_20260217_185525.jpg"
        },
        {
            "rank": 6,
            "title": "鹿晗邓超“最强伐木累”祝大家马年大吉",
            "original_title": "",
            "source_platform": "腾讯娱乐",
            "source_url": "https://news.qq.com/rain/a/20260212V02W6P00",
            "content": "鹿晗邓超“最强伐木累”祝大家马年大吉",
            "image": "images/rank6_鹿晗邓超_最_20260217_185525.jpg"
        },
        {
            "rank": 7,
            "title": "识典古籍溯源春晚十二花神",
            "original_title": "",
            "source_platform": "抖音热榜",
            "source_url": "https://www.douyin.com/hot/2403452",
            "content": "识典古籍溯源春晚十二花神",
            "image": "images/rank7_识典古籍溯源_20260217_185525.jpg"
        },
        {
            "rank": 8,
            "title": "一条视频看懂春晚主题骐骥驰骋",
            "original_title": "",
            "source_platform": "抖音热榜",
            "source_url": "https://www.douyin.com/hot/2403432",
            "content": "一条视频看懂春晚主题骐骥驰骋",
            "image": "images/rank8_一条视频看懂_20260217_185525.jpg"
        },
        {
            "rank": 9,
            "title": "人民子弟兵向全国人民拜年",
            "original_title": "",
            "source_platform": "抖音热榜",
            "source_url": "https://www.douyin.com/hot/2404080",
            "content": "人民子弟兵向全国人民拜年",
            "image": "images/rank9_人民子弟兵向_20260217_185525.jpg"
        }
    ],
    "timestamp": "20260217_185525"
}