{
    "news": [
        {
            "rank": 0,
            "title": "特朗普关税大棒再挥！格陵兰争夺战引爆北约内讧？",
            "original_title": "",
            "source_platform": "",
            "source_url": "",
            "content": "",
            "image": ""
        },
        {
            "rank": 1,
            "title": "特朗普威胁对反对美国吞并格陵兰的国家加征关税",
            "original_title": "Trump threatens new tariffs on countries opposed to Greenland takeover",
            "source_platform": "BBC News",
            "source_url": "https://www.bbc.com/news/articles/c9qpy952xvno",
            "content": "美国总统特朗普威胁，若各国不支持美国吞并格陵兰的计划，将对其加征关税，此举引发国际社会广泛反对。",
            "image": "images/rank1_特朗普威胁对_20260117_061935.jpg"
        },
        {
            "rank": 2,
            "title": "加拿大与中国达成关税减免协议，被指疏远美国",
            "original_title": "Canada's deal with China signals it is serious about shift from US",
            "source_platform": "BBC News",
            "source_url": "https://www.bbc.com/news/articles/cm24k6kk1rko",
            "content": "加拿大宣布降低对中国电动汽车关税，换取中国对加农产品减税，此举被视为加方在美加贸易关系不确定下的战略调整。",
            "image": "images/rank2_加拿大与中国_20260117_061935.jpg"
        },
        {
            "rank": 3,
            "title": "瑞士酒吧火灾遇难员工家属称其未获安全培训",
            "original_title": "Swiss bar employee who reportedly held sparkler unaware of dangers, family says",
            "source_platform": "BBC News",
            "source_url": "https://www.bbc.com/news/articles/ckgvjnxpp9zo",
            "content": "瑞士酒吧致命火灾中手持烟花的员工家属称，死者未接受安全培训，不知天花板易燃。酒吧所有者被控过失杀人等罪名。",
            "image": "images/rank3_瑞士酒吧火灾_20260117_061935.jpg"
        },
        {
            "rank": 4,
            "title": "伊朗流亡王储呼吁国际社会助抗议者推翻现政府",
            "original_title": "Exiled crown prince urges world to help protesters topple Iran's government",
            "source_platform": "BBC News",
            "source_url": "https://www.bbc.com/news/articles/c70lx085z85o",
            "content": "伊朗末代国王之子、流亡反对派领袖呼吁世界帮助伊朗抗议者推翻现政权，并称伊斯兰共和国“必将垮台”。",
            "image": "images/rank4_伊朗流亡王储_20260117_061935.jpg"
        },
        {
            "rank": 5,
            "title": "南极冰盖下地貌首次以空前细节揭示",
            "original_title": "Landscape beneath Antarctica's icy surface revealed in unprecedented detail",
            "source_platform": "BBC News",
            "source_url": "https://www.bbc.com/news/articles/c9qpx2qqeq7o",
            "content": "科学家利用卫星数据绘制出南极冰盖下地貌的迄今最详细地图，发现数千个新山丘与沟壑，有助预测冰盖对气候变化的反应。",
            "image": "images/rank5_南极冰盖下地_20260117_061935.jpg"
        },
        {
            "rank": 6,
            "title": "乌干达大选计票期间爆发暴力冲突致多人死亡",
            "original_title": "Uganda election descends into deadly violence as President Yoweri Museveni looks to cling to power",
            "source_platform": "Sky News",
            "source_url": "https://news.sky.com/story/uganda-election-descends-into-deadly-violence-as-president-yoweri-museveni-looks-to-cling-to-power-13495081",
            "content": "乌干达总统选举计票期间爆发致命暴力冲突，至少七人死亡，反对派领袖据称被军方直升机带走，穆塞韦尼总统谋求连任。",
            "image": "images/rank6_乌干达大选计_20260117_061935.jpg"
        },
        {
            "rank": 7,
            "title": "欧洲天然气价格一个月内飙升超40%",
            "original_title": "Gas prices soar 40% amid 'perfect storm' of pressures",
            "source_platform": "Sky News",
            "source_url": "https://news.sky.com/story/gas-prices-soar-by-40-amid-perfect-storm-of-pressures-13495025",
            "content": "受寒冷天气、库存低位及美国液化天然气供应放缓等多重因素影响，欧洲天然气批发价格本月飙升超40%，创六个月新高。",
            "image": "images/rank7_欧洲天然气价_20260117_061935.jpg"
        },
        {
            "rank": 8,
            "title": "ChatGPT将开始根据用户对话内容展示广告",
            "original_title": "ChatGPT to start showing users ads based on their conversations",
            "source_platform": "CNN",
            "source_url": "https://edition.cnn.com/2026/01/16/tech/chatgpt-ads-openai",
            "content": "OpenAI宣布其聊天机器人ChatGPT将开始根据用户的对话内容来展示相关广告，标志着其商业化进程迈出新一步。",
            "image": "images/rank8_ChatGP_20260117_061935.jpg"
        },
        {
            "rank": 9,
            "title": "海地无人机行动空袭黑帮头目“烧烤”住所",
            "original_title": "Haiti drone operation strikes home of gang leader ‘Barbecue’",
            "source_platform": "CNN",
            "source_url": "https://edition.cnn.com/2026/01/15/americas/haiti-drone-operation-strikes-home-of-gang-leader-barbecue",
            "content": "海地安全部队发动无人机行动，空袭了该国势力强大的黑帮头目“烧烤”的住所，旨在打击持续恶化的帮派暴力。",
            "image": "images/rank9_海地无人机行_20260117_061935.jpg"
        }
    ],
    "timestamp": "20260117_061935"
}