{
    "news": [
        {
            "rank": 0,
            "title": "【轰动】风波再起！众明星卷入，谁能独善其身？",
            "original_title": "",
            "source_platform": "",
            "source_url": "",
            "content": "",
            "image": ""
        },
        {
            "rank": 1,
            "title": "李湘多平台账号被禁止关注",
            "original_title": "",
            "source_platform": "腾讯娱乐",
            "source_url": "https://news.qq.com/rain/a/20260116A0307300",
            "content": "李湘多平台账号被禁止关注",
            "image": "images/rank1_李湘多平台账_20260118_024810.jpg"
        },
        {
            "rank": 2,
            "title": "众星亮相央视春晚彩排",
            "original_title": "",
            "source_platform": "腾讯娱乐",
            "source_url": "https://news.qq.com/rain/a/20260116V07AK900",
            "content": "众星亮相央视春晚彩排",
            "image": "images/rank2_众星亮相央视_20260118_024810.jpg"
        },
        {
            "rank": 3,
            "title": "被欠薪4个月！42岁短剧演员送外卖",
            "original_title": "",
            "source_platform": "腾讯娱乐",
            "source_url": "https://news.qq.com/rain/a/20260116A05XY200",
            "content": "被欠薪4个月！42岁短剧演员送外卖",
            "image": "images/rank3_被欠薪4个月_20260118_024810.jpg"
        },
        {
            "rank": 4,
            "title": "彭于晏说台湾东北话",
            "original_title": "",
            "source_platform": "腾讯娱乐",
            "source_url": "https://news.qq.com/rain/a/20260116V06UPS00",
            "content": "彭于晏说台湾东北话",
            "image": "images/rank4_彭于晏说台湾_20260118_024810.jpg"
        },
        {
            "rank": 5,
            "title": "汪苏泷王赫野《kiss me》炸场",
            "original_title": "",
            "source_platform": "腾讯娱乐",
            "source_url": "https://news.qq.com/rain/a/20260116V07EDQ00",
            "content": "汪苏泷王赫野《kiss me》炸场",
            "image": "images/rank5_汪苏泷王赫野_20260118_024810.jpg"
        },
        {
            "rank": 6,
            "title": "娄艺潇回应出演3秒短剧",
            "original_title": "",
            "source_platform": "腾讯娱乐",
            "source_url": "https://news.qq.com/rain/a/20260116A0184X00",
            "content": "娄艺潇回应出演3秒短剧",
            "image": "images/rank6_娄艺潇回应出_20260118_024810.jpg"
        },
        {
            "rank": 7,
            "title": "蔡依林演唱会“巨蟒”设计获央视盛赞",
            "original_title": "",
            "source_platform": "腾讯娱乐",
            "source_url": "https://news.qq.com/rain/a/20260117V02C9I00",
            "content": "蔡依林演唱会“巨蟒”设计获央视盛赞",
            "image": "images/rank7_蔡依林演唱会_20260118_024810.jpg"
        },
        {
            "rank": 8,
            "title": "吴佩慈准婆婆崔丽杰被逮捕",
            "original_title": "",
            "source_platform": "腾讯娱乐",
            "source_url": "https://news.qq.com/rain/a/20260117A01BMI00",
            "content": "吴佩慈准婆婆崔丽杰被逮捕",
            "image": "images/rank8_吴佩慈准婆婆_20260118_024810.jpg"
        },
        {
            "rank": 9,
            "title": "U23国足晋级亚洲杯四强创历史",
            "original_title": "",
            "source_platform": "抖音热榜",
            "source_url": "https://www.douyin.com/hot/2370533",
            "content": "U23国足晋级亚洲杯四强创历史",
            "image": "images/rank9_U23国足晋_20260118_024810.jpg"
        }
    ],
    "timestamp": "20260118_024810"
}