{
    "news": [
        {
            "rank": 0,
            "title": "【翻车】人设崩塌？争议不断的明星们经历了什么",
            "original_title": "",
            "source_platform": "",
            "source_url": "",
            "content": "",
            "image": ""
        },
        {
            "rank": 1,
            "title": "《镖人》的好和爽，看过才知道！",
            "original_title": "",
            "source_platform": "腾讯娱乐",
            "source_url": "https://news.qq.com/rain/a/20260219V05YQR00",
            "content": "《镖人》的好和爽，看过才知道！",
            "image": "images/rank1__镖人_的好_20260220_062829.jpg"
        },
        {
            "rank": 2,
            "title": "宋小宝小品“翻车”，观众笑拍大腿",
            "original_title": "",
            "source_platform": "腾讯娱乐",
            "source_url": "https://news.qq.com/rain/a/20260218A01JXW00",
            "content": "宋小宝小品“翻车”，观众笑拍大腿",
            "image": "images/rank2_宋小宝小品__20260220_062829.jpg"
        },
        {
            "rank": 3,
            "title": "盘点近40年春晚最火歌曲",
            "original_title": "",
            "source_platform": "腾讯娱乐",
            "source_url": "https://news.qq.com/rain/a/20260218V05AY900",
            "content": "盘点近40年春晚最火歌曲",
            "image": "images/rank3_盘点近40年_20260220_062829.jpg"
        },
        {
            "rank": 4,
            "title": "陈丽君惠英红章子怡：顶级刀马旦",
            "original_title": "",
            "source_platform": "腾讯娱乐",
            "source_url": "https://news.qq.com/rain/a/20260217V027R700",
            "content": "陈丽君惠英红章子怡：顶级刀马旦",
            "image": "images/rank4_陈丽君惠英红_20260220_062829.jpg"
        },
        {
            "rank": 5,
            "title": "英国国王回应安德鲁被捕",
            "original_title": "",
            "source_platform": "抖音热榜",
            "source_url": "https://www.douyin.com/hot/2406267",
            "content": "英国国王回应安德鲁被捕",
            "image": "images/rank5_英国国王回应_20260220_062829.jpg"
        },
        {
            "rank": 6,
            "title": "我国在光通信及6G领域取得新进展",
            "original_title": "",
            "source_platform": "抖音热榜",
            "source_url": "https://www.douyin.com/hot/2406278",
            "content": "我国在光通信及6G领域取得新进展",
            "image": "images/rank6_我国在光通信_20260220_062829.jpg"
        },
        {
            "rank": 7,
            "title": "尹锡悦因内乱头目罪被判无期",
            "original_title": "",
            "source_platform": "抖音热榜",
            "source_url": "https://www.douyin.com/hot/2405450",
            "content": "尹锡悦因内乱头目罪被判无期",
            "image": "images/rank7_尹锡悦因内乱_20260220_062829.jpg"
        },
        {
            "rank": 8,
            "title": "脱缰凯带剧情大咖集体拜年",
            "original_title": "",
            "source_platform": "抖音热榜",
            "source_url": "https://www.douyin.com/hot/2406243",
            "content": "脱缰凯带剧情大咖集体拜年",
            "image": "images/rank8_脱缰凯带剧情_20260220_062829.jpg"
        },
        {
            "rank": 9,
            "title": "这才是动物园该有的样子",
            "original_title": "",
            "source_platform": "抖音热榜",
            "source_url": "https://www.douyin.com/hot/2405490",
            "content": "这才是动物园该有的样子",
            "image": "images/rank9_这才是动物园_20260220_062829.jpg"
        }
    ],
    "timestamp": "20260220_062829"
}