{
    "news": [
        {
            "rank": 0,
            "title": "地缘博弈、科技伦理与民生冷暖交织的全球图景",
            "content": ""
        },
        {
            "rank": 1,
            "title": "特朗普警告伊朗若处决抗议者将遭美强烈回应",
            "source_platform": "BBC News",
            "source_url": "https://www.bbc.com/news/articles/cqj2qgw8w08o",
            "content": "美国总统特朗普警告，若伊朗处决反政府抗议者，美国将采取“非常强烈的行动”。人权组织称已有超2400名示威者在镇压中丧生。",
            "image": "images/rank1_特朗普警_20260114_204314.jpg"
        },
        {
            "rank": 2,
            "title": "格陵兰峰会或将决定北极未来格局",
            "source_platform": "BBC News",
            "source_url": "https://www.bbc.com/news/articles/cpqyn58v0dxo",
            "content": "美国副总统主持美、丹、格陵兰外长会议，聚焦格陵兰未来。特朗普此前曾表达对获取该领土的兴趣，称其为国家安全所需。",
            "image": "images/rank2_格陵兰峰_20260114_204314.jpg"
        },
        {
            "rank": 3,
            "title": "泰国起重机倒塌致列车脱轨，至少32人遇难",
            "source_platform": "BBC News",
            "source_url": "https://www.bbc.com/news/articles/ceqz7v1507ro",
            "content": "泰国东北部一建筑起重机倒塌砸中行驶中的列车，导致至少32人死亡、66人受伤。涉事建筑公司表示将提供赔偿。",
            "image": "images/rank3_泰国起重_20260114_204314.jpg"
        },
        {
            "rank": 4,
            "title": "美扣押油轮现身苏格兰海域进行补给",
            "source_platform": "BBC News",
            "source_url": "https://www.bbc.com/news/articles/cr57v650380o",
            "content": "美国在北大西洋扣押的一艘涉嫌违反制裁的油轮，被带至苏格兰莫里湾进行食品和淡水补给。英国政府称未直接参与此事。",
            "image": "images/rank4_美扣押油_20260114_204314.jpg"
        },
        {
            "rank": 5,
            "title": "比尔·克林顿缺席爱泼斯坦案听证会，共和党人威胁启动藐视国会程序",
            "source_platform": "BBC News",
            "source_url": "https://www.bbc.com/news/articles/cj6w17ykd89o",
            "content": "因前总统比尔·克林顿未出席爱泼斯坦案调查听证会，共和党议员誓言下周启动藐视国会程序，并可能对希拉里采取同样行动。",
            "image": "images/rank5_比尔_克_20260114_204314.jpg"
        },
        {
            "rank": 6,
            "title": "俄罗斯被指利用“一次性特工”对欧洲发动混合战争",
            "source_platform": "Sky News",
            "source_url": "https://news.sky.com/story/how-russia-is-using-disposable-agents-to-sabotage-europe-13494007",
            "content": "研究显示，俄罗斯情报机构正通过通讯软件招募乌克兰人等，在欧洲实施纵火、破坏等“零工经济式”的破坏活动，以削弱北约。",
            "image": "images/rank6_俄罗斯被_20260114_204314.jpg"
        },
        {
            "rank": 7,
            "title": "微软公布计划应对AI数据中心推高电费问题",
            "source_platform": "CNN",
            "source_url": "https://edition.cnn.com/2026/01/13/tech/microsoft-ai-data-centers-electricity-bills-plan",
            "content": "微软公布一项新计划，旨在防止其庞大的人工智能数据中心过度消耗电力，从而避免推高用户电费账单。",
            "image": "images/rank7_微软公布_20260114_204314.jpg"
        },
        {
            "rank": 8,
            "title": "英国“红箭”飞行表演队迎来首位女性指挥官",
            "source_platform": "CNN",
            "source_url": "https://edition.cnn.com/2026/01/14/uk/red-arrows-first-female-commander-intl-scli-gbr",
            "content": "世界著名的英国皇家空军“红箭”特技飞行表演队任命了其历史上首位女性指挥官，创造了新的历史。",
            "image": "images/rank8_英国_红_20260114_204314.jpg"
        },
        {
            "rank": 9,
            "title": "迪拜巧克力风潮席卷韩国，引发甜点抢购热",
            "source_platform": "BBC News",
            "source_url": "https://www.bbc.com/news/articles/c07xdv0mggzo",
            "content": "源自迪拜的奢华巧克力风潮在韩国演变为新的甜点狂热，一款融合开心果奶油和巧克力棉花糖的“迪拜嚼劲饼干”引发抢购，推高原料价格。",
            "image": "images/rank9_迪拜巧克_20260114_204314.jpg"
        }
    ],
    "timestamp": "20260114_204314"
}