{
    "news": [
        {
            "rank": 0,
            "title": "【轰动】风波再起！众明星卷入，谁能独善其身？",
            "original_title": "",
            "source_platform": "",
            "source_url": "",
            "content": "",
            "image": ""
        },
        {
            "rank": 1,
            "title": "山东春晚：李宇春献唱《回春天》",
            "original_title": "",
            "source_platform": "腾讯娱乐",
            "source_url": "https://news.qq.com/rain/a/20260215V07AJQ00",
            "content": "山东春晚：李宇春献唱《回春天》",
            "image": "images/rank1_山东春晚_李_20260216_062031.jpg"
        },
        {
            "rank": 2,
            "title": "徐子尧《花妖》唱尽东方清雅意韵",
            "original_title": "",
            "source_platform": "腾讯娱乐",
            "source_url": "https://news.qq.com/rain/a/20260215V06IOQ00",
            "content": "徐子尧《花妖》唱尽东方清雅意韵",
            "image": "images/rank2_徐子尧_花妖_20260216_062031.jpg"
        },
        {
            "rank": 3,
            "title": "卓依婷广东春晚唱《迎春花》年味十足",
            "original_title": "",
            "source_platform": "腾讯娱乐",
            "source_url": "https://news.qq.com/rain/a/20260215V06CCG00",
            "content": "卓依婷广东春晚唱《迎春花》年味十足",
            "image": "images/rank3_卓依婷广东春_20260216_062031.jpg"
        },
        {
            "rank": 4,
            "title": "胡兵瞿颖辽宁春晚走秀秒变装",
            "original_title": "",
            "source_platform": "腾讯娱乐",
            "source_url": "https://news.qq.com/rain/a/20260215V072WH00",
            "content": "胡兵瞿颖辽宁春晚走秀秒变装",
            "image": "images/rank4_胡兵瞿颖辽宁_20260216_062031.jpg"
        },
        {
            "rank": 5,
            "title": "夜色正浓导演谈李东明登顶渣男榜",
            "original_title": "",
            "source_platform": "腾讯娱乐",
            "source_url": "https://news.qq.com/rain/a/20260215A03FAV00",
            "content": "夜色正浓导演谈李东明登顶渣男榜",
            "image": "images/rank5_夜色正浓导演_20260216_062031.jpg"
        },
        {
            "rank": 6,
            "title": "刘涛粤语献唱《汤》，开口岭南烟火气",
            "original_title": "",
            "source_platform": "腾讯娱乐",
            "source_url": "https://news.qq.com/rain/a/20260215V06DLL00",
            "content": "刘涛粤语献唱《汤》，开口岭南烟火气",
            "image": "images/rank6_刘涛粤语献唱_20260216_062031.jpg"
        },
        {
            "rank": 7,
            "title": "苏翊鸣晋级单板坡障决赛",
            "original_title": "",
            "source_platform": "抖音热榜",
            "source_url": "https://www.douyin.com/hot/2401699",
            "content": "苏翊鸣晋级单板坡障决赛",
            "image": "images/rank7_苏翊鸣晋级单_20260216_062031.jpg"
        },
        {
            "rank": 8,
            "title": "凯沙德约翰逊扣篮大赛冠军",
            "original_title": "",
            "source_platform": "抖音热榜",
            "source_url": "https://www.douyin.com/hot/2401390",
            "content": "凯沙德约翰逊扣篮大赛冠军",
            "image": "images/rank8_凯沙德约翰逊_20260216_062031.jpg"
        },
        {
            "rank": 9,
            "title": "大学生春晚2026",
            "original_title": "",
            "source_platform": "方山厨子",
            "source_url": "https://www.bilibili.com/video/BV1XCcEzfEye",
            "content": "大学生春晚2026",
            "image": "images/rank9_大学生春晚2_20260216_062031.jpg"
        }
    ],
    "timestamp": "20260216_062031"
}