{
    "news": [
        {
            "rank": 0,
            "title": "【轰动】风波再起！众明星卷入，谁能独善其身？",
            "original_title": "",
            "source_platform": "",
            "source_url": "",
            "content": "",
            "image": ""
        },
        {
            "rank": 1,
            "title": "让劣迹艺人违规复出没市场、无流量",
            "original_title": "",
            "source_platform": "腾讯娱乐",
            "source_url": "https://news.qq.com/rain/a/20260119A0343F00",
            "content": "让劣迹艺人违规复出没市场、无流量",
            "image": "images/rank1_让劣迹艺人违_20260121_062040.jpg"
        },
        {
            "rank": 2,
            "title": "疑似王鹤棣网传女友疑现身演唱会",
            "original_title": "",
            "source_platform": "腾讯娱乐",
            "source_url": "https://news.qq.com/rain/a/20260120V05OAE00",
            "content": "疑似王鹤棣网传女友疑现身演唱会",
            "image": "images/rank2_疑似王鹤棣网_20260121_062040.jpg"
        },
        {
            "rank": 3,
            "title": "陈雪凝嫁山西煤二代，被指假身份夫妻辟谣",
            "original_title": "",
            "source_platform": "腾讯娱乐",
            "source_url": "https://news.qq.com/rain/a/20260120V04WOQ00",
            "content": "陈雪凝嫁山西煤二代，被指假身份夫妻辟谣",
            "image": "images/rank3_陈雪凝嫁山西_20260121_062040.jpg"
        },
        {
            "rank": 4,
            "title": "攻击《镖人》的话术，为啥离谱？",
            "original_title": "",
            "source_platform": "腾讯娱乐",
            "source_url": "https://news.qq.com/rain/a/20260120A02T7A00",
            "content": "攻击《镖人》的话术，为啥离谱？",
            "image": "images/rank4_攻击_镖人__20260121_062040.jpg"
        },
        {
            "rank": 5,
            "title": "U23男足：计划有变决赛见",
            "original_title": "",
            "source_platform": "抖音热榜",
            "source_url": "https://www.douyin.com/hot/2374579",
            "content": "U23男足：计划有变决赛见",
            "image": "images/rank5_U23男足__20260121_062040.jpg"
        },
        {
            "rank": 6,
            "title": "彭啸头球破门",
            "original_title": "",
            "source_platform": "抖音热榜",
            "source_url": "https://www.douyin.com/hot/2374570",
            "content": "彭啸头球破门",
            "image": "images/rank6_彭啸头球破门_20260121_062040.jpg"
        },
        {
            "rank": 7,
            "title": "年末高光穿搭大赏",
            "original_title": "",
            "source_platform": "抖音热榜",
            "source_url": "https://www.douyin.com/hot/2373829",
            "content": "年末高光穿搭大赏",
            "image": "images/rank7_年末高光穿搭_20260121_062040.jpg"
        },
        {
            "rank": 8,
            "title": "U23国足将同日本队争冠",
            "original_title": "",
            "source_platform": "抖音热榜",
            "source_url": "https://www.douyin.com/hot/2374573",
            "content": "U23国足将同日本队争冠",
            "image": "images/rank8_U23国足将_20260121_062040.jpg"
        },
        {
            "rank": 9,
            "title": "跟着各地年货回家寻年味",
            "original_title": "",
            "source_platform": "抖音热榜",
            "source_url": "https://www.douyin.com/hot/2374368",
            "content": "跟着各地年货回家寻年味",
            "image": "images/rank9_跟着各地年货_20260121_062040.jpg"
        }
    ],
    "timestamp": "20260121_062040"
}