{
    "news": [
        {
            "rank": 0,
            "title": "AI拜年刘德华放假？",
            "original_title": "",
            "source_platform": "",
            "source_url": "",
            "content": "",
            "image": ""
        },
        {
            "rank": 1,
            "title": "国产冰雪装备全球爆单",
            "original_title": "",
            "source_platform": "环球网",
            "source_url": "https://baijiahao.baidu.com/s?id=1857180481919040279",
            "content": "米兰冬奥会带动冰雪运动升温，中国冰雪装备企业迎来海外订单高峰期，产品远销全球。",
            "image": "images/rank1_国产冰雪装备_20260216_062031.jpg"
        },
        {
            "rank": 2,
            "title": "微信AI帮你唱拜年歌",
            "original_title": "",
            "source_platform": "环球时报",
            "source_url": "https://baijiahao.baidu.com/s?id=1857191477370567509",
            "content": "微信推出春节新功能，用户可通过AI制作专属拜年歌曲，网友调侃刘德华可以放假了。",
            "image": "images/rank2_微信AI帮你_20260216_062031.jpg"
        },
        {
            "rank": 3,
            "title": "列车春晚温暖春运路",
            "original_title": "",
            "source_platform": "新华社",
            "source_url": "https://baijiahao.baidu.com/s?id=1857077815751122573",
            "content": "2026年春运期间，列车车厢内举办特别春晚，乘客在旅途中欣赏节目，记录欢乐瞬间。",
            "image": "images/rank3_列车春晚温暖_20260216_062031.jpg"
        },
        {
            "rank": 4,
            "title": "酱鸭摊主9年未回家过年",
            "original_title": "",
            "source_platform": "杭州日报",
            "source_url": "https://baijiahao.baidu.com/s?id=1857204954720199859",
            "content": "杭州酱鸭摊主春节前3个月卖出3万多只酱鸭，打拼9年买两套房，今年终将返乡陪父母。",
            "image": "images/rank4_酱鸭摊主9年_20260216_062031.jpg"
        },
        {
            "rank": 5,
            "title": "唐国强再现诸葛亮名场面",
            "original_title": "",
            "source_platform": "辽宁卫视",
            "source_url": "https://baijiahao.baidu.com/s?id=1857217322067965899",
            "content": "辽宁卫视春晚上，唐国强现场表演经典台词“我从未见过如此厚颜乱语之人”，引发观众共鸣。",
            "image": "images/rank5_唐国强再现诸_20260216_062031.jpg"
        },
        {
            "rank": 6,
            "title": "87岁老人写春联赚近10万",
            "original_title": "",
            "source_platform": "佛山新闻",
            "source_url": "https://baijiahao.baidu.com/s?id=1857196507510910611",
            "content": "佛山一位87岁老人在春节前通过书写春联获得8万至10万元收入，其书法作品受居民青睐。",
            "image": "images/rank6_87岁老人写_20260216_062031.jpg"
        },
        {
            "rank": 7,
            "title": "最快女护士一周签两品牌",
            "original_title": "",
            "source_platform": "新民晚报",
            "source_url": "https://news.qq.com/rain/a/20260215A03I6X00",
            "content": "“最快女护士”张水华一周内两次签约运动品牌，先签运动眼镜品牌，再成特步签约跑者。",
            "image": "images/rank7_最快女护士一_20260216_062031.jpg"
        },
        {
            "rank": 8,
            "title": "王菲春晚歌曲原唱揭秘",
            "original_title": "",
            "source_platform": "红星新闻",
            "source_url": "https://news.qq.com/rain/a/20260215A068RI00",
            "content": "王菲将在春晚演唱《你我经历的一刻》，原唱乐队ZaZaZsu讲述歌曲被选中的创作过程。",
            "image": "images/rank8_王菲春晚歌曲_20260216_062031.jpg"
        },
        {
            "rank": 9,
            "title": "徒步3000公里后当天产子",
            "original_title": "",
            "source_platform": "潇湘晨报·晨视频",
            "source_url": "https://www.toutiao.com/article/7607089404410184201",
            "content": "新疆女子徒步3000公里后发现怀孕并当天顺产男婴，宝宝因早产住保温箱但检查正常。",
            "image": "images/rank9_徒步3000_20260216_062031.jpg"
        }
    ],
    "timestamp": "20260216_062031"
}