{
    "news": [
        {
            "rank": 0,
            "title": "谈判、枪击、丑闻，世界炸锅",
            "original_title": "",
            "source_platform": "",
            "source_url": "",
            "content": "",
            "image": ""
        },
        {
            "rank": 1,
            "title": "登山者因弃女友于雪山致死受审",
            "original_title": "Climber on trial for leaving girlfriend to die on Austria's highest mountain",
            "source_platform": "BBC News",
            "source_url": "https://www.bbc.com/news/articles/c5yv9plyjgpo",
            "content": "一名男子因在奥地利最高峰攀登时，将冻僵的女友遗弃在暴风雪中而被控重大过失杀人罪，案件审理引发对登山者责任的广泛讨论。",
            "image": "images/rank1_登山者因弃女_20260218_185521.jpg"
        },
        {
            "rank": 2,
            "title": "60年代加拿大塑料垃圾冲上苏格兰海滩",
            "original_title": "'It's overwhelming': Plastic from 1960s Canada washes up on Orkney beach",
            "source_platform": "BBC News",
            "source_url": "https://www.bbc.com/news/articles/c2k8g4p44l0o",
            "content": "苏格兰奥克尼群岛海滩近日出现大量可追溯至上世纪60-70年代的塑料瓶和碎片，据信源自加拿大，清理者称数量“令人不知所措”。",
            "image": "images/rank2_60年代加拿_20260218_185521.jpg"
        },
        {
            "rank": 3,
            "title": "科拜尔指控CBS因FCC压力禁播民主党人采访",
            "original_title": "Stephen Colbert says CBS spiked interview with Democrat over FCC fears",
            "source_platform": "BBC News",
            "source_url": "https://www.bbc.com/news/articles/cze0dk3yd5eo",
            "content": "美国深夜脱口秀主持人斯蒂芬·科拜尔指控其所属的CBS电视台因担心联邦通信委员会报复，拒绝播出其对一名民主党议员的采访。",
            "image": "images/rank3_科拜尔指控C_20260218_185521.jpg"
        },
        {
            "rank": 4,
            "title": "威廉王子坦言花很长时间理解自身情绪",
            "original_title": "William says it has taken 'long time to understand my emotions'",
            "source_platform": "BBC News",
            "source_url": "https://www.bbc.com/news/articles/cm21d4j26pdo",
            "content": "威尔士亲王威廉在一档心理健康节目中坦诚分享，称自己花了很长时间去理解和处理情绪，并呼吁更多男性榜样公开谈论心理健康。",
            "image": "images/rank4_威廉王子坦言_20260218_185521.jpg"
        },
        {
            "rank": 5,
            "title": "美国土安全部发言人麦克劳克林将离职",
            "original_title": "US Homeland Security spokeswoman Tricia McLaughlin to leave post",
            "source_platform": "BBC News",
            "source_url": "https://www.bbc.com/news/articles/cd9g25gp90ko",
            "content": "美国国土安全部发言人特里西娅·麦克劳克林计划本周离职，她曾是特朗普政府移民打击行动中最突出的宣传者之一。",
            "image": "images/rank5_美国土安全部_20260218_185521.jpg"
        },
        {
            "rank": 6,
            "title": "曼迪·摩尔夫妇在洛杉矶山火后重建梦想家园",
            "original_title": "Mandy Moore and Taylor Goldsmith nearly lost their dream home in the LA fires. Here’s how they rebuilt",
            "source_platform": "CNN",
            "source_url": "https://edition.cnn.com/2026/02/11/style/mandy-moore-home-altadena-ad",
            "content": "美国女星曼迪·摩尔与音乐家丈夫泰勒·戈德史密斯在洛杉矶毁灭性山火后，重建了他们几乎被完全烧毁的梦想家园，并分享了重建历程。",
            "image": "images/rank6_曼迪_摩尔夫_20260218_185521.jpg"
        },
        {
            "rank": 7,
            "title": "科罗拉多州30车连环相撞致4死",
            "original_title": "4 dead in 30-vehicle pileup in Colorado as powerful winds slam Plains, fueling multiple wildfires",
            "source_platform": "CNN",
            "source_url": "https://edition.cnn.com/2026/02/17/weather/fire-oklahoma-texas-kansas-colorado-climate",
            "content": "美国科罗拉多州因强风导致沙尘弥漫，能见度骤降，引发超过30辆车的连环相撞事故，造成至少4人死亡，29人受伤。",
            "image": "images/rank7_科罗拉多州3_20260218_185521.jpg"
        },
        {
            "rank": 8,
            "title": "美国冲浪者范戴克在哥斯达黎加家中遇害",
            "original_title": "American surfer Kurt Van Dyke found dead in apparent robbery at his home in Costa Rica",
            "source_platform": "CNN",
            "source_url": "https://edition.cnn.com/2026/02/17/americas/kurt-van-dyke-surfer-dead-costa-rica-intl-hnk",
            "content": "66岁的美国冲浪者库尔特·范戴克在哥斯达黎加加勒比海岸的公寓中被发现死亡，警方初步调查显示为一起抢劫案。",
            "image": "images/rank8_美国冲浪者范_20260218_185521.jpg"
        },
        {
            "rank": 9,
            "title": "里约狂欢节“博伊托洛”街头派对无休无止",
            "original_title": "A Rio Carnival Party That Goes On and On",
            "source_platform": "New York Times",
            "source_url": "https://www.nytimes.com/2026/02/17/world/americas/a-rio-carnival-party-that-goes-on-and-on.html",
            "content": "巴西里约热内卢狂欢节期间，一场名为“博伊托洛”的流动街头派对没有固定时间和路线，数千名狂欢者以狂热节奏在城市中穿行。",
            "image": "images/rank9_里约狂欢节__20260218_185521.jpg"
        }
    ],
    "timestamp": "20260218_185521"
}