{
    "news": [
        {
            "rank": 0,
            "title": "【轰动】风波再起！众明星卷入，谁能独善其身？",
            "original_title": "",
            "source_platform": "",
            "source_url": "",
            "content": "",
            "image": ""
        },
        {
            "rank": 1,
            "title": "沈腾吴京章子怡等现身百花迎春晚会",
            "original_title": "",
            "source_platform": "腾讯娱乐",
            "source_url": "https://news.qq.com/rain/a/20260127V06R5B00",
            "content": "沈腾吴京章子怡等现身百花迎春晚会",
            "image": "images/rank1_沈腾吴京章子_20260128_062054.jpg"
        },
        {
            "rank": 2,
            "title": "甄子丹获荣誉博士学位",
            "original_title": "",
            "source_platform": "腾讯娱乐",
            "source_url": "https://news.qq.com/rain/a/20260127V06KB000",
            "content": "甄子丹获荣誉博士学位",
            "image": "images/rank2_甄子丹获荣誉_20260128_062054.jpg"
        },
        {
            "rank": 3,
            "title": "周迅亮相巴黎高定周",
            "original_title": "",
            "source_platform": "腾讯娱乐",
            "source_url": "https://news.qq.com/rain/a/20260127V07XIE00",
            "content": "周迅亮相巴黎高定周",
            "image": "images/rank3_周迅亮相巴黎_20260128_062054.jpg"
        },
        {
            "rank": 4,
            "title": "李亚鹏这事，越扒越有",
            "original_title": "",
            "source_platform": "腾讯娱乐",
            "source_url": "https://news.qq.com/rain/a/20260127A03HRZ00",
            "content": "李亚鹏这事，越扒越有",
            "image": "images/rank4_李亚鹏这事__20260128_062054.jpg"
        },
        {
            "rank": 5,
            "title": "“黄皮”歼20来了",
            "original_title": "",
            "source_platform": "抖音热榜",
            "source_url": "https://www.douyin.com/hot/2381263",
            "content": "“黄皮”歼20来了",
            "image": "images/rank5__黄皮_歼2_20260128_062054.jpg"
        },
        {
            "rank": 6,
            "title": "各地省房请就位",
            "original_title": "",
            "source_platform": "抖音热榜",
            "source_url": "https://www.douyin.com/hot/2380939",
            "content": "各地省房请就位",
            "image": "images/rank6_各地省房请就_20260128_062054.jpg"
        },
        {
            "rank": 7,
            "title": "我国突破海缆输电世界性难题",
            "original_title": "",
            "source_platform": "抖音热榜",
            "source_url": "https://www.douyin.com/hot/2381052",
            "content": "我国突破海缆输电世界性难题",
            "image": "images/rank7_我国突破海缆_20260128_062054.jpg"
        },
        {
            "rank": 8,
            "title": "香港内地事务局长曾国卫被免职",
            "original_title": "",
            "source_platform": "抖音热榜",
            "source_url": "https://www.douyin.com/hot/2380710",
            "content": "香港内地事务局长曾国卫被免职",
            "image": "images/rank8_香港内地事务_20260128_062054.jpg"
        },
        {
            "rank": 9,
            "title": "旅日大熊猫启程回国",
            "original_title": "",
            "source_platform": "抖音热榜",
            "source_url": "https://www.douyin.com/hot/2380631",
            "content": "旅日大熊猫启程回国",
            "image": "images/rank9_旅日大熊猫启_20260128_062054.jpg"
        }
    ],
    "timestamp": "20260128_062054"
}