{
    "news": [
        {
            "rank": 0,
            "title": "【轰动】风波再起！众明星卷入，谁能独善其身？",
            "original_title": "",
            "source_platform": "",
            "source_url": "",
            "content": "",
            "image": ""
        },
        {
            "rank": 1,
            "title": "袁惟仁去世",
            "original_title": "",
            "source_platform": "腾讯娱乐",
            "source_url": "https://news.qq.com/rain/a/20260202A05P9P00",
            "content": "袁惟仁去世",
            "image": "images/rank1_袁惟仁去世_20260202_185436.jpg"
        },
        {
            "rank": 2,
            "title": "《生命树》多杰原型",
            "original_title": "",
            "source_platform": "腾讯娱乐",
            "source_url": "https://news.qq.com/rain/a/20260202V0449O00",
            "content": "《生命树》多杰原型",
            "image": "images/rank2__生命树_多_20260202_185436.jpg"
        },
        {
            "rank": 3,
            "title": "张雨绮春晚资格被撤代言被砍",
            "original_title": "",
            "source_platform": "腾讯娱乐",
            "source_url": "https://news.qq.com/rain/a/20260201V04YPM00",
            "content": "张雨绮春晚资格被撤代言被砍",
            "image": "images/rank3_张雨绮春晚资_20260202_185436.jpg"
        },
        {
            "rank": 4,
            "title": "朴彩英火星哥《APT.》格莱美开场",
            "original_title": "",
            "source_platform": "腾讯娱乐",
            "source_url": "https://news.qq.com/rain/a/20260202V02PYZ00",
            "content": "朴彩英火星哥《APT.》格莱美开场",
            "image": "images/rank4_朴彩英火星哥_20260202_185436.jpg"
        },
        {
            "rank": 5,
            "title": "王赫野上海演唱会张碧晨惊喜现身",
            "original_title": "",
            "source_platform": "腾讯娱乐",
            "source_url": "https://news.qq.com/rain/a/20260202V04ARI00",
            "content": "王赫野上海演唱会张碧晨惊喜现身",
            "image": "images/rank5_王赫野上海演_20260202_185436.jpg"
        },
        {
            "rank": 6,
            "title": "司法部原部长唐一军被判无期",
            "original_title": "",
            "source_platform": "抖音热榜",
            "source_url": "https://www.douyin.com/hot/2387321",
            "content": "司法部原部长唐一军被判无期",
            "image": "images/rank6_司法部原部长_20260202_185436.jpg"
        },
        {
            "rank": 7,
            "title": "手帐界也有霉豆腐了",
            "original_title": "",
            "source_platform": "抖音热榜",
            "source_url": "https://www.douyin.com/hot/2387198",
            "content": "手帐界也有霉豆腐了",
            "image": "images/rank7_手帐界也有霉_20260202_185436.jpg"
        },
        {
            "rank": 8,
            "title": "缅北白家4人被执行死刑",
            "original_title": "",
            "source_platform": "抖音热榜",
            "source_url": "https://www.douyin.com/hot/2386812",
            "content": "缅北白家4人被执行死刑",
            "image": "images/rank8_缅北白家4人_20260202_185436.jpg"
        },
        {
            "rank": 9,
            "title": "龙泉青瓷｜内藏雕花·中式瓷韵的极致美学",
            "original_title": "",
            "source_platform": "白行简丶",
            "source_url": "https://www.bilibili.com/video/BV1uD6FBSE3U",
            "content": "龙泉青瓷｜内藏雕花·中式瓷韵的极致美学",
            "image": "images/rank9_龙泉青瓷_内_20260202_185436.jpg"
        }
    ],
    "timestamp": "20260202_185436"
}