{
    "news": [
        {
            "rank": 0,
            "title": "【轰动】风波再起！众明星卷入，谁能独善其身？",
            "original_title": "",
            "source_platform": "",
            "source_url": "",
            "content": "",
            "image": ""
        },
        {
            "rank": 1,
            "title": "郭德纲于谦消防考试都是包袱",
            "original_title": "",
            "source_platform": "腾讯娱乐",
            "source_url": "https://news.qq.com/rain/a/20260211V01ZIM00",
            "content": "郭德纲于谦消防考试都是包袱",
            "image": "images/rank1_郭德纲于谦消_20260211_185827.jpg"
        },
        {
            "rank": 2,
            "title": "李谷一确认缺席2026央视春晚",
            "original_title": "",
            "source_platform": "腾讯娱乐",
            "source_url": "https://news.qq.com/rain/a/20260210A067N700",
            "content": "李谷一确认缺席2026央视春晚",
            "image": "images/rank2_李谷一确认缺_20260211_185827.jpg"
        },
        {
            "rank": 3,
            "title": "金像奖提名：《风林火山》领跑",
            "original_title": "",
            "source_platform": "腾讯娱乐",
            "source_url": "https://news.qq.com/rain/a/20260211A0391N00",
            "content": "金像奖提名：《风林火山》领跑",
            "image": "images/rank3_金像奖提名__20260211_185827.jpg"
        },
        {
            "rank": 4,
            "title": "王铮亮在线科普花样滑冰技巧",
            "original_title": "",
            "source_platform": "腾讯娱乐",
            "source_url": "https://news.qq.com/rain/a/20260210V05NQW00",
            "content": "王铮亮在线科普花样滑冰技巧",
            "image": "images/rank4_王铮亮在线科_20260211_185827.jpg"
        },
        {
            "rank": 5,
            "title": "任嘉伦现身火箭中场表演，大秀唱跳",
            "original_title": "",
            "source_platform": "腾讯娱乐",
            "source_url": "https://news.qq.com/rain/a/20260211V02KPZ00",
            "content": "任嘉伦现身火箭中场表演，大秀唱跳",
            "image": "images/rank5_任嘉伦现身火_20260211_185827.jpg"
        },
        {
            "rank": 6,
            "title": "我国首次载人飞船返回舱海上溅落",
            "original_title": "",
            "source_platform": "抖音热榜",
            "source_url": "https://www.douyin.com/hot/2396748",
            "content": "我国首次载人飞船返回舱海上溅落",
            "image": "images/rank6_我国首次载人_20260211_185827.jpg"
        },
        {
            "rank": 7,
            "title": "马刺大胜湖人",
            "original_title": "",
            "source_platform": "抖音热榜",
            "source_url": "https://www.douyin.com/hot/2397027",
            "content": "马刺大胜湖人",
            "image": "images/rank7_马刺大胜湖人_20260211_185827.jpg"
        },
        {
            "rank": 8,
            "title": "20.5亿元新春礼包要来了",
            "original_title": "",
            "source_platform": "抖音热榜",
            "source_url": "https://www.douyin.com/hot/2396727",
            "content": "20.5亿元新春礼包要来了",
            "image": "images/rank8_20_5亿元_20260211_185827.jpg"
        },
        {
            "rank": 9,
            "title": "今天是南方小年",
            "original_title": "",
            "source_platform": "抖音热榜",
            "source_url": "https://www.douyin.com/hot/2396529",
            "content": "今天是南方小年",
            "image": "images/rank9_今天是南方小_20260211_185827.jpg"
        }
    ],
    "timestamp": "20260211_185827"
}