{
    "news": [
        {
            "rank": 0,
            "title": "娱乐资讯精选 | 01月11日热点",
            "content": "今日娱乐资讯精选：闫学晶多个平台账号被禁止关注、岳云鹏回应不上央视春晚、300万粉网红被曝使用抗艾滋药等热点话题"
        },
        {
            "rank": 1,
            "title": "闫学晶多个平台账号被禁止关注",
            "source_platform": "腾讯娱乐",
            "source_url": "https://news.qq.com/rain/a/20260110A01MZR00",
            "content": "闫学晶多个平台账号被禁止关注",
            "image": "images/rank1_闫学晶多_20260111_102935.jpg"
        },
        {
            "rank": 2,
            "title": "岳云鹏回应不上央视春晚",
            "source_platform": "腾讯娱乐",
            "source_url": "https://news.qq.com/rain/a/20260111V02F7B00",
            "content": "岳云鹏回应不上央视春晚",
            "image": "images/rank2_岳云鹏回_20260111_102935.jpg"
        },
        {
            "rank": 3,
            "title": "300万粉网红被曝使用抗艾滋药",
            "source_platform": "腾讯娱乐",
            "source_url": "https://news.qq.com/rain/a/20260110V06J0800",
            "content": "300万粉网红被曝使用抗艾滋药",
            "image": "images/rank3_300万_20260111_102935.jpg"
        },
        {
            "rank": 4,
            "title": "U23国足vs澳大利亚",
            "source_platform": "抖音",
            "source_url": "https://www.douyin.com/hot/2363945",
            "content": "U23国足vs澳大利亚",
            "image": "images/rank4_U23国_20260111_102935_resized.jpg"
        },
        {
            "rank": 5,
            "title": "歼20首飞珍贵影像公开",
            "source_platform": "抖音",
            "source_url": "https://www.douyin.com/hot/2363920",
            "content": "歼20首飞珍贵影像公开",
            "image": "images/rank5_歼20首_20260111_102935_resized.jpg"
        },
        {
            "rank": 6,
            "title": "中国扫地机器人占全球份额近7成",
            "source_platform": "抖音",
            "source_url": "https://www.douyin.com/hot/2363670",
            "content": "中国扫地机器人占全球份额近7成",
            "image": "images/rank6_中国扫地_20260111_102935_resized.jpg"
        },
        {
            "rank": 7,
            "title": "史上最燃的一场比赛！！！《下一个是谁6》03",
            "source_platform": "哔哩哔哩",
            "source_url": "https://www.bilibili.com/video/BV1nDi9ByELu",
            "content": "史上最燃的一场比赛！！！《下一个是谁6》03",
            "image": "images/rank7_史上最燃_20260111_102935_resized.jpg"
        },
        {
            "rank": 8,
            "title": "羊村第五季（2）",
            "source_platform": "哔哩哔哩",
            "source_url": "https://www.bilibili.com/video/BV1DDiXBREQK",
            "content": "羊村第五季（2）",
            "image": "images/rank8_羊村第五_20260111_102935_resized.jpg"
        },
        {
            "rank": 9,
            "title": "《钓鱼佬和放生大妈的故事》",
            "source_platform": "哔哩哔哩",
            "source_url": "https://www.bilibili.com/video/BV1MJ6mBjEyZ",
            "content": "《钓鱼佬和放生大妈的故事》",
            "image": "images/rank9_《钓鱼佬_20260111_102935_resized.jpg"
        }
    ],
    "timestamp": "20260111_102935"
}