{
    "news": [
        {
            "rank": 0,
            "title": "【轰动】01月17日娱乐圈再起风波，众明星或被卷入其中",
            "original_title": "",
            "source_platform": "",
            "source_url": "",
            "content": "",
            "image": ""
        },
        {
            "rank": 1,
            "title": "蔡依林演唱会“巨蟒”设计获央视盛赞",
            "original_title": "",
            "source_platform": "腾讯娱乐",
            "source_url": "https://news.qq.com/rain/a/20260117V02C9I00",
            "content": "蔡依林演唱会“巨蟒”设计获央视盛赞",
            "image": "images/rank1_蔡依林演唱会_20260117_182827.jpg"
        },
        {
            "rank": 2,
            "title": "越剧演员陈丽君、李云霄破格晋升一级演员",
            "original_title": "",
            "source_platform": "腾讯娱乐",
            "source_url": "https://news.qq.com/rain/a/20260117A036PR00",
            "content": "越剧演员陈丽君、李云霄破格晋升一级演员",
            "image": "images/rank2_越剧演员陈丽_20260117_182827.jpg"
        },
        {
            "rank": 3,
            "title": "李亚鹏为公益扛2600万欠款",
            "original_title": "",
            "source_platform": "腾讯娱乐",
            "source_url": "https://news.qq.com/rain/a/20260117V038YX00",
            "content": "李亚鹏为公益扛2600万欠款",
            "image": "images/rank3_李亚鹏为公益_20260117_182827.jpg"
        },
        {
            "rank": 4,
            "title": "央视春晚联排遇瑞雪",
            "original_title": "",
            "source_platform": "腾讯娱乐",
            "source_url": "https://news.qq.com/rain/a/20260117V038S300",
            "content": "央视春晚联排遇瑞雪",
            "image": "images/rank4_央视春晚联排_20260117_182827.jpg"
        },
        {
            "rank": 5,
            "title": "彭于晏说台湾东北话",
            "original_title": "",
            "source_platform": "腾讯娱乐",
            "source_url": "https://news.qq.com/rain/a/20260116V06UPS00",
            "content": "彭于晏说台湾东北话",
            "image": "images/rank5_彭于晏说台湾_20260117_182827.jpg"
        },
        {
            "rank": 6,
            "title": "郭有才中式大婚引热议",
            "original_title": "",
            "source_platform": "腾讯娱乐",
            "source_url": "https://news.qq.com/rain/a/20260116V071D900",
            "content": "郭有才中式大婚引热议",
            "image": "images/rank6_郭有才中式大_20260117_182827.jpg"
        },
        {
            "rank": 7,
            "title": "赵又廷张子枫谈最浪漫的一场戏",
            "original_title": "",
            "source_platform": "腾讯娱乐",
            "source_url": "https://news.qq.com/rain/a/20260116V07NXY00",
            "content": "赵又廷张子枫谈最浪漫的一场戏",
            "image": "images/rank7_赵又廷张子枫_20260117_182827.jpg"
        },
        {
            "rank": 8,
            "title": "娄艺潇回应出演3秒短剧",
            "original_title": "",
            "source_platform": "腾讯娱乐",
            "source_url": "https://news.qq.com/rain/a/20260116A0184X00",
            "content": "娄艺潇回应出演3秒短剧",
            "image": "images/rank8_娄艺潇回应出_20260117_182827.jpg"
        },
        {
            "rank": 9,
            "title": "U23国足vs乌兹别克斯坦",
            "original_title": "",
            "source_platform": "抖音热榜",
            "source_url": "https://www.douyin.com/hot/2370533",
            "content": "U23国足vs乌兹别克斯坦",
            "image": "images/rank9_U23国足v_20260117_182827.jpg"
        }
    ],
    "timestamp": "20260117_182827"
}