{
    "news": [
        {
            "rank": 0,
            "title": "【轰动】风波再起！众明星卷入，谁能独善其身？",
            "original_title": "",
            "source_platform": "",
            "source_url": "",
            "content": "",
            "image": ""
        },
        {
            "rank": 1,
            "title": "平安保险证实金晨方主动放弃索赔",
            "original_title": "",
            "source_platform": "腾讯娱乐",
            "source_url": "https://news.qq.com/rain/a/20260129A062EK00",
            "content": "平安保险证实金晨方主动放弃索赔",
            "image": "images/rank1_平安保险证实_20260130_062448.jpg"
        },
        {
            "rank": 2,
            "title": "杨幂孙俪获电视剧盛典视后",
            "original_title": "",
            "source_platform": "腾讯娱乐",
            "source_url": "https://news.qq.com/rain/a/20260129V07XG700",
            "content": "杨幂孙俪获电视剧盛典视后",
            "image": "images/rank2_杨幂孙俪获电_20260130_062448.jpg"
        },
        {
            "rank": 3,
            "title": "《有罪之身》首播热度破5000",
            "original_title": "",
            "source_platform": "腾讯娱乐",
            "source_url": "https://news.qq.com/rain/a/20260129A005S900",
            "content": "《有罪之身》首播热度破5000",
            "image": "images/rank3__有罪之身__20260130_062448.jpg"
        },
        {
            "rank": 4,
            "title": "中国准备太空采矿",
            "original_title": "",
            "source_platform": "抖音热榜",
            "source_url": "https://www.douyin.com/hot/2382794",
            "content": "中国准备太空采矿",
            "image": "images/rank4_中国准备太空_20260130_062448.jpg"
        },
        {
            "rank": 5,
            "title": "热气腾腾中国年",
            "original_title": "",
            "source_platform": "抖音热榜",
            "source_url": "https://www.douyin.com/hot/2383071",
            "content": "热气腾腾中国年",
            "image": "images/rank5_热气腾腾中国_20260130_062448.jpg"
        },
        {
            "rank": 6,
            "title": "国防部回应“击沉中国军舰”动画",
            "original_title": "",
            "source_platform": "抖音热榜",
            "source_url": "https://www.douyin.com/hot/2383131",
            "content": "国防部回应“击沉中国军舰”动画",
            "image": "images/rank6_国防部回应__20260130_062448.jpg"
        },
        {
            "rank": 7,
            "title": "伊朗：美若动武 伊将打击以色列",
            "original_title": "",
            "source_platform": "抖音热榜",
            "source_url": "https://www.douyin.com/hot/2382618",
            "content": "伊朗：美若动武 伊将打击以色列",
            "image": "images/rank7_伊朗_美若动_20260130_062448.jpg"
        },
        {
            "rank": 8,
            "title": "春节小客车上高速免费9天",
            "original_title": "",
            "source_platform": "抖音热榜",
            "source_url": "https://www.douyin.com/hot/2382751",
            "content": "春节小客车上高速免费9天",
            "image": "images/rank8_春节小客车上_20260130_062448.jpg"
        },
        {
            "rank": 9,
            "title": "我想象中的春晚导演🤔（本视频纯属想象🙏",
            "original_title": "",
            "source_platform": "papi酱",
            "source_url": "https://www.bilibili.com/video/BV198zMBGEgi",
            "content": "我想象中的春晚导演🤔（本视频纯属想象🙏",
            "image": "images/rank9_我想象中的春_20260130_062448.jpg"
        }
    ],
    "timestamp": "20260130_062448"
}