{
    "news": [
        {
            "rank": 0,
            "title": "高速绝杀？",
            "original_title": "",
            "source_platform": "",
            "source_url": "",
            "content": "",
            "image": ""
        },
        {
            "rank": 1,
            "title": "小车23点59分59秒压哨下高速",
            "original_title": "",
            "source_platform": "齐鲁壹点",
            "source_url": "https://baijiahao.baidu.com/s?id=1858003381312974750",
            "content": "春节高速免费最后一分钟，驾驶员幸运压哨通过，工作人员为司机省钱操碎心。",
            "image": "images/rank1_小车23点5_20260224_185730.jpg"
        },
        {
            "rank": 2,
            "title": "高速堵车遇气氛组 宝马大哥下车跳舞",
            "original_title": "",
            "source_platform": "潇湘晨报",
            "source_url": "https://baijiahao.baidu.com/s?id=1858001409972170079",
            "content": "怀化高速堵车，宝马大哥下车即兴跳舞，网友热评：人怎么能外向成这样。",
            "image": "images/rank2_高速堵车遇气_20260224_185730.jpg"
        },
        {
            "rank": 3,
            "title": "春节档黑马《镖人》票房连续逆跌",
            "original_title": "",
            "source_platform": "大象新闻",
            "source_url": "https://baijiahao.baidu.com/s?id=1857981702967613399",
            "content": "春节档总票房57.52亿元，武侠片《镖人》成为唯一实现票房连续逆跌的影片。",
            "image": "images/rank3_春节档黑马__20260224_185730.jpg"
        },
        {
            "rank": 4,
            "title": "连体女婴分离28年后当了妈妈",
            "original_title": "",
            "source_platform": "现代快报",
            "source_url": "https://baijiahao.baidu.com/s?id=1857981321237090936",
            "content": "28年前成功分离的连体女婴之一，如今回到同一家医院平安产女，完成生命接力。",
            "image": "images/rank4_连体女婴分离_20260224_185730.jpg"
        },
        {
            "rank": 5,
            "title": "女生徒步失联被找到：用牛粪保温",
            "original_title": "",
            "source_platform": "潇湘晨报",
            "source_url": "https://baijiahao.baidu.com/s?id=1857975403228457682",
            "content": "西藏徒步失联女生获救，救援人员称她用牛粪保温，基本承担了村民救援费。",
            "image": "images/rank5_女生徒步失联_20260224_185730.jpg"
        },
        {
            "rank": 6,
            "title": "车站千人排队打车 有人靠蹭车回市区",
            "original_title": "",
            "source_platform": "九派新闻",
            "source_url": "https://baijiahao.baidu.com/s?id=1857991073166686465",
            "content": "上海虹桥站打车难，快车排队1244人，拼车701人，有人晒出排队页面吐槽。",
            "image": "images/rank6_车站千人排队_20260224_185730.jpg"
        },
        {
            "rank": 7,
            "title": "新年BBA车价大降 宝马7系约降27万",
            "original_title": "",
            "source_platform": "红星新闻",
            "source_url": "https://baijiahao.baidu.com/s?id=1857989469611179633",
            "content": "豪华品牌燃油车优惠促销，宝马7系优惠最高达27万，530Li优惠超30%。",
            "image": "images/rank7_新年BBA车_20260224_185730.jpg"
        },
        {
            "rank": 8,
            "title": "8人砍220亩甘蔗共拿18万工资",
            "original_title": "",
            "source_platform": "柳城融媒",
            "source_url": "https://www.toutiao.com/video/7610270061198540846/",
            "content": "8人砍220亩甘蔗，共获得18万元工资，引发关注。",
            "image": "images/rank8_8人砍220_20260224_185730.jpg"
        },
        {
            "rank": 9,
            "title": "婚礼现场新娘爸爸退还18万8彩礼",
            "original_title": "",
            "source_platform": "河南民生频道",
            "source_url": "https://www.toutiao.com/video/7610275977701195828/",
            "content": "婚礼现场，新娘爸爸当场退还18万8彩礼，引发热议。",
            "image": "images/rank9_婚礼现场新娘_20260224_185730.jpg"
        }
    ],
    "timestamp": "20260224_185730"
}