{
    "news": [
        {
            "rank": 0,
            "title": "银楼白菜价甩卖？",
            "original_title": "",
            "source_platform": "",
            "source_url": "",
            "content": "",
            "image": ""
        },
        {
            "rank": 1,
            "title": "318元买下甘孜“一辈子”",
            "original_title": "",
            "source_platform": "封面新闻",
            "source_url": "https://baijiahao.baidu.com/s?id=1855974126694362773",
            "content": "甘孜推出318元景区终身畅游卡，含14个知名景区，5天售出67.42万张，揽金超2亿元。",
            "image": "images/rank1_318元买下_20260202_185436.jpg"
        },
        {
            "rank": 2,
            "title": "大叔被限高到2099年",
            "original_title": "",
            "source_platform": "红星视频",
            "source_url": "https://www.baidu.com/s?wd=%E5%A4%A7%E5%8F%94%E8%A2%AB%E9%99%90%E9%AB%98%E5%88%B02099%E5%B9%B4+130%E5%B2%81%E6%89%8D%E8%A7%A3%E9%99%A4&sa=fyb_news&rsv_dl=fyb_news",
            "content": "57岁大爷因担保被限高至2099年，130岁才能解除高铁购票限制。法院回应贷款已还清，立即处理并解除。",
            "image": "images/rank2_大叔被限高到_20260202_185436.jpg"
        },
        {
            "rank": 3,
            "title": "新规！“三品一械”禁止达人带货",
            "original_title": "",
            "source_platform": "环球网",
            "source_url": "https://baijiahao.baidu.com/s?id=1855997973261545264",
            "content": "2月1日起实施的《直播电商监督管理办法》规定，医疗药品、保健食品等“三品一械”不得利用广告代言人作推荐。",
            "image": "images/rank3_新规__三品_20260202_185436.jpg"
        },
        {
            "rank": 4,
            "title": "“小胖老师”袁惟仁去世",
            "original_title": "",
            "source_platform": "红星新闻",
            "source_url": "https://baijiahao.baidu.com/s?id=1856005538927141172",
            "content": "音乐人袁惟仁2月2日去世，享年57岁。他曾为那英创作《征服》等经典歌曲，并担任多位歌手专辑制作人。",
            "image": "images/rank4__小胖老师__20260202_185436.jpg"
        },
        {
            "rank": 5,
            "title": "夫妇开老头乐闯红灯被撞索赔",
            "original_title": "",
            "source_platform": "看看新闻Knews",
            "source_url": "https://baijiahao.baidu.com/s?id=1855911606795762727",
            "content": "上海七旬夫妇驾驶三无“老头乐”闯红灯被撞，多处骨折后索赔70余万元。法院判决保险公司赔偿36万元。",
            "image": "images/rank5_夫妇开老头乐_20260202_185436.jpg"
        },
        {
            "rank": 6,
            "title": "女鞋难穿原因找到了",
            "original_title": "",
            "source_platform": "每日人物社",
            "source_url": "https://baijiahao.baidu.com/s?id=1855836867632838193",
            "content": "宽脚女性试穿男鞋发现脚趾能自由舒展，且有足弓支撑，揭示女鞋设计问题导致“削足适履”现象。",
            "image": "images/rank6_女鞋难穿原因_20260202_185436.jpg"
        },
        {
            "rank": 7,
            "title": "“格林妈妈”回复格林是否在世",
            "original_title": "",
            "source_platform": "封面新闻",
            "source_url": "https://baijiahao.baidu.com/s?id=1855990044390322654",
            "content": "“格林妈妈”李微漪发布手写信，回应狼群纪录片主角格林是否在世，称草原传统不谈论逝者，感谢网友支持。",
            "image": "images/rank7__格林妈妈__20260202_185436.jpg"
        },
        {
            "rank": 8,
            "title": "湖南“永兴银楼”被拍卖",
            "original_title": "",
            "source_platform": "极目新闻",
            "source_url": "https://news.qq.com/rain/a/20260201A04B1G00",
            "content": "湖南永兴县地标建筑“永兴银楼”被拍卖，其中1.75吨纯银折算1204.7万元，每克仅6.88元，但已流拍。",
            "image": "images/rank8_湖南_永兴银_20260202_185436.jpg"
        },
        {
            "rank": 9,
            "title": "12306：取消订单3次当日无法购票",
            "original_title": "",
            "source_platform": "极目新闻",
            "source_url": "https://www.toutiao.com/w/1855983695193449/",
            "content": "12306规定取消订单3次当日无法购票，次日零点自动恢复。春运期间建议谨慎使用第三方购票软件。",
            "image": "images/rank9_12306__20260202_185436.jpg"
        }
    ],
    "timestamp": "20260202_185436"
}