{
    "news": [
        {
            "rank": 0,
            "title": "娱乐资讯精选 | 01月12日热点",
            "content": "今日娱乐资讯精选：陈梦电视剧首秀，持菜刀打乒乓球、李亚鹏回应再婚、闫学晶儿子道歉：娘的错，儿子担等热点话题"
        },
        {
            "rank": 1,
            "title": "陈梦电视剧首秀，持菜刀打乒乓球",
            "source_platform": "腾讯娱乐",
            "source_url": "https://news.qq.com/rain/a/20260112V03J0A00",
            "content": "陈梦电视剧首秀，持菜刀打乒乓球",
            "image": "images/rank1_陈梦电视_20260112_183436.jpg"
        },
        {
            "rank": 2,
            "title": "李亚鹏回应再婚",
            "source_platform": "腾讯娱乐",
            "source_url": "https://news.qq.com/rain/a/20260112V03ARL00",
            "content": "李亚鹏回应再婚",
            "image": "images/rank2_李亚鹏回_20260112_183436.jpg"
        },
        {
            "rank": 3,
            "title": "闫学晶儿子道歉：娘的错，儿子担",
            "source_platform": "腾讯娱乐",
            "source_url": "https://news.qq.com/rain/a/20260112A03HY300",
            "content": "闫学晶儿子道歉：娘的错，儿子担",
            "image": "images/rank3_闫学晶儿_20260112_183436.jpg"
        },
        {
            "rank": 4,
            "title": "百大厨神集合做年饭了",
            "source_platform": "抖音",
            "source_url": "https://www.douyin.com/hot/2365048",
            "content": "百大厨神集合做年饭了",
            "image": ""
        },
        {
            "rank": 5,
            "title": "全抖音帮你春节不被骗",
            "source_platform": "抖音",
            "source_url": "https://www.douyin.com/hot/2365276",
            "content": "全抖音帮你春节不被骗",
            "image": "images/rank5_全抖音帮_20260112_183436_resized.jpg"
        },
        {
            "rank": 6,
            "title": "三代住房见证南极建站中国奇迹",
            "source_platform": "抖音",
            "source_url": "https://www.douyin.com/hot/2365436",
            "content": "三代住房见证南极建站中国奇迹",
            "image": "images/rank6_三代住房_20260112_183436_resized.jpg"
        },
        {
            "rank": 7,
            "title": "《钓鱼佬和放生大妈的故事》",
            "source_platform": "哔哩哔哩",
            "source_url": "https://www.bilibili.com/video/BV1MJ6mBjEyZ",
            "content": "《钓鱼佬和放生大妈的故事》",
            "image": "images/rank7_《钓鱼佬_20260112_183436_resized.jpg"
        },
        {
            "rank": 8,
            "title": "【二战/历史向手书/CH】 轴心vs同盟 （My songs know what you did in the dark）",
            "source_platform": "哔哩哔哩",
            "source_url": "https://www.bilibili.com/video/BV1TdrKBeExE",
            "content": "【二战/历史向手书/CH】 轴心vs同盟 （My songs know what you did in the dark）",
            "image": "images/rank8_【二战_20260112_183436_resized.jpg"
        },
        {
            "rank": 9,
            "title": "你们期待的《黑猫警长》2026年又更新了！",
            "source_platform": "哔哩哔哩",
            "source_url": "https://www.bilibili.com/video/BV1VJrNBgEj5",
            "content": "你们期待的《黑猫警长》2026年又更新了！",
            "image": "images/rank9_你们期待_20260112_183436_resized.jpg"
        }
    ],
    "timestamp": "20260112_183436"
}