{
    "news": [
        {
            "rank": 0,
            "title": "黄金暴雷，谁在血亏？",
            "original_title": "",
            "source_platform": "",
            "source_url": "",
            "content": "",
            "image": ""
        },
        {
            "rank": 1,
            "title": "一家人盖15层楼自住",
            "original_title": "",
            "source_platform": "极目新闻",
            "source_url": "https://baijiahao.baidu.com/s?id=1855661507012344963",
            "content": "福建泉州一大家族联合建造15层自建房，含22套住房，可容纳四世同堂百余人，配有电梯和商铺。",
            "image": "images/rank1_一家人盖15_20260130_062448.jpg"
        },
        {
            "rank": 2,
            "title": "华为手机全系降价",
            "original_title": "",
            "source_platform": "每日经济新闻",
            "source_url": "https://baijiahao.baidu.com/s?id=1855644519075538093",
            "content": "华为手机全系进行春节限时优惠，最高降价达4000元，活动持续至2026年2月28日。",
            "image": "images/rank2_华为手机全系_20260130_062448.jpg"
        },
        {
            "rank": 3,
            "title": "家长用后退货周岁装饰",
            "original_title": "",
            "source_platform": "羊城派",
            "source_url": "https://baijiahao.baidu.com/s?id=1855640589543854423",
            "content": "浙江台州一网店商家遭遇买家恶意退货，售出的58元宝宝周岁宴装饰品被使用后申请退款。",
            "image": "images/rank3_家长用后退货_20260130_062448.jpg"
        },
        {
            "rank": 4,
            "title": "快递小哥识破黄金诈骗",
            "original_title": "",
            "source_platform": "湖南日报",
            "source_url": "https://baijiahao.baidu.com/s?id=1855640442714490570",
            "content": "新乡市快递员发现收件人以跑腿代取200多克黄金且口音可疑，报警后确认系电信诈骗。",
            "image": "images/rank4_快递小哥识破_20260130_062448.jpg"
        },
        {
            "rank": 5,
            "title": "多地鼓励2.5天休假",
            "original_title": "",
            "source_platform": "第一财经",
            "source_url": "https://baijiahao.baidu.com/s?id=1855650084817211446",
            "content": "吉林、四川、河北等多地发文鼓励有条件的地方和单位实行每周2.5天休假模式，以促进消费。",
            "image": "images/rank5_多地鼓励2__20260130_062448.jpg"
        },
        {
            "rank": 6,
            "title": "黄金平台兑付危机发酵",
            "original_title": "",
            "source_platform": "时代财经",
            "source_url": "https://news.qq.com/rain/a/20260129A07J7500",
            "content": "深圳杰我睿珠宝公司陷入兑付危机，有用户投入本金超5000万元，平台暴雷无法兑付。",
            "image": "images/rank6_黄金平台兑付_20260130_062448.jpg"
        },
        {
            "rank": 7,
            "title": "江苏消费超越广东",
            "original_title": "",
            "source_platform": "城市进化论",
            "source_url": "https://news.qq.com/rain/a/20260129A07O6200",
            "content": "2025年江苏社会消费品零售总额达46394.2亿元，同比增长3.3%，超越广东成为消费第一省。",
            "image": "images/rank7_江苏消费超越_20260130_062448.jpg"
        },
        {
            "rank": 8,
            "title": "阿斯利康在华投资千亿",
            "original_title": "",
            "source_platform": "每日经济新闻",
            "source_url": "https://news.qq.com/rain/a/20260129A06VSF00",
            "content": "英国首相斯塔默访华期间，阿斯利康宣布将于2030年前在中国投资超千亿元，涵盖医药等领域。",
            "image": "images/rank8_阿斯利康在华_20260130_062448.jpg"
        },
        {
            "rank": 9,
            "title": "男子挖出4米长野山药",
            "original_title": "",
            "source_platform": "封面新闻",
            "source_url": "https://www.toutiao.com/video/7600732295972323380/",
            "content": "一名男子挖出巨型野山药，长度达4米，重量约80斤，引发网友关注。",
            "image": "images/rank9_男子挖出4米_20260130_062448.jpg"
        }
    ],
    "timestamp": "20260130_062448"
}