{
    "news": [
        {
            "rank": 0,
            "title": "【轰动】风波再起！众明星卷入，谁能独善其身？",
            "original_title": "",
            "source_platform": "",
            "source_url": "",
            "content": "",
            "image": ""
        },
        {
            "rank": 1,
            "title": "《罪人》获16项奥斯卡提名破纪录",
            "original_title": "",
            "source_platform": "腾讯娱乐",
            "source_url": "https://news.qq.com/rain/a/20260122A06TQS00",
            "content": "《罪人》获16项奥斯卡提名破纪录",
            "image": "images/rank1__罪人_获1_20260123_062018.jpg"
        },
        {
            "rank": 2,
            "title": "李亚鹏现身嫣然医院与热心人士合影",
            "original_title": "",
            "source_platform": "腾讯娱乐",
            "source_url": "https://news.qq.com/rain/a/20260122A03QCV00",
            "content": "李亚鹏现身嫣然医院与热心人士合影",
            "image": "images/rank2_李亚鹏现身嫣_20260123_062018.jpg"
        },
        {
            "rank": 3,
            "title": "春节档主观不正经推荐",
            "original_title": "",
            "source_platform": "腾讯娱乐",
            "source_url": "https://news.qq.com/rain/a/20260122V05P8900",
            "content": "春节档主观不正经推荐",
            "image": "images/rank3_春节档主观不_20260123_062018.jpg"
        },
        {
            "rank": 4,
            "title": "范丞丞亮相央视春晚彩排",
            "original_title": "",
            "source_platform": "腾讯娱乐",
            "source_url": "https://news.qq.com/rain/a/20260122V054RG00",
            "content": "范丞丞亮相央视春晚彩排",
            "image": "images/rank4_范丞丞亮相央_20260123_062018.jpg"
        },
        {
            "rank": 5,
            "title": "姜昆撰文缅怀杨振华",
            "original_title": "",
            "source_platform": "腾讯娱乐",
            "source_url": "https://news.qq.com/rain/a/20260121A06KPJ00",
            "content": "姜昆撰文缅怀杨振华",
            "image": "images/rank5_姜昆撰文缅怀_20260123_062018.jpg"
        },
        {
            "rank": 6,
            "title": "芬兰总理奥尔波将访华",
            "original_title": "",
            "source_platform": "抖音热榜",
            "source_url": "https://www.douyin.com/hot/2376134",
            "content": "芬兰总理奥尔波将访华",
            "image": "images/rank6_芬兰总理奥尔_20260123_062018.jpg"
        },
        {
            "rank": 7,
            "title": "CBA深圳105:95山西",
            "original_title": "",
            "source_platform": "抖音热榜",
            "source_url": "https://www.douyin.com/hot/2376404",
            "content": "CBA深圳105:95山西",
            "image": "images/rank7_CBA深圳1_20260123_062018.jpg"
        },
        {
            "rank": 8,
            "title": "央视曝光畸形\"饭圈\"乱象",
            "original_title": "",
            "source_platform": "抖音热榜",
            "source_url": "https://www.douyin.com/hot/2375596",
            "content": "央视曝光畸形\"饭圈\"乱象",
            "image": "images/rank8_央视曝光畸形_20260123_062018.jpg"
        },
        {
            "rank": 9,
            "title": "江西高速多车碰撞致1死4伤",
            "original_title": "",
            "source_platform": "抖音热榜",
            "source_url": "https://www.douyin.com/hot/2376207",
            "content": "江西高速多车碰撞致1死4伤",
            "image": "images/rank9_江西高速多车_20260123_062018.jpg"
        }
    ],
    "timestamp": "20260123_062018"
}