{
    "news": [
        {
            "rank": 0,
            "title": "科技民生热点纷呈，精选九条新闻速览",
            "content": "",
            "image": ""
        },
        {
            "rank": 1,
            "title": "iPhone 4发布15年后意外爆红",
            "source_platform": "红星新闻",
            "source_url": "https://www.baidu.com/s?wd=%E5%8F%91%E5%B8%8315%E5%B9%B4%E7%9A%84%E6%89%8B%E6%9C%BA%E7%AA%81%E7%84%B6%E7%88%86%E7%BA%A2&sa=fyb_news&rsv_dl=fyb_news",
            "content": "发布15年的iPhone 4在2026年年初需求激增近1000%，意外重新爆红。",
            "image": "images/rank1_iPho_20260113_183327.jpg"
        },
        {
            "rank": 2,
            "title": "国产大飞机C919再添新航线",
            "source_platform": "人民日报",
            "source_url": "https://baijiahao.baidu.com/s?id=1854115254126061192",
            "content": "C919首次执飞广州往返南京航线，标志着其航线网络进一步加密。",
            "image": "images/rank2_国产大飞_20260113_183327.jpg"
        },
        {
            "rank": 3,
            "title": "深圳电动自行车保有量破600万辆",
            "source_platform": "深圳新闻网",
            "source_url": "https://mbd.baidu.com/newspage/data/videolanding?nid=sv_3856616840937987955",
            "content": "深圳已有超600万辆登记上牌电动自行车，平均3人便拥有一辆。",
            "image": "images/rank3_深圳电动_20260113_183327.jpg"
        },
        {
            "rank": 4,
            "title": "59岁女子借助辅助生殖技术产子",
            "source_platform": "荔枝新闻",
            "source_url": "https://www.baidu.com/s?wd=59%E5%B2%81%E5%A5%B3%E5%AD%90%E5%9B%9E%E5%BA%94%E9%AB%98%E9%BE%84%E4%BA%A7%E5%AD%90&sa=fyb_news&rsv_dl=fyb_news",
            "content": "59岁邹女士在苏州顺利诞下男婴，刷新当地孕妇生产年龄纪录。",
            "image": "images/rank4_59岁女_20260113_183327.jpg"
        },
        {
            "rank": 5,
            "title": "小马闻母马尾毛流泪引关注",
            "source_platform": "伍视频",
            "source_url": "https://mbd.baidu.com/newspage/data/videolanding?nid=sv_13310182460303887267&sourceFrom=qmj",
            "content": "四川一只出生14天的小马在母马死亡后，凝视其遗留尾毛并流泪。",
            "image": "images/rank5_小马闻母_20260113_183327.jpg"
        },
        {
            "rank": 6,
            "title": "80岁老干妈创始人仍在一线",
            "source_platform": "大象新闻",
            "source_url": "https://mbd.baidu.com/newspage/data/videolanding?nid=sv_12642639431006253000&sourceFrom=share",
            "content": "老干妈创始人陶华碧已近80岁，至今仍时常出现在生产一线。",
            "image": "images/rank6_80岁老_20260113_183327.jpg"
        },
        {
            "rank": 7,
            "title": "西红柿价格暴涨近10倍",
            "source_platform": "百家号",
            "source_url": "https://baijiahao.baidu.com/s?id=1854194054216792776&wfr=spider&for=pc",
            "content": "全国多地西红柿价格从1-2元/斤涨至7-13元/斤，涨幅近10倍。",
            "image": "images/rank7_西红柿价_20260113_183327.jpg"
        },
        {
            "rank": 8,
            "title": "微信通知可显示头像功能上线",
            "source_platform": "IT之家",
            "source_url": "https://www.toutiao.com/article/7594631671899505204/",
            "content": "部分用户微信消息通知可同步显示联系人头像，提升识别便捷性。",
            "image": "images/rank8_微信通知_20260113_183327.jpg"
        },
        {
            "rank": 9,
            "title": "多地医保提高产检报销水平",
            "source_platform": "第一财经",
            "source_url": "https://news.qq.com/rain/a/20260112A04QWC00#to-comment",
            "content": "北京、宁夏等多地大幅提高产前检查费用报销，北京最高可报1万元。",
            "image": "images/rank9_多地医保_20260113_183327.jpg"
        }
    ],
    "timestamp": "20260113_183327"
}