{
    "news": [
        {
            "rank": 0,
            "title": "零下34℃毛巾能站住？",
            "original_title": "",
            "source_platform": "",
            "source_url": "",
            "content": "",
            "image": ""
        },
        {
            "rank": 1,
            "title": "95后大模型公司上新闻联播",
            "original_title": "",
            "source_platform": "红星新闻",
            "source_url": "https://baijiahao.baidu.com/s?id=1854752576264473002",
            "content": "稀宇科技创始人闫俊杰出席专家企业家座谈会，成为继DeepSeek后第二位参会的大模型企业代表。",
            "image": "images/rank1_95后大模型_20260120_061917.jpg"
        },
        {
            "rank": 2,
            "title": "零下34℃毛巾能站住",
            "original_title": "",
            "source_platform": "央视新闻",
            "source_url": "https://baijiahao.baidu.com/s?id=1854766280010265305",
            "content": "新疆阿勒泰气温降至零下34℃，湿毛巾粘灯杆瞬间冻结后能直立雪中，香菜一捏就碎。",
            "image": "images/rank2_零下34_毛_20260120_061917.jpg"
        },
        {
            "rank": 3,
            "title": "浙江人均存款超17万元",
            "original_title": "",
            "source_platform": "第一财经",
            "source_url": "https://baijiahao.baidu.com/s?id=1854743675521679722",
            "content": "多省公布2025年金融数据，浙江人均存款达17.77万元，较2024年末每人多存1.61万元。",
            "image": "images/rank3_浙江人均存款_20260120_061917.jpg"
        },
        {
            "rank": 4,
            "title": "小伙在柬从事电诈被刑拘",
            "original_title": "",
            "source_platform": "潇湘晨报",
            "source_url": "https://baijiahao.baidu.com/s?id=1854756720470237019",
            "content": "江西铅山警方通报，失联小伙叶文斌在柬埔寨主动从事电诈犯罪活动，已被刑事拘留。",
            "image": "images/rank4_小伙在柬从事_20260120_061917.jpg"
        },
        {
            "rank": 5,
            "title": "女婴泡药浴后离世",
            "original_title": "",
            "source_platform": "纵览新闻",
            "source_url": "https://baijiahao.baidu.com/s?id=1854761192312690042",
            "content": "云南罗平一名四个多月女婴在母婴店泡药浴后不幸离世，警方和市场监督管理局已介入调查。",
            "image": "images/rank5_女婴泡药浴后_20260120_061917.jpg"
        },
        {
            "rank": 6,
            "title": "合肥下“米雪”了",
            "original_title": "",
            "source_platform": "安徽商报",
            "source_url": "https://baijiahao.baidu.com/s?id=1854728749716218133",
            "content": "1月19日合肥长丰杜集降下“米雪”，实为直径小于1毫米的白色细小颗粒状固体降水。",
            "image": "images/rank6_合肥下_米雪_20260120_061917.jpg"
        },
        {
            "rank": 7,
            "title": "醉驾自燃致死案一审判了",
            "original_title": "",
            "source_platform": "红星新闻",
            "source_url": "https://news.qq.com/rain/a/20260119A06E0L00",
            "content": "男子醉驾撞警示桩后车辆自燃致死，家属起诉聚餐同饮者索赔27.9万，法院已作出一审判决。",
            "image": "images/rank7_醉驾自燃致死_20260120_061917.jpg"
        },
        {
            "rank": 8,
            "title": "200多只羊遭狼群夜袭",
            "original_title": "",
            "source_platform": "杭州日报",
            "source_url": "https://www.toutiao.com/article/7596985485457654278/",
            "content": "内蒙古牧民回应200多只羊遭狼群夜袭死亡，当地政府将按60%补偿，死羊全部销毁不流入市场。",
            "image": "images/rank8_200多只羊_20260120_061917.jpg"
        },
        {
            "rank": 9,
            "title": "决定黄金价格的三大属性",
            "original_title": "",
            "source_platform": "清华金融评论",
            "source_url": "https://www.toutiao.com/article/7597059771098808841/",
            "content": "黄金价格持续上涨，2025年累计涨52.06%，连续三年跑赢主要大类资产，接近历史极值水平。",
            "image": "images/rank9_决定黄金价格_20260120_061917.jpg"
        }
    ],
    "timestamp": "20260120_061917"
}