{
    "news": [
        {
            "rank": 0,
            "title": "娱乐资讯精选 | 01月13日热点",
            "content": "今日娱乐资讯精选：闫学晶道歉了，可以放过她吗？、《第贰幕人生》预告、陈梦电视剧首秀，持菜刀打乒乓球等热点话题"
        },
        {
            "rank": 1,
            "title": "闫学晶道歉了，可以放过她吗？",
            "source_platform": "腾讯娱乐",
            "source_url": "https://news.qq.com/rain/a/20260112A027DH00",
            "content": "闫学晶道歉了，可以放过她吗？",
            "image": "images/rank1_闫学晶道_20260113_061755.jpg"
        },
        {
            "rank": 2,
            "title": "《第贰幕人生》预告",
            "source_platform": "腾讯娱乐",
            "source_url": "https://news.qq.com/rain/a/20260112V00KJU00",
            "content": "《第贰幕人生》预告",
            "image": "images/rank2_《第贰幕_20260113_061755.jpg"
        },
        {
            "rank": 3,
            "title": "陈梦电视剧首秀，持菜刀打乒乓球",
            "source_platform": "腾讯娱乐",
            "source_url": "https://news.qq.com/rain/a/20260112V03J0A00",
            "content": "陈梦电视剧首秀，持菜刀打乒乓球",
            "image": "images/rank3_陈梦电视_20260113_061755.jpg"
        },
        {
            "rank": 4,
            "title": "官方确认歼10CE战果",
            "source_platform": "抖音",
            "source_url": "https://www.douyin.com/hot/2365317",
            "content": "官方确认歼10CE战果",
            "image": "images/rank4_官方确认_20260113_061755_resized.jpg"
        },
        {
            "rank": 5,
            "title": "2026年科技创新发力点在哪里",
            "source_platform": "抖音",
            "source_url": "https://www.douyin.com/hot/2365793",
            "content": "2026年科技创新发力点在哪里",
            "image": "images/rank5_2026_20260113_061755_resized.jpg"
        },
        {
            "rank": 6,
            "title": "力鸿一号飞行器首飞成功",
            "source_platform": "抖音",
            "source_url": "https://www.douyin.com/hot/2365422",
            "content": "力鸿一号飞行器首飞成功",
            "image": "images/rank6_力鸿一号_20260113_061755_resized.jpg"
        },
        {
            "rank": 7,
            "title": "重拍了99次的镜头",
            "source_platform": "哔哩哔哩",
            "source_url": "https://www.bilibili.com/video/BV1VW6dB1EtZ",
            "content": "重拍了99次的镜头",
            "image": "images/rank7_重拍了9_20260113_061755_resized.jpg"
        },
        {
            "rank": 8,
            "title": "我的“深海恐惧症”",
            "source_platform": "哔哩哔哩",
            "source_url": "https://www.bilibili.com/video/BV1TfrMBgEZ6",
            "content": "我的“深海恐惧症”",
            "image": "images/rank8_我的“深_20260113_061755_resized.jpg"
        },
        {
            "rank": 9,
            "title": "【二战/历史向手书/CH】 轴心vs同盟 （My songs know what you did in the dark）",
            "source_platform": "哔哩哔哩",
            "source_url": "https://www.bilibili.com/video/BV1TdrKBeExE",
            "content": "【二战/历史向手书/CH】 轴心vs同盟 （My songs know what you did in the dark）",
            "image": "images/rank9_【二战_20260113_061755_resized.jpg"
        }
    ],
    "timestamp": "20260113_061755"
}