{
    "news": [
        {
            "rank": 0,
            "title": "银价破百，银行卖光？",
            "original_title": "",
            "source_platform": "",
            "source_url": "",
            "content": "",
            "image": ""
        },
        {
            "rank": 1,
            "title": "国际银价破百，银行银质品售罄",
            "original_title": "",
            "source_platform": "贝果财经",
            "source_url": "https://news.qq.com/rain/a/20260124A053G200",
            "content": "国际银价突破每盎司100美元关口，涨幅超44%。银行渠道多款银质品已售罄，部分产品需摇号购买。",
            "image": "images/rank1_国际银价破百_20260125_061803.jpg"
        },
        {
            "rank": 2,
            "title": "消费贷利率有望降至“2字头”",
            "original_title": "",
            "source_platform": "大众日报",
            "source_url": "https://news.qq.com/rain/a/20260124A04UTW00",
            "content": "个人消费贷“国补”政策加码，多家银行迅速响应。实际利率有望降至“2字头”，信用卡账单分期首次纳入财政贴息范围。",
            "image": "images/rank2_消费贷利率有_20260125_061803.jpg"
        },
        {
            "rank": 3,
            "title": "46名学者学术不端被通报",
            "original_title": "",
            "source_platform": "政事儿",
            "source_url": "https://news.qq.com/rain/a/20260124A03WFJ00",
            "content": "国家自然科学基金委员会集中通报批评46名涉科研不端及项目资金违规的学者，并公布处理结果。",
            "image": "images/rank3_46名学者学_20260125_061803.jpg"
        },
        {
            "rank": 4,
            "title": "男子留遗书徒步22天，检查无大碍",
            "original_title": "",
            "source_platform": "潇湘晨报",
            "source_url": "https://baijiahao.baidu.com/s?id=1855207447655126097",
            "content": "46岁男子被诊断肝病后留遗书离家，徒步22天至200公里外。被找到后就医，发现病情不严重，戒酒即可治疗。",
            "image": "images/rank4_男子留遗书徒_20260125_061803.jpg"
        },
        {
            "rank": 5,
            "title": "女教师校内宿舍病亡两天才被发现",
            "original_title": "",
            "source_platform": "封面新闻",
            "source_url": "https://news.qq.com/rain/a/20260124A05VAN00",
            "content": "25岁女教师带病工作后在校内宿舍死亡，两天后才被发现。家属称学校未尽注意义务，学校建议起诉。",
            "image": "images/rank5_女教师校内宿_20260125_061803.jpg"
        },
        {
            "rank": 6,
            "title": "中国专利“含金量”持续提升",
            "original_title": "",
            "source_platform": "中国经济网",
            "source_url": "https://baijiahao.baidu.com/s?id=1855106096846633295",
            "content": "2025年国内发明专利有效量达532万件，专利密集型产业增加值突破18万亿元，创新质量与效益加速显现。",
            "image": "images/rank6_中国专利_含_20260125_061803.jpg"
        },
        {
            "rank": 7,
            "title": "扎哈罗娃挑战制作中国煎饼",
            "original_title": "",
            "source_platform": "环看全球",
            "source_url": "https://www.toutiao.com/video/7598769248400900136/",
            "content": "俄罗斯外交部发言人扎哈罗娃在社交媒体上发布视频，挑战制作中国煎饼，引发网友关注。",
            "image": "images/rank7_扎哈罗娃挑战_20260125_061803.jpg"
        },
        {
            "rank": 8,
            "title": "40年教龄教师待遇引讨论",
            "original_title": "",
            "source_platform": "彦子视野",
            "source_url": "https://www.toutiao.com/w/1855155193245696/",
            "content": "达到40年教龄的教师数量稀少，引发关于其退休待遇的讨论。有观点认为这是历史的“丰碑”。",
            "image": "images/rank8_40年教龄教_20260125_061803.jpg"
        },
        {
            "rank": 9,
            "title": "任泽平：未来仅20%城市房价会涨",
            "original_title": "",
            "source_platform": "大河财立方",
            "source_url": "https://www.toutiao.com/article/7598705149641261603/",
            "content": "经济学家任泽平提出楼市“二八现象”：未来只有20%的核心城市房价会再创新高，80%城市将长期阴跌。",
            "image": "images/rank9_任泽平_未来_20260125_061803.jpg"
        }
    ],
    "timestamp": "20260125_061803"
}