{
    "news": [
        {
            "rank": 0,
            "title": "【轰动】风波再起！众明星卷入，谁能独善其身？",
            "original_title": "",
            "source_platform": "",
            "source_url": "",
            "content": "",
            "image": ""
        },
        {
            "rank": 1,
            "title": "宋佳肖战辛芷蕾领奖互让C位",
            "original_title": "",
            "source_platform": "腾讯娱乐",
            "source_url": "https://news.qq.com/rain/a/20260205V07IV700",
            "content": "宋佳肖战辛芷蕾领奖互让C位",
            "image": "images/rank1_宋佳肖战辛芷_20260206_062340.jpg"
        },
        {
            "rank": 2,
            "title": "这次央视主持洗牌不简单",
            "original_title": "",
            "source_platform": "腾讯娱乐",
            "source_url": "https://news.qq.com/rain/a/20260204V05PZ200",
            "content": "这次央视主持洗牌不简单",
            "image": "images/rank2_这次央视主持_20260206_062340.jpg"
        },
        {
            "rank": 3,
            "title": "唐嫣等冰雪星推官集结",
            "original_title": "",
            "source_platform": "腾讯娱乐",
            "source_url": "https://news.qq.com/rain/a/20260205V06PLF00",
            "content": "唐嫣等冰雪星推官集结",
            "image": "images/rank3_唐嫣等冰雪星_20260206_062340.jpg"
        },
        {
            "rank": 4,
            "title": "张碧晨献唱《他不懂》",
            "original_title": "",
            "source_platform": "腾讯娱乐",
            "source_url": "https://news.qq.com/rain/a/20260205V06LV200",
            "content": "张碧晨献唱《他不懂》",
            "image": "images/rank4_张碧晨献唱__20260206_062340.jpg"
        },
        {
            "rank": 5,
            "title": "我的刀盾",
            "original_title": "",
            "source_platform": "抖音热榜",
            "source_url": "https://www.douyin.com/hot/2391091",
            "content": "我的刀盾",
            "image": "images/rank5_我的刀盾_20260206_062340.jpg"
        },
        {
            "rank": 6,
            "title": "官方回应男子从着火电车连救3人",
            "original_title": "",
            "source_platform": "抖音热榜",
            "source_url": "https://www.douyin.com/hot/2390977",
            "content": "官方回应男子从着火电车连救3人",
            "image": "images/rank6_官方回应男子_20260206_062340.jpg"
        },
        {
            "rank": 7,
            "title": "非遗祈福百景图",
            "original_title": "",
            "source_platform": "抖音热榜",
            "source_url": "https://www.douyin.com/hot/2390258",
            "content": "非遗祈福百景图",
            "image": "images/rank7_非遗祈福百景_20260206_062340.jpg"
        },
        {
            "rank": 8,
            "title": "《崩坏：星穹铁道》千星纪游PV：「星际和平倡议：反毁灭同盟」",
            "original_title": "",
            "source_platform": "崩坏星穹铁道",
            "source_url": "https://www.bilibili.com/video/BV1iu6MBSEqd",
            "content": "《崩坏：星穹铁道》千星纪游PV：「星际和平倡议：反毁灭同盟」",
            "image": "images/rank8__崩坏_星穹_20260206_062340.jpg"
        },
        {
            "rank": 9,
            "title": "《鸣潮》共鸣者「爱弥斯」PV | 祝福",
            "original_title": "",
            "source_platform": "鸣潮",
            "source_url": "https://www.bilibili.com/video/BV1EAFTzeEfY",
            "content": "《鸣潮》共鸣者「爱弥斯」PV | 祝福",
            "image": "images/rank9__鸣潮_共鸣_20260206_062340.jpg"
        }
    ],
    "timestamp": "20260206_062340"
}