{
    "news": [
        {
            "rank": 0,
            "title": "娱乐资讯精选 | 01月11日热点",
            "content": "今日娱乐资讯精选：闫学晶之子就读中戏新疆班不实、春晚彩排近30位明星亮相，岳云鹏退出引热议、霍启刚公布个人财产：35套物业出租28套等热点话题"
        },
        {
            "rank": 1,
            "title": "闫学晶之子就读中戏新疆班不实",
            "source_platform": "腾讯娱乐",
            "source_url": "https://news.qq.com/rain/a/20260111A05F7F00",
            "content": "闫学晶之子就读中戏新疆班不实",
            "image": "images/rank1_闫学晶之_20260111_221734.jpg"
        },
        {
            "rank": 2,
            "title": "春晚彩排近30位明星亮相，岳云鹏退出引热议",
            "source_platform": "腾讯娱乐",
            "source_url": "https://news.qq.com/rain/a/20260111A03RUZ00",
            "content": "春晚彩排近30位明星亮相，岳云鹏退出引热议",
            "image": "images/rank2_春晚彩排_20260111_221734.jpg"
        },
        {
            "rank": 3,
            "title": "霍启刚公布个人财产：35套物业出租28套",
            "source_platform": "腾讯娱乐",
            "source_url": "https://news.qq.com/rain/a/20260111A04VDC00",
            "content": "霍启刚公布个人财产：35套物业出租28套",
            "image": "images/rank3_霍启刚公_20260111_221734.jpg"
        },
        {
            "rank": 4,
            "title": "巴萨vs皇马",
            "source_platform": "抖音",
            "source_url": "https://www.douyin.com/hot/2364792",
            "content": "巴萨vs皇马",
            "image": "images/rank4_巴萨vs_20260111_221734_resized.jpg"
        },
        {
            "rank": 5,
            "title": "反腐大片第一集",
            "source_platform": "抖音",
            "source_url": "https://www.douyin.com/hot/2364047",
            "content": "反腐大片第一集",
            "image": "images/rank5_反腐大片_20260111_221734_resized.jpg"
        },
        {
            "rank": 6,
            "title": "启动个人医保云建设试点",
            "source_platform": "抖音",
            "source_url": "https://www.douyin.com/hot/2363990",
            "content": "启动个人医保云建设试点",
            "image": "images/rank6_启动个人_20260111_221734_resized.jpg"
        },
        {
            "rank": 7,
            "title": "《钓鱼佬和放生大妈的故事》",
            "source_platform": "哔哩哔哩",
            "source_url": "https://www.bilibili.com/video/BV1MJ6mBjEyZ",
            "content": "《钓鱼佬和放生大妈的故事》",
            "image": "images/rank7_《钓鱼佬_20260111_221734_resized.jpg"
        },
        {
            "rank": 8,
            "title": "史上最燃的一场比赛！！！《下一个是谁6》03",
            "source_platform": "哔哩哔哩",
            "source_url": "https://www.bilibili.com/video/BV1nDi9ByELu",
            "content": "史上最燃的一场比赛！！！《下一个是谁6》03",
            "image": "images/rank8_史上最燃_20260111_221734_resized.jpg"
        },
        {
            "rank": 9,
            "title": "羊村第五季（2）",
            "source_platform": "哔哩哔哩",
            "source_url": "https://www.bilibili.com/video/BV1DDiXBREQK",
            "content": "羊村第五季（2）",
            "image": "images/rank9_羊村第五_20260111_221734_resized.jpg"
        }
    ],
    "timestamp": "20260111_221734"
}