{
    "news": [
        {
            "rank": 0,
            "title": "美伊大战一触即发？",
            "original_title": "",
            "source_platform": "",
            "source_url": "",
            "content": "",
            "image": ""
        },
        {
            "rank": 1,
            "title": "古巴边防部队击沉美籍快艇致4死",
            "original_title": "Four shot dead on US-registered speedboat by border guards, Cuba says",
            "source_platform": "BBC News",
            "source_url": "https://www.bbc.com/news/articles/c24drvj8yl2o",
            "content": "古巴称一艘美国注册快艇闯入其水域并向巡逻船开火，边防部队还击，造成船上4人死亡、6人受伤。",
            "image": "images/rank1_古巴边防部队_20260226_063001.jpg"
        },
        {
            "rank": 2,
            "title": "墨西哥毒枭内斗致城市沦为战区",
            "original_title": "'Fear is everywhere': BBC reports from Mexican city turned into war zone by drug cartel feud",
            "source_platform": "BBC News",
            "source_url": "https://www.bbc.com/news/articles/cx2g3vmde0eo",
            "content": "墨西哥锡那罗亚贩毒集团因内部权力斗争爆发激烈冲突，导致库利亚坎市暴力激增，居民生活在恐惧之中。",
            "image": "images/rank2_墨西哥毒枭内_20260226_063001.jpg"
        },
        {
            "rank": 3,
            "title": "比尔·盖茨就爱泼斯坦关联向员工道歉",
            "original_title": "Bill Gates 'took responsibility' over Epstein ties in staff meeting, foundation says",
            "source_platform": "BBC News",
            "source_url": "https://www.bbc.com/news/articles/cnv6rjp468ro",
            "content": "比尔·盖茨在基金会内部会议上承认与已定罪性犯罪者爱泼斯坦交往是“巨大错误”，并为此道歉。",
            "image": "images/rank3_比尔_盖茨就_20260226_063001.jpg"
        },
        {
            "rank": 4,
            "title": "残疾女子被强制送入养老院引争议",
            "original_title": "Disabled woman put in nursing home against her will says she feels 'betrayed'",
            "source_platform": "BBC News",
            "source_url": "https://www.bbc.com/news/articles/czj1ndzz9xyo",
            "content": "一名有完全行为能力的33岁残疾女子在拒绝后，仍被英国国民医疗服务体系强制从家中转移至养老院。",
            "image": "images/rank4_残疾女子被强_20260226_063001.jpg"
        },
        {
            "rank": 5,
            "title": "特朗普国情咨文未明确对伊动武计划",
            "original_title": "Trump keeps world waiting on his plans for Iran after State of the Union",
            "source_platform": "BBC News",
            "source_url": "https://www.bbc.com/news/articles/cge821xwyz8o",
            "content": "特朗普发表史上最长国情咨文，但未就伊朗核问题明确表态，美伊紧张局势持续，关键谈判在即。",
            "image": "images/rank5_特朗普国情咨_20260226_063001.jpg"
        },
        {
            "rank": 6,
            "title": "澳警员遇害案嫌犯潜逃半年未落网",
            "original_title": "Six months after two police officers killed, will conspiracy theorist who ran into bush ever be found?",
            "source_platform": "BBC News",
            "source_url": "https://www.bbc.com/news/articles/cm280j2jgvyo",
            "content": "澳大利亚一名阴谋论者涉嫌枪杀两名警员后逃入丛林，半年过去，警方大规模搜捕仍未找到其踪迹。",
            "image": "images/rank6_澳警员遇害案_20260226_063001.jpg"
        },
        {
            "rank": 7,
            "title": "美媒核查特朗普国情咨文多项数据",
            "original_title": "Fact-checking Trump's longest ever State of the Union",
            "source_platform": "BBC News",
            "source_url": "https://www.bbc.com/news/articles/cgmlzg0p8k2o",
            "content": "BBC核查特朗普国情咨文，发现其关于经济、移民、战争等多项数据与事实存在出入或需额外背景说明。",
            "image": "images/rank7_美媒核查特朗_20260226_063001.jpg"
        },
        {
            "rank": 8,
            "title": "美国滑雪爱好者转向平价雪场",
            "original_title": "These low-key US mountains offer ways to avoid getting ‘priced out of skiing’",
            "source_platform": "CNN",
            "source_url": "https://edition.cnn.com/2026/02/25/travel/ski-resorts-united-states-low-key-affordable",
            "content": "因知名雪场票价过高，美国许多滑雪爱好者开始转向价格更亲民的小众雪场，以节省数千美元开支。",
            "image": "images/rank8_美国滑雪爱好_20260226_063001.jpg"
        },
        {
            "rank": 9,
            "title": "Anthropic升级AI工具深耕职场应用",
            "original_title": "AI nerves are fraying. Anthropic keeps doubling down",
            "source_platform": "CNN",
            "source_url": "https://edition.cnn.com/2026/02/24/tech/anthropic-claude-plugins-office-jobs",
            "content": "人工智能公司Anthropic升级其Claude AI助手，推出针对设计、人力资源等特定职业的插件，并增强其在办公软件中的功能。",
            "image": "images/rank9_Anthro_20260226_063001.jpg"
        }
    ],
    "timestamp": "20260226_063001"
}