{
    "news": [
        {
            "rank": 0,
            "title": "研发投入首超发达国家？",
            "original_title": "",
            "source_platform": "",
            "source_url": "",
            "content": "",
            "image": ""
        },
        {
            "rank": 1,
            "title": "研发投入首超发达国家",
            "original_title": "",
            "source_platform": "人民日报",
            "source_url": "https://baijiahao.baidu.com/s?id=1855288514191969851",
            "content": "2025年中国研发经费投入强度达2.8%，首次超过OECD国家平均水平，成为科技创新新里程碑。",
            "image": "images/rank1_研发投入首超_20260126_183605.jpg"
        },
        {
            "rank": 2,
            "title": "甘肃发生5.5级地震",
            "original_title": "",
            "source_platform": "央视新闻",
            "source_url": "https://baijiahao.baidu.com/s?id=1855362374710804770",
            "content": "1月26日甘肃甘南州迭部县发生5.5级地震，震源深度10千米，陕西四川等地有震感。",
            "image": "images/rank2_甘肃发生5__20260126_183605.jpg"
        },
        {
            "rank": 3,
            "title": "广东GDP连续37年全国第一",
            "original_title": "",
            "source_platform": "国民经略",
            "source_url": "https://baijiahao.baidu.com/s?id=1855347079119614102",
            "content": "2025年广东省GDP达14.58万亿元，连续37年蝉联全国第一，并在财政、人口等多领域领先。",
            "image": "images/rank3_广东GDP连_20260126_183605.jpg"
        },
        {
            "rank": 4,
            "title": "中国监测尼帕病毒",
            "original_title": "",
            "source_platform": "界面新闻",
            "source_url": "https://baijiahao.baidu.com/s?id=1855345578639646424",
            "content": "印度出现尼帕病毒疫情，我国已将尼帕病毒纳入国境卫生检疫法监测范围，目前未报告病例。",
            "image": "images/rank4_中国监测尼帕_20260126_183605.jpg"
        },
        {
            "rank": 5,
            "title": "大爷网购“宝马”5天抛锚4次",
            "original_title": "",
            "source_platform": "河山新闻",
            "source_url": "https://baijiahao.baidu.com/s?id=1855373737722782158",
            "content": "河南70岁大爷花2.58万元网购“宝马X5”，到手为劣质车，续航质量严重不符，五天四次抛锚。",
            "image": "images/rank5_大爷网购_宝_20260126_183605.jpg"
        },
        {
            "rank": 6,
            "title": "低温雨雪致多条国省道封闭",
            "original_title": "",
            "source_platform": "央视新闻",
            "source_url": "https://news.qq.com/rain/a/20260125A05PBW00",
            "content": "两股冷空气接连影响我国，中东部多地降温，低温雨雪冰冻导致多条国省干线局部路段封闭管控。",
            "image": "images/rank6_低温雨雪致多_20260126_183605.jpg"
        },
        {
            "rank": 7,
            "title": "美国运动员徒手攀爬台北101",
            "original_title": "",
            "source_platform": "中国新闻网",
            "source_url": "https://news.qq.com/rain/a/20260125A051HO00",
            "content": "美国攀岩运动员亚历克斯·霍诺德成功徒手攀爬508米高的台北101大楼，耗时约一个半小时。",
            "image": "images/rank7_美国运动员徒_20260126_183605.jpg"
        },
        {
            "rank": 8,
            "title": "我国建成最大寄递网络",
            "original_title": "",
            "source_platform": "人民日报",
            "source_url": "https://www.toutiao.com/article/7599453903062663734",
            "content": "我国已建成世界规模最大的寄递网络，连接生产消费，服务实体经济，助力农产品快速流通。",
            "image": "images/rank8_我国建成最大_20260126_183605.jpg"
        },
        {
            "rank": 9,
            "title": "杨鸣辞任辽宁男篮主帅",
            "original_title": "",
            "source_platform": "界面快讯",
            "source_url": "https://www.toutiao.com/article/7599596741431706164",
            "content": "辽宁男篮主教练杨鸣因个人身体原因辞去职务，俱乐部已接受其申请，未来将继续为球队贡献力量。",
            "image": "images/rank9_杨鸣辞任辽宁_20260126_183605.jpg"
        }
    ],
    "timestamp": "20260126_183605"
}