{
    "news": [
        {
            "rank": 0,
            "title": "毒枭毙命，风暴来袭",
            "original_title": "",
            "source_platform": "",
            "source_url": "",
            "content": "",
            "image": ""
        },
        {
            "rank": 1,
            "title": "墨西哥头号毒枭“门乔”在军事行动中被击毙",
            "original_title": "Mexico's most wanted drug lord 'El Mencho' killed in military operation",
            "source_platform": "BBC News",
            "source_url": "https://www.bbc.com/news/articles/cy4wywnrdd8o",
            "content": "墨西哥军方在一次安全行动中击毙了该国头号通缉犯、哈利斯科新一代贩毒集团（CJNG）的领导人“门乔”。",
            "image": "images/rank1_墨西哥头号毒_20260223_062035.jpg"
        },
        {
            "rank": 2,
            "title": "特朗普质疑伊朗为何未“屈服”于军事压力",
            "original_title": "Trump curious why Iran has not 'capitulated', US envoy Witkoff says",
            "source_platform": "BBC News",
            "source_url": "https://www.bbc.com/news/articles/cn5gk15rr70o",
            "content": "美国总统特朗普的特使表示，特朗普对伊朗在美国军事集结面前仍未“屈服”感到好奇。",
            "image": "images/rank2_特朗普质疑伊_20260223_062035.jpg"
        },
        {
            "rank": 3,
            "title": "格陵兰拒绝特朗普派出的“医院船”援助",
            "original_title": "Greenland says 'no thanks' to Trump US hospital boat",
            "source_platform": "BBC News",
            "source_url": "https://www.bbc.com/news/articles/cy7jnvdzpr7o",
            "content": "格陵兰总理拒绝了特朗普派出的“医院船”，称其拥有全民免费医疗体系，并呼吁特朗普直接对话。",
            "image": "images/rank3_格陵兰拒绝特_20260223_062035.jpg"
        },
        {
            "rank": 4,
            "title": "武装男子闯入特朗普海湖庄园被击毙",
            "original_title": "Armed man killed after entering secure perimeter of Trump's residence, Secret Service says",
            "source_platform": "BBC News",
            "source_url": "https://www.bbc.com/news/articles/cp32l9w9pgyo",
            "content": "一名携带霰弹枪和燃料罐的男子闯入特朗普海湖庄园的安全警戒区，被特勤局人员击毙。",
            "image": "images/rank4_武装男子闯入_20260223_062035.jpg"
        },
        {
            "rank": 5,
            "title": "历史性强冬季风暴袭击美国东北部，纽约发布旅行禁令",
            "original_title": "Powerful winter storm targets US northeast as NYC issues travel ban",
            "source_platform": "BBC News",
            "source_url": "https://www.bbc.com/news/articles/c75ere6z4weo",
            "content": "一场历史性冬季风暴袭击美国东北部，纽约市发布全面旅行禁令，5400万人受暴风雪警告影响。",
            "image": "images/rank5_历史性强冬季_20260223_062035.jpg"
        },
        {
            "rank": 6,
            "title": "美驻以大使涉领土言论遭阿拉伯国家谴责",
            "original_title": "US ambassador's Israel comments condemned by Arab and Muslim nations",
            "source_platform": "BBC News",
            "source_url": "https://www.bbc.com/news/articles/cn5gkkgdzkyo",
            "content": "美国驻以色列大使暗示以色列可依据《圣经》占领大片中东土地的言论，遭十余个阿拉伯和穆斯林国家联合谴责。",
            "image": "images/rank6_美驻以大使涉_20260223_062035.jpg"
        },
        {
            "rank": 7,
            "title": "布朗要求警方调查安德鲁是否用军事基地会面爱泼斯坦",
            "original_title": "Brown urges police probe into whether Andrew used RAF bases to meet Epstein",
            "source_platform": "BBC News",
            "source_url": "https://www.bbc.com/news/articles/cj0dme87l84o",
            "content": "英国前首相戈登·布朗要求警方调查安德鲁是否曾使用纳税人资助的飞机和皇家空军基地与爱泼斯坦会面。",
            "image": "images/rank7_布朗要求警方_20260223_062035.jpg"
        },
        {
            "rank": 8,
            "title": "美国队为纪念逝去队友赢得历史性冰球金牌",
            "original_title": "Winning it for Johnny Hockey: Team USA wins a historic gold and honors a fallen teammate",
            "source_platform": "CNN",
            "source_url": "https://edition.cnn.com/2026/02/22/sport/team-usa-johnny-gaudreau-hockey-gold-medal",
            "content": "美国男子冰球队在米兰冬奥会决赛中击败加拿大，赢得自“冰上奇迹”后的首枚金牌，以此纪念逝去的队友。",
            "image": "images/rank8_美国队为纪念_20260223_062035.jpg"
        },
        {
            "rank": 9,
            "title": "社交媒体成瘾案开审，扎克伯格首次出庭作证",
            "original_title": "A ‘bellwether’ social media addiction trial is underway. It could set off a chain reaction",
            "source_platform": "CNN",
            "source_url": "https://edition.cnn.com/2026/02/22/tech/social-media-addiction-trial-tobacco-moment",
            "content": "Meta CEO扎克伯格首次就社交媒体危害青少年指控出庭作证，此案可能引发科技行业的“大烟草时刻”。",
            "image": "images/rank9_社交媒体成瘾_20260223_062035.jpg"
        }
    ],
    "timestamp": "20260223_062035"
}