{
    "news": [
        {
            "rank": 0,
            "title": "金正恩钦定13岁女儿接班",
            "original_title": "",
            "source_platform": "",
            "source_url": "",
            "content": "",
            "image": ""
        },
        {
            "rank": 1,
            "title": "韩国情报机构：金正恩选定女儿为接班人",
            "original_title": "Kim Jong Un chooses teen daughter as heir, says Seoul",
            "source_platform": "BBC News",
            "source_url": "https://www.bbc.com/news/articles/cn0e1g7kwglo",
            "content": "韩国情报机构称，朝鲜领导人金正恩已选定其女儿金主爱为继承人。金主爱近期频繁陪同父亲出席重要公开活动。",
            "image": "images/rank1_韩国情报机构_20260212_185604.jpg"
        },
        {
            "rank": 2,
            "title": "美国众议院投票推翻特朗普对加拿大关税",
            "original_title": "US House votes to overturn Trump's tariffs on Canada",
            "source_platform": "BBC News",
            "source_url": "https://www.bbc.com/news/articles/clyz2142e77o",
            "content": "美国众议院投票通过决议，寻求撤销特朗普总统去年对加拿大商品加征的关税。该决议仍需参议院批准并由总统签署。",
            "image": "images/rank2_美国众议院投_20260212_185604.jpg"
        },
        {
            "rank": 3,
            "title": "美国司法部长邦迪为爱泼斯坦案处理辩护",
            "original_title": "Four takeaways from Pam Bondi's fiery Epstein testimony",
            "source_platform": "BBC News",
            "source_url": "https://www.bbc.com/news/articles/cq6ql2n917zo",
            "content": "美国司法部长帕姆·邦迪在国会听证会上为司法部处理爱泼斯坦文件的方式辩护，并与议员就移民执法等问题发生激烈交锋。",
            "image": "images/rank3_美国司法部长_20260212_185604.jpg"
        },
        {
            "rank": 4,
            "title": "英国首相要求曼联老板为移民言论道歉",
            "original_title": "Starmer tells Sir Jim Ratcliffe to apologise for saying UK 'colonised by immigrants'",
            "source_platform": "BBC News",
            "source_url": "https://www.bbc.com/news/articles/ckglv1n4dzeo",
            "content": "英国首相斯塔默批评曼联共同所有者吉姆·拉特克利夫爵士关于英国“被移民殖民”的言论，称其“冒犯且错误”，并要求其道歉。",
            "image": "images/rank4_英国首相要求_20260212_185604.jpg"
        },
        {
            "rank": 5,
            "title": "乌克兰钢架雪车选手因头盔被禁赛",
            "original_title": "Ukrainian skeleton slider disqualified from Olympics after breaking IOC rules on helmet honoring dead compatriots",
            "source_platform": "CNN",
            "source_url": "https://edition.cnn.com/2026/02/12/sport/ukrainian-skeleton-withdrawn-olympics-helmet",
            "content": "乌克兰钢架雪车选手赫拉斯克维奇因坚持佩戴印有阵亡同胞图像的头盔，违反国际奥委会规定，被取消冬奥会参赛资格。",
            "image": "images/rank5_乌克兰钢架雪_20260212_185604.jpg"
        },
        {
            "rank": 6,
            "title": "说唱歌手斯努普·狗狗出任冬奥教练",
            "original_title": "Coach Snoop is having a blast at the Olympics",
            "source_platform": "CNN",
            "source_url": "https://edition.cnn.com/2026/02/11/style/milan-cortina-winter-olympics-snoop-dogg",
            "content": "美国说唱歌手斯努普·狗狗以教练身份亮相米兰-科尔蒂纳冬奥会，其独特的时尚造型成为赛场外的焦点。",
            "image": "images/rank6_说唱歌手斯努_20260212_185604.jpg"
        },
        {
            "rank": 7,
            "title": "美国能源高官访问委内瑞拉促能源改革",
            "original_title": "Top U.S. Energy Official Presses Venezuela to Do More to Spur Investment",
            "source_platform": "New York Times",
            "source_url": "https://www.nytimes.com/2026/02/11/world/americas/us-venezuela-foreign-investment-oil.html",
            "content": "美国能源部长克里斯·赖特访问委内瑞拉，敦促该国政府进一步开放能源行业以吸引外国投资，这是近三十年来美国高官首次访委。",
            "image": "images/rank7_美国能源高官_20260212_185604.jpg"
        },
        {
            "rank": 8,
            "title": "墨西哥麻疹疫情或致其“无麻疹”地位不保",
            "original_title": "Mexico Risks Losing Its Measles-Free Status, Months Before Millions Arrive for World Cup",
            "source_platform": "New York Times",
            "source_url": "https://www.nytimes.com/2026/02/11/world/americas/mexico-measles-elimination-world-cup.html",
            "content": "麻疹疫情在墨西哥持续蔓延，该国可能失去保持了三十年的“无麻疹”地位，而此时距离世界杯开幕仅数月。",
            "image": "images/rank8_墨西哥麻疹疫_20260212_185604.jpg"
        },
        {
            "rank": 9,
            "title": "男子“死亡”40分钟后重生，感悟人生真谛",
            "original_title": "I died for 40 minutes - here's what it taught me about life",
            "source_platform": "BBC News",
            "source_url": "https://www.bbc.com/news/articles/c0jvxwvdy4zo",
            "content": "英国律师帕特里克·查恩利心脏骤停“临床死亡”40分钟后被救回，脑损伤改变了他的生活，但他表示更珍惜当下。",
            "image": "images/rank9_男子_死亡__20260212_185604.jpg"
        }
    ],
    "timestamp": "20260212_185604"
}