{
    "news": [
        {
            "rank": 0,
            "title": "特朗普关税又加码！",
            "original_title": "",
            "source_platform": "",
            "source_url": "",
            "content": "",
            "image": ""
        },
        {
            "rank": 1,
            "title": "特朗普宣布将全球关税提高至15%",
            "original_title": "Trump says he will increase his new global tariffs to 15%",
            "source_platform": "BBC News",
            "source_url": "https://www.bbc.com/news/articles/cn8z48xwqn3o",
            "content": "美国最高法院裁定特朗普关税违宪后，特朗普宣布将依据另一法案，对几乎所有进口商品征收15%的全球关税。",
            "image": "images/rank1_特朗普宣布将_20260222_061955.jpg"
        },
        {
            "rank": 2,
            "title": "NASA登月任务因火箭问题再次推迟",
            "original_title": "Nasa astronauts' moon mission delayed due to rocket issue",
            "source_platform": "BBC News",
            "source_url": "https://www.bbc.com/news/articles/c626v265zqlo",
            "content": "NASA宣布，原定3月6日发射的“阿尔忒弥斯2号”载人绕月任务因火箭氦气系统问题推迟，人类重返月球计划遇阻。",
            "image": "images/rank2_NASA登月_20260222_061955.jpg"
        },
        {
            "rank": 3,
            "title": "特朗普政府数小时内解雇刚获任命的检察官",
            "original_title": "Trump administration fires Virginia prosecutor hours after judges appointed him",
            "source_platform": "BBC News",
            "source_url": "https://www.bbc.com/news/articles/c4gqegwgp7wo",
            "content": "弗吉尼亚州法官小组刚任命亨德利为联邦检察官数小时后，特朗普政府便将其解雇，引发司法任命权之争。",
            "image": "images/rank3_特朗普政府数_20260222_061955.jpg"
        },
        {
            "rank": 4,
            "title": "法国极左翼因学生被杀案陷入政治困境",
            "original_title": "Killing of nationalist student leaves French far left in deep trouble as elections loom",
            "source_platform": "BBC News",
            "source_url": "https://www.bbc.com/news/articles/cnv61zv534eo",
            "content": "一名民族主义学生在里昂被疑似极左翼分子杀害，导致法国极左翼政党“不屈法国”面临巨大舆论压力，可能改变法国政治格局。",
            "image": "images/rank4_法国极左翼因_20260222_061955.jpg"
        },
        {
            "rank": 5,
            "title": "巨型陆龟时隔近200年重返加拉帕戈斯岛屿",
            "original_title": "Giant tortoises return to Galápagos island after nearly 200 years",
            "source_platform": "BBC News",
            "source_url": "https://www.bbc.com/news/articles/c9wn1jrzk4go",
            "content": "158只人工繁育的巨型陆龟被放归加拉帕戈斯群岛的弗洛雷阿纳岛，这是该岛本土龟种灭绝180多年后的首次回归。",
            "image": "images/rank5_巨型陆龟时隔_20260222_061955.jpg"
        },
        {
            "rank": 6,
            "title": "加拿大枪击案嫌犯ChatGPT账户半年前被封",
            "original_title": "Tumbler Ridge suspect's ChatGPT account banned before shooting",
            "source_platform": "BBC News",
            "source_url": "https://www.bbc.com/news/articles/cn4gq352w89o",
            "content": "OpenAI在加拿大大规模枪击案发生半年前，因滥用检测封禁了嫌犯的ChatGPT账户，但当时未达到向当局报警的阈值。",
            "image": "images/rank6_加拿大枪击案_20260222_061955.jpg"
        },
        {
            "rank": 7,
            "title": "美国东北部将迎暴风雪，纽约发布暴雪预警",
            "original_title": "Blizzard warnings expand as blockbuster nor’easter takes aim at New York City, Northeast",
            "source_platform": "CNN",
            "source_url": "https://edition.cnn.com/2026/02/21/weather/blizzard-snowstorm-new-york-northeast-climate",
            "content": "一场强东北风暴将袭击美国东北部，纽约、波士顿等大城市将面临暴雪、强风和可能出现的暴风雪天气。",
            "image": "images/rank7_美国东北部将_20260222_061955.jpg"
        },
        {
            "rank": 8,
            "title": "美国男子冰球队距“冰上奇迹”后首金仅一步之遥",
            "original_title": "Team USA is one game away from its first gold medal in men’s hockey since the ‘Miracle on Ice.’ That team still inspires",
            "source_platform": "CNN",
            "source_url": "https://edition.cnn.com/2026/02/21/sport/usa-mens-hockey-miracle-on-ice-inspiration",
            "content": "美国男子冰球队将在奥运决赛中对阵加拿大，若获胜将是自1980年“冰上奇迹”后首次夺得该项目金牌。",
            "image": "images/rank8_美国男子冰球_20260222_061955.jpg"
        },
        {
            "rank": 9,
            "title": "朝鲜展示金正恩驾驶移动火箭发射车",
            "original_title": "North Korea shows Kim Jong Un at the wheel of a mobile rocket launcher",
            "source_platform": "CNN",
            "source_url": "https://edition.cnn.com/2026/02/19/asia/north-korea-multiple-rocket-launchers-intl-hnk-ml",
            "content": "朝鲜官媒发布金正恩驾驶核能力移动火箭发射车的照片，称其为全球同类武器中最强大的之一。",
            "image": "images/rank9_朝鲜展示金正_20260222_061955.jpg"
        }
    ],
    "timestamp": "20260222_061955"
}