{
    "news": [
        {
            "rank": 0,
            "title": "【轰动】风波再起！众明星卷入，谁能独善其身？",
            "original_title": "",
            "source_platform": "",
            "source_url": "",
            "content": "",
            "image": ""
        },
        {
            "rank": 1,
            "title": "39岁男星被困迪拜航班取消",
            "original_title": "",
            "source_platform": "腾讯娱乐",
            "source_url": "https://news.qq.com/rain/a/20260301V05EYI00",
            "content": "39岁男星被困迪拜航班取消",
            "image": "images/rank1_39岁男星被_20260301_183357.jpg"
        },
        {
            "rank": 2,
            "title": "“邢捕头”范明南京别墅曝光，装修五年似宫殿",
            "original_title": "",
            "source_platform": "腾讯娱乐",
            "source_url": "https://news.qq.com/rain/a/20260228A071SW00",
            "content": "“邢捕头”范明南京别墅曝光，装修五年似宫殿",
            "image": "images/rank2__邢捕头_范_20260301_183357.jpg"
        },
        {
            "rank": 3,
            "title": "知名演员秦岚自曝患病，已做手术",
            "original_title": "",
            "source_platform": "腾讯娱乐",
            "source_url": "https://news.qq.com/rain/a/20260228A07W3200",
            "content": "知名演员秦岚自曝患病，已做手术",
            "image": "images/rank3_知名演员秦岚_20260301_183357.jpg"
        },
        {
            "rank": 4,
            "title": "51岁周迅过年回老家摘菜",
            "original_title": "",
            "source_platform": "腾讯娱乐",
            "source_url": "https://news.qq.com/rain/a/20260228V07TSM00",
            "content": "51岁周迅过年回老家摘菜",
            "image": "images/rank4_51岁周迅过_20260301_183357.jpg"
        },
        {
            "rank": 5,
            "title": "中国男篮力克中国台北男篮",
            "original_title": "",
            "source_platform": "抖音热榜",
            "source_url": "https://www.douyin.com/hot/2415081",
            "content": "中国男篮力克中国台北男篮",
            "image": "images/rank5_中国男篮力克_20260301_183357.jpg"
        },
        {
            "rank": 6,
            "title": "三月 你好",
            "original_title": "",
            "source_platform": "抖音热榜",
            "source_url": "https://www.douyin.com/hot/2414964",
            "content": "三月 你好",
            "image": "images/rank6_三月_你好_20260301_183357.jpg"
        },
        {
            "rank": 7,
            "title": "伊朗最高领袖哈梅内伊遇袭身亡",
            "original_title": "",
            "source_platform": "抖音热榜",
            "source_url": "https://www.douyin.com/hot/2415026",
            "content": "伊朗最高领袖哈梅内伊遇袭身亡",
            "image": "images/rank7_伊朗最高领袖_20260301_183357.jpg"
        },
        {
            "rank": 8,
            "title": "江浙沪就这样等美食回归解馋",
            "original_title": "",
            "source_platform": "抖音热榜",
            "source_url": "https://www.douyin.com/hot/2415104",
            "content": "江浙沪就这样等美食回归解馋",
            "image": "images/rank8_江浙沪就这样_20260301_183357.jpg"
        },
        {
            "rank": 9,
            "title": "挑战把墙画成艺术品",
            "original_title": "",
            "source_platform": "抖音热榜",
            "source_url": "https://www.douyin.com/hot/2415042",
            "content": "挑战把墙画成艺术品",
            "image": "images/rank9_挑战把墙画成_20260301_183357.jpg"
        }
    ],
    "timestamp": "20260301_183357"
}