{
    "news": [
        {
            "rank": 0,
            "title": "便宜背后藏啥坑？你中招了吗？",
            "original_title": "",
            "source_platform": "",
            "source_url": "",
            "content": "",
            "image": ""
        },
        {
            "rank": 1,
            "title": "短剧淋雨婴儿片酬仅800元",
            "original_title": "",
            "source_platform": "大象新闻",
            "source_url": "https://baijiahao.baidu.com/s?id=1854632617758059332",
            "content": "短剧拍摄中婴儿被固定在演员背上淋雨，片酬仅800元，部分家长因经济压力接受此类拍摄。",
            "image": "images/rank1_短剧淋雨婴儿_20260119_061808.jpg"
        },
        {
            "rank": 2,
            "title": "男子滥用抗生素生出超级细菌",
            "original_title": "",
            "source_platform": "5号视频",
            "source_url": "https://baijiahao.baidu.com/s?id=1854656882566005290",
            "content": "男子长期擅自更换抗生素治疗，导致体内产生超级耐药细菌，对20余种常用抗生素均无效。",
            "image": "images/rank2_男子滥用抗生_20260119_061808.jpg"
        },
        {
            "rank": 3,
            "title": "6人就餐仅花19元老板要求带走垃圾",
            "original_title": "",
            "source_platform": "中广融媒中心",
            "source_url": "https://baijiahao.baidu.com/s?id=1854665703794579873",
            "content": "6位顾客花19元点两碗汤，自带食物并用店内调料，留下垃圾后老板要求带走，引发争执。",
            "image": "images/rank3_6人就餐仅花_20260119_061808.jpg"
        },
        {
            "rank": 4,
            "title": "青岛虎界“刘亦菲”小孬火出圈",
            "original_title": "",
            "source_platform": "半岛都市报",
            "source_url": "https://baijiahao.baidu.com/s?id=1854547004805986232",
            "content": "青岛动物园一只孟加拉白虎因美貌在互联网走红，被网友称为“刘亦菲”，已持续走红两三年。",
            "image": "images/rank4_青岛虎界_刘_20260119_061808.jpg"
        },
        {
            "rank": 5,
            "title": "朱雨玲逆转击败佐藤瞳夺女单冠军",
            "original_title": "",
            "source_platform": "天涯沦落人",
            "source_url": "https://baijiahao.baidu.com/s?id=1854668649606835515",
            "content": "2026年多哈球星挑战赛女单决赛，朱雨玲4-2击败日本削球手佐藤瞳，连续两站夺冠。",
            "image": "images/rank5_朱雨玲逆转击_20260119_061808.jpg"
        },
        {
            "rank": 6,
            "title": "“最快女护士”张水华辞职后首战成绩超预期",
            "original_title": "",
            "source_platform": "晶报",
            "source_url": "https://news.qq.com/rain/a/20260118A042ZT00",
            "content": "“最快女护士”张水华辞职后参加首场马拉松，获国际女子组第六名，赛后称“轻舟已过万重山”。",
            "image": "images/rank6__最快女护士_20260119_061808.jpg"
        },
        {
            "rank": 7,
            "title": "大额存单利率跌入“0字头”",
            "original_title": "",
            "source_platform": "第一财经",
            "source_url": "https://news.qq.com/rain/a/20260118A051S100",
            "content": "大额存单利率加速进入“0字头”时代，一年期以下产品利率普遍跌破1%，储户跨行“搬家”。",
            "image": "images/rank7_大额存单利率_20260119_061808.jpg"
        },
        {
            "rank": 8,
            "title": "竹子穿透路灯生长成网红打卡地",
            "original_title": "",
            "source_platform": "荔枝新闻",
            "source_url": "https://www.toutiao.com/video/7596668965716574217/",
            "content": "竹子穿透路灯生长，形成独特景观，现已成网红打卡地，吸引众多游客拍照。",
            "image": "images/rank8_竹子穿透路灯_20260119_061808.jpg"
        },
        {
            "rank": 9,
            "title": "睡前有这5种表现要警惕脑梗",
            "original_title": "",
            "source_platform": "今日头条",
            "source_url": "https://www.toutiao.com/article/7596361451028120100/",
            "content": "脑梗常在夜间发作，睡前有特定5种表现需高度警惕，及时就医可降低风险。",
            "image": "images/rank9_睡前有这5种_20260119_061808.jpg"
        }
    ],
    "timestamp": "20260119_061808"
}