{
    "news": [
        {
            "rank": 0,
            "title": "北约盟友紧急增兵格陵兰！特朗普“强买”计划遭遇欧洲集体阻击？",
            "original_title": "",
            "source_platform": "",
            "source_url": "",
            "content": "",
            "image": ""
        },
        {
            "rank": 1,
            "title": "委内瑞拉反对派领袖向特朗普赠送诺贝尔和平奖奖章",
            "original_title": "Venezuelan Nobel Peace Prize winner presents her medal to Trump",
            "source_platform": "BBC News",
            "source_url": "https://www.bbc.com/news/articles/cx2w94wp4p1o",
            "content": "委内瑞拉反对派领袖玛丽亚·科里纳·马查多将她的诺贝尔和平奖奖章赠予美国总统特朗普，以表彰他对委内瑞拉自由事业的承诺。",
            "image": "images/rank1_委内瑞拉反对_20260116_183334.jpg"
        },
        {
            "rank": 2,
            "title": "黄牛夫妇因倒卖门票欺诈被判偿还300万英镑",
            "original_title": "Sheeran touts ordered to pay back £3m or face jail",
            "source_platform": "BBC News",
            "source_url": "https://www.bbc.com/news/articles/cr57vyv27mno",
            "content": "一对夫妇因大规模倒卖门票欺诈被判有罪，被勒令在三个月内偿还300万英镑，否则将面临监禁。",
            "image": "images/rank2_黄牛夫妇因倒_20260116_183334.jpg"
        },
        {
            "rank": 3,
            "title": "指控知名双胞胎性侵的女子在澳大利亚被发现死亡",
            "original_title": "Woman who accused high-profile twins of sexual assault found dead in Australia",
            "source_platform": "BBC News",
            "source_url": "https://www.bbc.com/news/articles/cgrd9z1ep04o",
            "content": "首位公开指控知名双胞胎奥伦和阿隆·亚历山大性侵的女性凯特·怀特曼，据报于去年年底在澳大利亚被发现死亡。",
            "image": "images/rank3_指控知名双胞_20260116_183334.jpg"
        },
        {
            "rank": 4,
            "title": "南极冰盖下地貌首次以空前细节揭示",
            "original_title": "Landscape beneath Antarctica's icy surface revealed in unprecedented detail",
            "source_platform": "BBC News",
            "source_url": "https://www.bbc.com/news/articles/c9qpx2qqeq7o",
            "content": "科学家利用卫星数据和冰川运动物理学，绘制出南极冰盖下前所未有的详细地貌图，揭示了数千个此前未知的山丘和山脊。",
            "image": "images/rank4_南极冰盖下地_20260116_183334.jpg"
        },
        {
            "rank": 5,
            "title": "澳大利亚女子醒来发现巨蟒盘踞胸口",
            "original_title": "'Baby, don't move': Australian woman wakes to find massive python on her chest",
            "source_platform": "BBC News",
            "source_url": "https://www.bbc.com/news/articles/cdex34930r4o",
            "content": "澳大利亚布里斯班一名女子半夜醒来，发现一条长约2.5米的蟒蛇正盘踞在她的胸口。",
            "image": "images/rank5_澳大利亚女子_20260116_183334.jpg"
        },
        {
            "rank": 6,
            "title": "瑞士酒吧火灾遇难员工家属称其未获安全培训",
            "original_title": "Swiss bar employee who reportedly held sparkler unaware of dangers, family says",
            "source_platform": "BBC News",
            "source_url": "https://www.bbc.com/news/articles/ckgvjnxpp9zo",
            "content": "瑞士酒吧火灾中遇难的员工家属称，死者未接受安全培训，也不知道天花板材料的危险性。该火灾导致40人死亡。",
            "image": "images/rank6_瑞士酒吧火灾_20260116_183334.jpg"
        },
        {
            "rank": 7,
            "title": "欧洲多国军事人员抵达格陵兰，特朗普重申美国需要该岛",
            "original_title": "European military personnel arrive in Greenland as Trump says US needs island",
            "source_platform": "BBC News",
            "source_url": "https://www.bbc.com/news/articles/cd0ydjvxpejo",
            "content": "法国、德国等多国军事人员抵达格陵兰进行侦察任务。与此同时，美国总统特朗普重申美国出于国家安全考虑需要格陵兰。",
            "image": "images/rank7_欧洲多国军事_20260116_183334.jpg"
        },
        {
            "rank": 8,
            "title": "海地无人机行动袭击黑帮头目“烧烤”住所",
            "original_title": "Haiti drone operation strikes home of gang leader ‘Barbecue’",
            "source_platform": "CNN",
            "source_url": "https://edition.cnn.com/2026/01/15/americas/haiti-drone-operation-strikes-home-of-gang-leader-barbecue",
            "content": "海地当局发动无人机行动，袭击了该国最强大黑帮头目之一“烧烤”的住所。",
            "image": "images/rank8_海地无人机行_20260116_183334.jpg"
        },
        {
            "rank": 9,
            "title": "加拿大降低部分中国电动汽车关税，与美国政策分道扬镳",
            "original_title": "Canada Breaks With U.S. to Slash Tariffs on Some Chinese Electric Vehicles",
            "source_platform": "New York Times",
            "source_url": "https://www.nytimes.com/2026/01/16/world/canada/canada-slash-tariffs-chinese-evs.html",
            "content": "加拿大宣布将大幅降低部分中国电动汽车的进口关税，此举标志着其与美国在相关贸易政策上出现分歧。",
            "image": "images/rank9_加拿大降低部_20260116_183334.jpg"
        }
    ],
    "timestamp": "20260116_183334"
}