{
    "news": [
        {
            "rank": 0,
            "title": "涨价、裁员、健康危机 你中招了吗？",
            "original_title": "",
            "source_platform": "",
            "source_url": "",
            "content": "",
            "image": ""
        },
        {
            "rank": 1,
            "title": "多校撤销艺术专业",
            "original_title": "",
            "source_platform": "第一财经",
            "source_url": "https://baijiahao.baidu.com/s?id=1854559780174386037",
            "content": "多所大学撤销艺术类专业，高校专业调整引发关注。",
            "image": "images/rank1_多校撤销艺术_20260118_025718.jpg"
        },
        {
            "rank": 2,
            "title": "“两个西红柿就要10块钱”",
            "original_title": "",
            "source_platform": "身边24小时",
            "source_url": "https://baijiahao.baidu.com/s?id=1854546470619753934",
            "content": "全国多地西红柿价格明显上涨，专家分析高价态势可能持续至3月下旬。",
            "image": "images/rank2__两个西红柿_20260118_025718.jpg"
        },
        {
            "rank": 3,
            "title": "2千万成年人患ADHD 存过早死亡风险",
            "original_title": "",
            "source_platform": "众播视频",
            "source_url": "https://baijiahao.baidu.com/s?id=1854581667407362445",
            "content": "国内2000万成年人患ADHD，症状持续至成年，存在过早死亡风险。",
            "image": "images/rank3_2千万成年人_20260118_025718.jpg"
        },
        {
            "rank": 4,
            "title": "男子从喉咙痛到进ICU只用1小时",
            "original_title": "",
            "source_platform": "大象新闻",
            "source_url": "https://baijiahao.baidu.com/s?id=1854577108121077756",
            "content": "男子因喉咙剧痛，1小时内发展至ICU抢救，诊断为急性会厌炎。",
            "image": "images/rank4_男子从喉咙痛_20260118_025718.jpg"
        },
        {
            "rank": 5,
            "title": "佛山一中学103人感染诺如病毒",
            "original_title": "",
            "source_platform": "红星新闻",
            "source_url": "https://news.qq.com/rain/a/20260117A05A8100",
            "content": "佛山一中学103人感染诺如病毒，患病学生已隔离治疗，正排查病毒源头。",
            "image": "images/rank5_佛山一中学1_20260118_025718.jpg"
        },
        {
            "rank": 6,
            "title": "房地产去库存再加速！买商业用房最低首付降至30%",
            "original_title": "",
            "source_platform": "第一财经",
            "source_url": "https://news.qq.com/rain/a/20260117A0547J00",
            "content": "商业用房购房贷款最低首付款比例调整为不低于30%，以支持房地产发展新模式。",
            "image": "images/rank6_房地产去库存_20260118_025718.jpg"
        },
        {
            "rank": 7,
            "title": "花市“热”起来涌动节前消费暖流",
            "original_title": "",
            "source_platform": "央视网",
            "source_url": "https://www.toutiao.com/article/7596221194584605236",
            "content": "春节临近，华南最大鲜切花交易市场广州岭南花卉市场逐渐热闹起来。",
            "image": "images/rank7_花市_热_起_20260118_025718.jpg"
        },
        {
            "rank": 8,
            "title": "基金会：陈行甲超70万年薪核实无问题",
            "original_title": "",
            "source_platform": "纵览新闻",
            "source_url": "https://www.toutiao.com/article/7595938633421537819",
            "content": "知名公益人陈行甲年薪超70万引发争议，基金会核实称薪资符合相关规定。",
            "image": "images/rank8_基金会_陈行_20260118_025718.jpg"
        },
        {
            "rank": 9,
            "title": "14岁男生伸懒腰突然晕倒",
            "original_title": "",
            "source_platform": "第一现场",
            "source_url": "https://www.toutiao.com/video/7596294128246210575",
            "content": "14岁男生伸懒腰时突然晕倒，具体原因正在调查中。",
            "image": "images/rank9_14岁男生伸_20260118_025718.jpg"
        }
    ],
    "timestamp": "20260118_025718"
}