{
    "news": [
        {
            "rank": 0,
            "title": "科技民生热点纷呈，消费文化趣闻不断",
            "content": "",
            "image": ""
        },
        {
            "rank": 1,
            "title": "超六成国人购车预算超30万元",
            "source_platform": "都市快报橙柿互动",
            "source_url": "https://baijiahao.baidu.com/s?id=1854112235057238383",
            "content": "德勤报告显示，中国超63%受访者计划购买30万元及以上车型，其中30-39.99万元区间占比最高。",
            "image": "images/rank1_超六成国_20260113_061755.jpg"
        },
        {
            "rank": 2,
            "title": "张文宏拒绝AI引入医院病历系统",
            "source_platform": "澎湃新闻",
            "source_url": "https://www.baidu.com/s?wd=%E5%BC%A0%E6%96%87%E5%AE%8F%EF%BC%9A%E6%8B%92%E7%BB%9D%E6%8A%8AAI%E5%BC%95%E5%85%A5%E5%8C%BB%E9%99%A2%E7%97%85%E5%8E%86%E7%B3%BB%E7%BB%9F&sa=fyb_news&rsv_dl=fyb_news",
            "content": "张文宏教授表示拒绝将AI引入医院病历系统，强调医生需训练专业诊断能力。",
            "image": "images/rank2_张文宏拒_20260113_061755.jpg"
        },
        {
            "rank": 3,
            "title": "饭店推出“水泥麻辣烫”引热议",
            "source_platform": "星沙时报",
            "source_url": "https://mbd.baidu.com/newspage/data/videolanding?nid=sv_3599774389792948503",
            "content": "近日，一饭店推出外观酷似水泥的麻辣烫，成品引发网友广泛讨论。",
            "image": "images/rank3_饭店推出_20260113_061755.jpg"
        },
        {
            "rank": 4,
            "title": "羽绒服市场经历价格与格局重构",
            "source_platform": "钛媒体APP",
            "source_url": "https://baijiahao.baidu.com/s?id=1854069483339315284",
            "content": "2025年羽绒服市场正经历价格与格局重构，鸭鸭、雅鹿等品牌向三千元档位冲刺。",
            "image": "images/rank4_羽绒服市_20260113_061755.jpg"
        },
        {
            "rank": 5,
            "title": "湖南女子邀网友帮杀猪，6个群爆满",
            "source_platform": "潇湘晨报",
            "source_url": "https://mbd.baidu.com/newspage/data/videolanding?nid=sv_18059274604540784015",
            "content": "湖南株洲一女子在社交平台邀请网友帮忙杀猪，随后6个500人微信群一夜爆满。",
            "image": "images/rank5_湖南女子_20260113_061755.jpg"
        },
        {
            "rank": 6,
            "title": "日本第一代“不婚族”开始后悔",
            "source_platform": "凤凰网财经",
            "source_url": "https://baijiahao.baidu.com/s?id=1854026165800014739",
            "content": "日本第一代不婚族代表公开希望80岁前结婚，早年单身人群晚年多因孤独后悔。",
            "image": "images/rank6_日本第一_20260113_061755.jpg"
        },
        {
            "rank": 7,
            "title": "iPhone4回收价暴涨60倍",
            "source_platform": "Security Check",
            "source_url": "https://www.baidu.com/s?wd=iPhone4%E5%9B%9E%E6%94%B6%E4%BB%B7%E6%B6%A8%E4%BA%8660%E5%80%8D&sa=fyb_news&rsv_dl=fyb_news",
            "content": "iPhone4需求激增，回收价从5元涨至150-300元，最高涨幅达60倍。",
            "image": "images/rank7_iPho_20260113_061755.jpg"
        },
        {
            "rank": 8,
            "title": "复旦博士赴威海追暴雪激动难眠",
            "source_platform": "Security Check",
            "source_url": "https://www.baidu.com/s?wd=%E5%A4%8D%E6%97%A6%E5%8D%9A%E5%3A%AB%E5%A8%81%E6%B5%B7%E8%BF%BD%E6%9A%B4%E9%9B%AA%EF%BC%9A%E6%BF%80%E5%8A%A8%E5%BE%97%E7%9D%A1%E4%B8%8D%E7%9D%80&sa=fyb_news&rsv_dl=fyb_news",
            "content": "一位复旦大学大气系博士为追威海暴雪，坐一夜火车前往，路上激动得睡不着。",
            "image": "images/rank8_复旦博士_20260113_061755.jpg"
        },
        {
            "rank": 9,
            "title": "老干妈年营收连续三年超53亿元",
            "source_platform": "Security Check",
            "source_url": "https://www.baidu.com/s?wd=%E4%B8%80%E5%B9%B454%E4%BA%BF+%E8%80%81%E5%B9%B2%E5%A6%88%E6%82%84%E6%82%84%E8%B5%9A%E7%BF%BB%E4%BA%86&sa=fyb_news&rsv_dl=fyb_news",
            "content": "老干妈2022至2024年营收连续三年超53亿元，逼近历史最高水平。",
            "image": "images/rank9_老干妈年_20260113_061755.jpg"
        }
    ],
    "timestamp": "20260113_061755"
}