{
    "news": [
        {
            "rank": 0,
            "title": "无人机吊猪炸锅了？",
            "original_title": "",
            "source_platform": "",
            "source_url": "",
            "content": "",
            "image": ""
        },
        {
            "rank": 1,
            "title": "“过年三件套”进入预约模式",
            "original_title": "",
            "source_platform": "潮新闻客户端",
            "source_url": "https://baijiahao.baidu.com/s?id=1855274142744816322",
            "content": "距2026马年春节不足一月，美发、美甲、美睫的“过年三件套”预约热度攀升，相关店铺生意火爆。",
            "image": "images/rank1__过年三件套_20260125_183040.jpg"
        },
        {
            "rank": 2,
            "title": "冰雪经济“下江南”",
            "original_title": "",
            "source_platform": "央视新闻",
            "source_url": "https://baijiahao.baidu.com/s?id=1855275773471309074",
            "content": "今年冬季冰雪运动持续火热，浙江杭州临安区的大明山万松岭滑雪场吸引众多游客前来畅滑玩雪，尽享南国雪景。",
            "image": "images/rank2_冰雪经济_下_20260125_183040.jpg"
        },
        {
            "rank": 3,
            "title": "尝尝00后的“固体腊八粥”",
            "original_title": "",
            "source_platform": "青蜂侠Bee",
            "source_url": "https://baijiahao.baidu.com/s?id=1855283609506801230",
            "content": "1月26日是腊八节，零零后创新推出“奶茶腊八粥”、“固体腊八粥”等新式腊八粥，展现一代人的节日新过法。",
            "image": "images/rank3_尝尝00后的_20260125_183040.jpg"
        },
        {
            "rank": 4,
            "title": "深圳把“疯狂动物城”搬进现实",
            "original_title": "",
            "source_platform": "中国日报",
            "source_url": "https://baijiahao.baidu.com/s?id=1855276704008178527",
            "content": "深圳建成全国首条野生动物专属天桥——鲲鹏径一号桥，横跨梅观公路，连接银湖山与梅林山，复刻山林环境。",
            "image": "images/rank4_深圳把_疯狂_20260125_183040.jpg"
        },
        {
            "rank": 5,
            "title": "无人机吊猪挂电线致停电",
            "original_title": "",
            "source_platform": "潇湘晨报",
            "source_url": "https://baijiahao.baidu.com/s?id=1855272711748067138",
            "content": "四川巴中一无人机吊运生猪时不慎挂在电线上，导致一村庄停电十小时，经抢修已恢复供电。",
            "image": "images/rank5_无人机吊猪挂_20260125_183040.jpg"
        },
        {
            "rank": 6,
            "title": "雷军：小米汽车熔岩橙配色敢买的太少",
            "original_title": "",
            "source_platform": "生活帮",
            "source_url": "https://www.toutiao.com/article/7599150216767373860/",
            "content": "雷军发文称熔岩橙配色很帅但敢买的人太少，目前小米SU7和YU7均已下架该配色。",
            "image": "images/rank6_雷军_小米汽_20260125_183040.jpg"
        },
        {
            "rank": 7,
            "title": "挪用千万公款赌博 17人被问责",
            "original_title": "",
            "source_platform": "法治视讯",
            "source_url": "https://www.toutiao.com/article/7599159658783195663/",
            "content": "国企出纳杨某挪用近千万公款进行网络赌博，单场下注80万元，最终获刑13年6个月，17名相关责任人被问责。",
            "image": "images/rank7_挪用千万公款_20260125_183040.jpg"
        },
        {
            "rank": 8,
            "title": "百年广州站全面迈入高铁时代",
            "original_title": "",
            "source_platform": "北青网",
            "source_url": "https://www.toutiao.com/w/1855258581413899/",
            "content": "广州站最后一班普速列车K303次驶离，标志着该站百年普速运营正式收官，全面接入多条高铁线路，迈入高铁时代。",
            "image": "images/rank8_百年广州站全_20260125_183040.jpg"
        },
        {
            "rank": 9,
            "title": "多地将器官捐献纳入见义勇为评定",
            "original_title": "",
            "source_platform": "看看新闻",
            "source_url": "https://www.toutiao.com/video/7599157082688618530/",
            "content": "多地出台政策，将器官捐献行为纳入见义勇为评定范围，以鼓励和表彰这一崇高行为。",
            "image": "images/rank9_多地将器官捐_20260125_183040.jpg"
        }
    ],
    "timestamp": "20260125_183040"
}