{
    "news": [
        {
            "rank": 0,
            "title": "AI诈骗又出新招？",
            "original_title": "",
            "source_platform": "",
            "source_url": "",
            "content": "",
            "image": ""
        },
        {
            "rank": 1,
            "title": "世卫：近40%癌症可预防",
            "original_title": "",
            "source_platform": "央视新闻",
            "source_url": "https://baijiahao.baidu.com/s?id=1856179009801232649",
            "content": "世卫组织报告称，全球近40%癌症病例可预防，2022年约710万新发病例与吸烟、感染等风险因素相关。",
            "image": "images/rank1_世卫_近40_20260204_185059.jpg"
        },
        {
            "rank": 2,
            "title": "河南企业遭AI合成视频诈骗",
            "original_title": "",
            "source_platform": "大象新闻",
            "source_url": "https://baijiahao.baidu.com/s?id=1856160133775472330",
            "content": "河南省矿山起重机有限公司声明称，有不法分子用AI合成虚假视频，假冒公司名义实施诈骗活动。",
            "image": "images/rank2_河南企业遭A_20260204_185059.jpg"
        },
        {
            "rank": 3,
            "title": "校长恋爱被认定师德不合格",
            "original_title": "",
            "source_platform": "大皖新闻",
            "source_url": "https://baijiahao.baidu.com/s?id=1856169853863512632",
            "content": "河南安阳一小学男校长与同校已离婚女教师恋爱，在师德考核中被认定不合格，影响岗位晋升。",
            "image": "images/rank3_校长恋爱被认_20260204_185059.jpg"
        },
        {
            "rank": 4,
            "title": "40岁独生女回家11人接站",
            "original_title": "",
            "source_platform": "指尖新闻沈阳晚报",
            "source_url": "https://baijiahao.baidu.com/s?id=1856185799276301480",
            "content": "辽宁大连一40岁独生女回家，11位家人开4台车接站，视频引发网友羡慕。",
            "image": "images/rank4_40岁独生女_20260204_185059.jpg"
        },
        {
            "rank": 5,
            "title": "李子柒人民日报撰文谈非遗",
            "original_title": "",
            "source_platform": "人民日报",
            "source_url": "https://baijiahao.baidu.com/s?id=1856155479012048918",
            "content": "李子柒在《人民日报》撰文《生活因文艺而改变》，关注非遗手艺能否让更多人获得收益并传承发展。",
            "image": "images/rank5_李子柒人民日_20260204_185059.jpg"
        },
        {
            "rank": 6,
            "title": "舅舅带16个外甥回江西杀年猪",
            "original_title": "",
            "source_platform": "都市现场",
            "source_url": "https://baijiahao.baidu.com/s?id=1856182355036519415",
            "content": "“宇宙舅舅”带16个外甥回江西吃杀猪宴，准备40多人早餐，顿顿有肉，场面热闹。",
            "image": "images/rank6_舅舅带16个_20260204_185059.jpg"
        },
        {
            "rank": 7,
            "title": "男子买18小时硬座不舍坐高铁",
            "original_title": "",
            "source_platform": "河南都市频道",
            "source_url": "https://baijiahao.baidu.com/s?id=1856177209568427813",
            "content": "一男子为省钱，不舍得坐高铁，选择18小时硬座回家，称“少花一点家里就可以多花一点”。",
            "image": "images/rank7_男子买18小_20260204_185059.jpg"
        },
        {
            "rank": 8,
            "title": "哈登被快船交易至骑士",
            "original_title": "",
            "source_platform": "直播吧",
            "source_url": "https://www.toutiao.com/article/7602809840536125961/",
            "content": "NBA球员詹姆斯·哈登被快船交易至骑士，加兰被送至洛杉矶，这是哈登6年内第5次换队。",
            "image": "images/rank8_哈登被快船交_20260204_185059.jpg"
        },
        {
            "rank": 9,
            "title": "马斯克团队摸底中国光伏产业链",
            "original_title": "",
            "source_platform": "中国能源网",
            "source_url": "https://www.toutiao.com/article/7602899776891372095/",
            "content": "马斯克旗下团队近期“摸底”中国光伏产业链，已有异质结设备厂签单，Tesla团队处于验厂阶段。",
            "image": "images/rank9_马斯克团队摸_20260204_185059.jpg"
        }
    ],
    "timestamp": "20260204_185059"
}