{
    "news": [
        {
            "rank": 0,
            "title": "【轰动】风波再起！众明星卷入，谁能独善其身？",
            "original_title": "",
            "source_platform": "",
            "source_url": "",
            "content": "",
            "image": ""
        },
        {
            "rank": 1,
            "title": "王菲献唱《你我经历的一刻》",
            "original_title": "",
            "source_platform": "腾讯娱乐",
            "source_url": "https://news.qq.com/rain/a/20260216V06SHF00",
            "content": "王菲献唱《你我经历的一刻》",
            "image": "images/rank1_王菲献唱_你_20260217_062455.jpg"
        },
        {
            "rank": 2,
            "title": "蔡明回归春晚怼人功力依旧",
            "original_title": "",
            "source_platform": "腾讯娱乐",
            "source_url": "https://news.qq.com/rain/a/20260216V06ENB00",
            "content": "蔡明回归春晚怼人功力依旧",
            "image": "images/rank2_蔡明回归春晚_20260217_062455.jpg"
        },
        {
            "rank": 3,
            "title": "河南春晚《万马奔腾》震撼全网",
            "original_title": "",
            "source_platform": "腾讯娱乐",
            "source_url": "https://news.qq.com/rain/a/20260216V03L0B00",
            "content": "河南春晚《万马奔腾》震撼全网",
            "image": "images/rank3_河南春晚_万_20260217_062455.jpg"
        },
        {
            "rank": 4,
            "title": "大国重器硬核拜年",
            "original_title": "",
            "source_platform": "抖音热榜",
            "source_url": "https://www.douyin.com/hot/2402837",
            "content": "大国重器硬核拜年",
            "image": "images/rank4_大国重器硬核_20260217_062455.jpg"
        },
        {
            "rank": 5,
            "title": "快来看看神二十一的年夜饭有什么",
            "original_title": "",
            "source_platform": "抖音热榜",
            "source_url": "https://www.douyin.com/hot/2403348",
            "content": "快来看看神二十一的年夜饭有什么",
            "image": "images/rank5_快来看看神二_20260217_062455.jpg"
        },
        {
            "rank": 6,
            "title": "又是一年难忘今宵",
            "original_title": "",
            "source_platform": "抖音热榜",
            "source_url": "https://www.douyin.com/hot/2403466",
            "content": "又是一年难忘今宵",
            "image": "images/rank6_又是一年难忘_20260217_062455.jpg"
        },
        {
            "rank": 7,
            "title": "机器人中国功夫夯爆了",
            "original_title": "",
            "source_platform": "抖音热榜",
            "source_url": "https://www.douyin.com/hot/2403259",
            "content": "机器人中国功夫夯爆了",
            "image": "images/rank7_机器人中国功_20260217_062455.jpg"
        },
        {
            "rank": 8,
            "title": "刘少昂林孝埈晋级1/4决赛",
            "original_title": "",
            "source_platform": "抖音热榜",
            "source_url": "https://www.douyin.com/hot/2402760",
            "content": "刘少昂林孝埈晋级1/4决赛",
            "image": "images/rank8_刘少昂林孝埈_20260217_062455.jpg"
        },
        {
            "rank": 9,
            "title": "《模仿100种声音》原视频来啦！",
            "original_title": "",
            "source_platform": "龚杨杰",
            "source_url": "https://www.bilibili.com/video/BV1iWZWBTEHA",
            "content": "《模仿100种声音》原视频来啦！",
            "image": "images/rank9__模仿100_20260217_062455.jpg"
        }
    ],
    "timestamp": "20260217_062455"
}