{
    "news": [
        {
            "rank": 0,
            "title": "特朗普关税大棒砸向欧洲！格陵兰主权争夺战全面升级？",
            "original_title": "",
            "source_platform": "",
            "source_url": "",
            "content": "",
            "image": ""
        },
        {
            "rank": 1,
            "title": "伊朗最高领袖首次承认数千人在抗议中死亡",
            "original_title": "Iran supreme leader admits thousands killed during recent protests",
            "source_platform": "BBC News",
            "source_url": "https://www.bbc.com/news/articles/ckglee733wno",
            "content": "伊朗最高领袖哈梅内伊首次公开承认，近期抗议中有数千人死亡，并指责美国应对此负责。",
            "image": "images/rank1_伊朗最高领袖_20260118_025718.jpg"
        },
        {
            "rank": 2,
            "title": "加拿大哈钦森家族购得斯凯岛两万英亩半岛",
            "original_title": "Canadian family buys Skye's 20,000-acre Sleat Peninsula",
            "source_platform": "BBC News",
            "source_url": "https://www.bbc.com/news/articles/cdrekvr63v8o",
            "content": "一个加拿大家族购得苏格兰斯凯岛的两万英亩斯利特半岛及历史悠久的阿马代尔城堡遗址。",
            "image": "images/rank2_加拿大哈钦森_20260118_025718.jpg"
        },
        {
            "rank": 3,
            "title": "格陵兰与丹麦爆发抗议反对特朗普购岛计划",
            "original_title": "Protests in Greenland and Denmark against Trump plans",
            "source_platform": "BBC News",
            "source_url": "https://www.bbc.com/news/articles/c338rm41y88o",
            "content": "格陵兰与丹麦数千人抗议特朗普购买格陵兰的计划，特朗普威胁对反对的欧洲国家加征关税。",
            "image": "images/rank3_格陵兰与丹麦_20260118_025718.png"
        },
        {
            "rank": 4,
            "title": "美国法官限制ICE对明尼阿波利斯抗议者的处置方式",
            "original_title": "US judge restricts ICE response to Minneapolis protesters",
            "source_platform": "BBC News",
            "source_url": "https://www.bbc.com/news/articles/cvgprwlplqwo",
            "content": "美国联邦法官发布命令，限制移民海关执法局对明尼阿波利斯“和平”抗议者使用逮捕和胡椒喷雾等手段。",
            "image": "images/rank4_美国法官限制_20260118_025718.jpg"
        },
        {
            "rank": 5,
            "title": "瑞士酒吧火灾遇难员工家属称其未受安全培训",
            "original_title": "Swiss bar employee who reportedly held sparkler unaware of dangers, family says",
            "source_platform": "BBC News",
            "source_url": "https://www.bbc.com/news/articles/ckgvjnxpp9zo",
            "content": "瑞士酒吧火灾遇难员工家属称，死者未接受安全培训，不知天花板易燃。酒吧法国老板被控过失杀人。",
            "image": "images/rank5_瑞士酒吧火灾_20260118_025718.jpg"
        },
        {
            "rank": 6,
            "title": "特朗普公布加沙“和平委员会”首批成员名单",
            "original_title": "Big names on Trump's peace panel face huge challenges in Gaza",
            "source_platform": "BBC News",
            "source_url": "https://www.bbc.com/news/articles/c07xvv9r422o",
            "content": "特朗普政府公布加沙“和平委员会”首批成员，库什纳、布莱尔等人在列，但无巴勒斯坦人进入高级委员会。",
            "image": "images/rank6_特朗普公布加_20260118_025718.jpg"
        },
        {
            "rank": 7,
            "title": "特朗普提议信用卡利率上限引发激烈辩论",
            "original_title": "Trump's proposed credit card cap spotlights Americans' debt. Would it help?",
            "source_platform": "BBC News",
            "source_url": "https://www.bbc.com/news/articles/cp37eerlql1o",
            "content": "特朗普提议将信用卡利率上限设为10%，以减轻民众债务负担，但遭银行强烈反对，称将损害信贷获取。",
            "image": "images/rank7_特朗普提议信_20260118_025718.jpg"
        },
        {
            "rank": 8,
            "title": "ChatGPT将开始根据用户对话展示广告",
            "original_title": "ChatGPT to start showing ads based on their conversations",
            "source_platform": "CNN",
            "source_url": "https://edition.cnn.com/2026/01/16/tech/chatgpt-ads-openai",
            "content": "OpenAI宣布将在ChatGPT免费版中测试广告，并推出每月8美元的“Go”订阅层级。",
            "image": "images/rank8_ChatGP_20260118_025718.jpg"
        },
        {
            "rank": 9,
            "title": "NASA阿尔忒弥斯任务巨型火箭运往发射台",
            "original_title": "Artemis mission live: NASA's mega-rocket painstakingly crawls towards launch pad",
            "source_platform": "Sky News",
            "source_url": "https://news.sky.com/story/artemis-mission-live-nasa-mega-rocket-to-be-rolled-onto-launch-pad-13494699",
            "content": "NASA将搭载四名宇航员绕月飞行的巨型火箭正运往肯尼迪航天中心发射台。",
            "image": "images/rank9_NASA阿尔_20260118_025718.jpg"
        }
    ],
    "timestamp": "20260118_025718"
}