{
    "news": [
        {
            "rank": 0,
            "title": "扎克伯格出庭，炸锅！",
            "original_title": "",
            "source_platform": "",
            "source_url": "",
            "content": "",
            "image": ""
        },
        {
            "rank": 1,
            "title": "特朗普警告英国勿移交迪戈加西亚军事基地",
            "original_title": "Do not give away Diego Garcia, Trump tells UK in fresh attack on Chagos deal",
            "source_platform": "BBC News",
            "source_url": "https://www.bbc.com/news/articles/c309qqyer8yo",
            "content": "美国总统特朗普公开警告英国首相斯塔默，反对将查戈斯群岛主权移交毛里求斯并回租迪戈加西亚军事基地的计划。",
            "image": "images/rank1_特朗普警告英_20260219_062944.jpg"
        },
        {
            "rank": 2,
            "title": "加拿大第三位保守党议员转投自由党",
            "original_title": "Third Conservative Canadian MP defects to Carney's Liberals",
            "source_platform": "BBC News",
            "source_url": "https://www.bbc.com/news/articles/cqxd495pvy5o",
            "content": "加拿大阿尔伯塔省保守党议员马特·杰内鲁转投自由党，使卡尼总理领导的政府距离议会多数席位仅差三席。",
            "image": "images/rank2_加拿大第三位_20260219_062944.jpg"
        },
        {
            "rank": 3,
            "title": "美国空军一号将换装金色新涂装",
            "original_title": "Air Force One set for makeover paint job with new colours",
            "source_platform": "BBC News",
            "source_url": "https://www.bbc.com/news/articles/cpd8zx4qdz6o",
            "content": "美国总统专机“空军一号”将进行涂装更新，采用金色、深红和海军蓝的新配色方案，其中金色是特朗普偏爱的颜色。",
            "image": "images/rank3_美国空军一号_20260219_062944.jpg"
        },
        {
            "rank": 4,
            "title": "加州雪崩致八名滑雪者遇难",
            "original_title": "Eight skiers found dead after California avalanche",
            "source_platform": "BBC News",
            "source_url": "https://www.bbc.com/news/articles/cvg19dp4vxgo",
            "content": "美国加州太浩湖偏远地区发生雪崩，救援人员已发现八名失踪滑雪者遗体，另有一人仍下落不明。",
            "image": "images/rank4_加州雪崩致八_20260219_062944.jpg"
        },
        {
            "rank": 5,
            "title": "亿万富翁韦克斯纳称被爱泼斯坦欺骗",
            "original_title": "Billionaire Les Wexner tells US lawmakers he was 'naive' and 'conned' by Epstein",
            "source_platform": "BBC News",
            "source_url": "https://www.bbc.com/news/articles/cy57rrrpvg7o",
            "content": "美国亿万富翁、前维密老板莱斯·韦克斯纳向国会作证，称自己“天真、愚蠢、轻信”，被已故性犯罪者杰弗里·爱泼斯坦欺骗并窃取巨额资金。",
            "image": "images/rank5_亿万富翁韦克_20260219_062944.jpg"
        },
        {
            "rank": 6,
            "title": "YouTube首个视频被博物馆收藏",
            "original_title": "YouTube’s earliest video has been deemed museum-worthy",
            "source_platform": "CNN",
            "source_url": "https://edition.cnn.com/2026/02/18/style/youtube-first-video-victoria-and-albert-museum",
            "content": "伦敦维多利亚与阿尔伯特博物馆新展览收录了YouTube诞生之初的网页重建及联合创始人上传的首个视频《我在动物园》。",
            "image": "images/rank6_YouTub_20260219_062944.jpg"
        },
        {
            "rank": 7,
            "title": "美国平原野火烧毁芝加哥大小区域",
            "original_title": "Plains megafire burns a Chicago-sized area spanning two states with more dangerous weather to come",
            "source_platform": "CNN",
            "source_url": "https://edition.cnn.com/2026/02/18/weather/ranger-road-wildfire-wind-forecast-climate",
            "content": "美国平原地区“游骑兵路”野火已发展为跨州特大火灾，在俄克拉荷马州和堪萨斯州烧毁约14.5万英亩土地，面积相当于芝加哥市。",
            "image": "images/rank7_美国平原野火_20260219_062944.jpg"
        },
        {
            "rank": 8,
            "title": "扎克伯格就社媒成瘾问题出庭作证",
            "original_title": "Meta’s Zuckerberg testifies about social media’s effects on children in landmark trial",
            "source_platform": "CNN",
            "source_url": "https://edition.cnn.com/2026/02/18/tech/meta-mark-zuckerberg-testifies-social-media-addiction-trial",
            "content": "Meta首席执行官马克·扎克伯格在洛杉矶出庭作证，就Instagram是否故意设计成令人上瘾并损害儿童心理健康接受质询。",
            "image": "images/rank8_扎克伯格就社_20260219_062944.jpg"
        },
        {
            "rank": 9,
            "title": "叙利亚权力更迭致ISIS监狱系统崩溃",
            "original_title": "Power Shift in Syria Upends an Archipelago for ISIS Prisoners",
            "source_platform": "New York Times",
            "source_url": "https://www.nytimes.com/2026/02/18/world/middleeast/syria-prisons-isis.html",
            "content": "叙利亚政府军近期夺取东北部大片区域，导致由库尔德武装看守的数十个关押ISIS成员的高安全级别监狱系统陷入混乱。",
            "image": "images/rank9_叙利亚权力更_20260219_062944.jpg"
        }
    ],
    "timestamp": "20260219_062944"
}