{
    "news": [
        {
            "rank": 0,
            "title": "2026春节档炸了？",
            "original_title": "",
            "source_platform": "",
            "source_url": "",
            "content": "",
            "image": ""
        },
        {
            "rank": 1,
            "title": "3部电影定档2026春节档",
            "original_title": "",
            "source_platform": "现代快报",
            "source_url": "https://baijiahao.baidu.com/s?id=1854710374585711940",
            "content": "《镖人》等3部影片官宣定档2026春节，包括《飞驰人生3》《熊出没·年年有熊》。",
            "image": "images/rank1_3部电影定档_20260119_183814.jpg"
        },
        {
            "rank": 2,
            "title": "深圳沉睡20多年垃圾山正在消失",
            "original_title": "",
            "source_platform": "C位看财经",
            "source_url": "https://baijiahao.baidu.com/s?id=1854734502274628056",
            "content": "深圳玉龙填埋场启动全国最大垃圾搬迁治理工程，修复城市环境伤疤。",
            "image": "images/rank2_深圳沉睡20_20260119_183814.jpg"
        },
        {
            "rank": 3,
            "title": "-6°C“下饺子” 大爷大妈硬核跳水",
            "original_title": "",
            "source_platform": "大众日报",
            "source_url": "https://baijiahao.baidu.com/s?id=1854740689740856285",
            "content": "青岛奥帆中心跳水队在-6°C雪天坚持跳水，大爷大妈展现硬核运动精神。",
            "image": "images/rank3_-6_C_下_20260119_183814.jpg"
        },
        {
            "rank": 4,
            "title": "小伙为克服自卑在地铁上演讲",
            "original_title": "",
            "source_platform": "荆楚网资讯",
            "source_url": "https://baijiahao.baidu.com/s?id=1854719203468893583",
            "content": "广州30岁刘先生为克服自卑，在地铁上进行高声演讲，目标今年完成50场。",
            "image": "images/rank4_小伙为克服自_20260119_183814.jpg"
        },
        {
            "rank": 5,
            "title": "天津一公园海水结冰大量鱼群被冻住",
            "original_title": "",
            "source_platform": "大象新闻",
            "source_url": "https://baijiahao.baidu.com/s?id=1854731725046479149",
            "content": "天津公园海水结冰致大量梭鱼被冻，市民自发破冰捕捞，一人落水获救。",
            "image": "images/rank5_天津一公园海_20260119_183814.jpg"
        },
        {
            "rank": 6,
            "title": "8岁哥哥带4个月大弟弟坐地铁",
            "original_title": "",
            "source_platform": "四川观察",
            "source_url": "https://baijiahao.baidu.com/s?id=1854730091643402366",
            "content": "成都地铁8岁男孩抱4个月大弟弟独自出行，工作人员发现后帮助联系家长。",
            "image": "images/rank6_8岁哥哥带4_20260119_183814.jpg"
        },
        {
            "rank": 7,
            "title": "梁小龙账号发告别信",
            "original_title": "",
            "source_platform": "界面快讯",
            "source_url": "https://www.toutiao.com/article/7596669755243741736/",
            "content": "功夫影星梁小龙逝世，其账号发文告别：“我到很远很远的地方拍电影去了”。",
            "image": "images/rank7_梁小龙账号发_20260119_183814.jpg"
        },
        {
            "rank": 8,
            "title": "“最快女护士”张水华辞职后首战",
            "original_title": "",
            "source_platform": "晶报",
            "source_url": "https://news.qq.com/rain/a/20260118A042ZT00",
            "content": "张水华辞职后首场马拉松获国际女子组第六名，赛后称“轻舟已过万重山”。",
            "image": "images/rank8__最快女护士_20260119_183814.jpg"
        },
        {
            "rank": 9,
            "title": "大额存单利率跌入“0字头”",
            "original_title": "",
            "source_platform": "第一财经",
            "source_url": "https://news.qq.com/rain/a/20260118A051S100",
            "content": "大额存单利率普遍跌破1%，储户跨行“搬家”，产品期限短期化趋势明显。",
            "image": "images/rank9_大额存单利率_20260119_183814.jpg"
        }
    ],
    "timestamp": "20260119_183814"
}