{
    "news": [
        {
            "rank": 0,
            "title": "今日热点：民生百态与科技前沿",
            "content": "",
            "image": ""
        },
        {
            "rank": 1,
            "title": "华清池贵妃雕像被指不雅",
            "source_platform": "经视直播",
            "source_url": "https://www.baidu.com/s?wd=%E5%8D%8E%E6%B8%85%E6%B1%A0%E8%B4%B5%E5%A6%83%E5%87%BA%E6%B5%B4%E9%9B%95%E5%83%8F%E8%A2%AB%E6%8C%87%E4%B8%8D%E9%9B%85&sa=fyb_news&rsv_dl=fyb_news",
            "content": "西安华清池“贵妃出浴”雕像因袒露上半身被网友质疑不雅，景区回应称1991年安放时已通过审核。",
            "image": "images/rank1_华清池贵_20260114_063408.jpg"
        },
        {
            "rank": 2,
            "title": "赶大集成年轻人新潮流",
            "source_platform": "新华社",
            "source_url": "https://baijiahao.baidu.com/s?id=1854182758988548296",
            "content": "网红集市兴起催生“赶集主播”，通过直播吸引年轻观众，“云端赶集”成为消费新方式与文化记忆复苏。",
            "image": ""
        },
        {
            "rank": 3,
            "title": "西红柿价格暴涨近10倍",
            "source_platform": "新华网",
            "source_url": "https://baijiahao.baidu.com/s?id=1854194054216792776&wfr=spider&for=pc",
            "content": "全国多地西红柿价格从1-2元/斤涨至7-13元/斤，涨幅近10倍，因种植减少、天气冲击等多重因素。",
            "image": ""
        },
        {
            "rank": 4,
            "title": "女孩骨癌截肢六次手术求生",
            "source_platform": "环球网",
            "source_url": "https://baijiahao.baidu.com/s?id=1854107954761843810",
            "content": "上海23岁女孩18岁确诊骨癌，经历截肢和六次大手术，为“活下去”付出巨大代价。",
            "image": "images/rank4_女孩骨癌_20260114_063408.jpg"
        },
        {
            "rank": 5,
            "title": "中国中介在泰国遭同胞抢劫",
            "source_platform": "新京报",
            "source_url": "https://mbd.baidu.com/newspage/data/videolanding?nid=sv_3643044328591038562",
            "content": "泰国芭提雅一名中国女房产中介被同胞假扮看房客抢劫，账户被转走6996元并遭胶带捆绑。",
            "image": "images/rank5_中国中介_20260114_063408.jpg"
        },
        {
            "rank": 6,
            "title": "5个伤膝盖动作需警惕",
            "source_platform": "央视新闻",
            "source_url": "https://baijiahao.baidu.com/s?id=1854194622873220363",
            "content": "久坐不动、频繁跪蹲、登山爬楼、盘腿坐和跳绳是五个可能加速膝关节损伤的高频动作。",
            "image": "images/rank6_5个伤膝_20260114_063408.jpg"
        },
        {
            "rank": 7,
            "title": "iPhone 4发布15年后爆红",
            "source_platform": "Security Check",
            "source_url": "https://www.baidu.com/s?wd=%E5%8F%91%E5%B8%8315%E5%B9%B4%E7%9A%84%E6%89%8B%E6%9C%BA%E7%AA%81%E7%84%B6%E7%88%86%E7%BA%A2&sa=fyb_news&rsv_dl=fyb_news",
            "content": "发布15年的iPhone 4在2026年年初意外重新爆红，需求激增近1000%。",
            "image": "images/rank7_iPho_20260114_063408.jpg"
        },
        {
            "rank": 8,
            "title": "何晴儿子发长文悼念母亲",
            "source_platform": "Security Check",
            "source_url": "https://www.baidu.com/s?wd=%E4%BD%95%E6%99%B4%E5%84%BF%E5%AD%90%E5%8F%91%E9%95%BF%E6%96%87%E6%82%BC%E5%BF%B5+%E8%AE%B8%E4%BA%9A%E5%86%9B%E8%BD%AC%E5%8F%91&sa=fyb_news&rsv_dl=fyb_news",
            "content": "演员何晴离世满一月，其子许何发长文悼念，前夫许亚军转发并评论表达爱意。",
            "image": "images/rank8_何晴儿子_20260114_063408.jpg"
        },
        {
            "rank": 9,
            "title": "DeepSeek新论文突破GPU限制",
            "source_platform": "观察者网",
            "source_url": "https://news.qq.com/rain/a/20260113A06LJQ00#to-comment",
            "content": "DeepSeek创始人梁文锋与北大研究人员发表论文，提出新方法突破GPU内存限制，实现参数扩展。",
            "image": "images/rank9_Deep_20260114_063408.jpg"
        }
    ],
    "timestamp": "20260114_063408"
}