{
    "news": [
        {
            "rank": 0,
            "title": "免费福利背后藏着啥陷阱？",
            "original_title": "",
            "source_platform": "",
            "source_url": "",
            "content": "",
            "image": ""
        },
        {
            "rank": 1,
            "title": "“全网最听劝妈妈”30天涨粉超62万",
            "original_title": "",
            "source_platform": "九派新闻",
            "source_url": "https://baijiahao.baidu.com/s?id=1854534139157732772",
            "content": "一位妈妈因早餐敷衍被调侃，幽默听劝升级成三菜一汤，意外走红网络，30天涨粉超62万。",
            "image": "images/rank1__全网最听劝_20260117_182827.jpg"
        },
        {
            "rank": 2,
            "title": "网警守护养娃钱：领育儿补贴硬核攻略",
            "original_title": "",
            "source_platform": "公安部网安局",
            "source_url": "https://baijiahao.baidu.com/s?id=1854524636284503211",
            "content": "育儿补贴申领开始，但不法分子设置陷阱诈骗新手父母，网警发布防骗攻略。",
            "image": "images/rank2_网警守护养娃_20260117_182827.jpg"
        },
        {
            "rank": 3,
            "title": "TikTok老外集体变“精神中国人”",
            "original_title": "",
            "source_platform": "中国新闻网",
            "source_url": "https://baijiahao.baidu.com/s?id=1854522312697751077",
            "content": "华裔博主视频引爆海外社交媒体，掀起“成为中国人”的流行趋势，引发文化现象。",
            "image": "images/rank3_TikTok_20260117_182827.jpg"
        },
        {
            "rank": 4,
            "title": "直播电商食品安全新规出台",
            "original_title": "",
            "source_platform": "南方都市报",
            "source_url": "https://news.qq.com/rain/a/20260116A0743Q00",
            "content": "市场监管总局发布新规，禁止直播销售13类食品，将于3月20日起施行。",
            "image": "images/rank4_直播电商食品_20260117_182827.jpg"
        },
        {
            "rank": 5,
            "title": "宁夏装死小羊身价暴涨至30万",
            "original_title": "",
            "source_platform": "极目新闻",
            "source_url": "https://www.toutiao.com/video/7595898125025247278/",
            "content": "宁夏一只小羊因装死行为走红网络，其身价暴涨至30万元，引发关注。",
            "image": "images/rank5_宁夏装死小羊_20260117_182827.jpg"
        },
        {
            "rank": 6,
            "title": "男孩车祸昏迷55天苏醒 妈妈发声",
            "original_title": "",
            "source_platform": "九派新闻",
            "source_url": "https://www.toutiao.com/w/1854544980037635/",
            "content": "8岁男孩车祸昏迷55天后苏醒，妈妈感谢师生和医护，孩子坚强挺过难关。",
            "image": "images/rank6_男孩车祸昏迷_20260117_182827.jpg"
        },
        {
            "rank": 7,
            "title": "如何评价当前猪价反弹",
            "original_title": "",
            "source_platform": "大嫂三农",
            "source_url": "https://www.toutiao.com/w/1854540992098316/",
            "content": "生猪价格继续反弹，南北猪价齐涨，多地涨至7元/斤，养殖端看涨惜售情绪升温。",
            "image": "images/rank7_如何评价当前_20260117_182827.jpg"
        },
        {
            "rank": 8,
            "title": "冰雪消费新观察",
            "original_title": "",
            "source_platform": "央视新闻",
            "source_url": "https://www.toutiao.com/article/7596201345229537833",
            "content": "冰雪消费从体验转向长期参与，推动消费提质升级，成为新的消费热点。",
            "image": "images/rank8_冰雪消费新观_20260117_182827.jpg"
        },
        {
            "rank": 9,
            "title": "U23国足vs乌兹别克斯坦首发",
            "original_title": "",
            "source_platform": "直播吧",
            "source_url": "https://www.toutiao.com/article/7596269415604224548/",
            "content": "U23亚洲杯1/4决赛，中国U23对阵乌兹别克斯坦，赛前双方首发名单公布。",
            "image": "images/rank9_U23国足v_20260117_182827.png"
        }
    ],
    "timestamp": "20260117_182827"
}