{
    "news": [
        {
            "rank": 0,
            "title": "扎克伯格遭围堵！",
            "original_title": "",
            "source_platform": "",
            "source_url": "",
            "content": "",
            "image": ""
        },
        {
            "rank": 1,
            "title": "美参议员凯利称将“认真考虑”竞选总统",
            "original_title": "US Senator Mark Kelly tells BBC he will 'seriously consider' White House run",
            "source_platform": "BBC News",
            "source_url": "https://www.bbc.com/news/articles/cy9gdvl4zv4o",
            "content": "美国民主党参议员马克·凯利表示，他将在2028年“认真考虑”竞选总统，同时正就一段敦促军人拒绝非法命令的视频与特朗普政府交锋。",
            "image": "images/rank1_美参议员凯利_20260218_062747.jpg"
        },
        {
            "rank": 2,
            "title": "冬奥冰壶作弊丑闻令加拿大人不安",
            "original_title": "'A sad day' - curling cheating row at Winter Games unsettles Canadians",
            "source_platform": "BBC News",
            "source_url": "https://www.bbc.com/news/articles/c9dne166pwlo",
            "content": "冬奥会冰壶赛场曝出作弊丑闻，加拿大男女队均被指控违规触球，引发国内对体育精神的广泛质疑。",
            "image": "images/rank2_冬奥冰壶作弊_20260218_062747.jpg"
        },
        {
            "rank": 3,
            "title": "罗德岛冰球场枪击案致三人死亡",
            "original_title": "Police identify suspect in Rhode Island ice rink shooting",
            "source_platform": "BBC News",
            "source_url": "https://www.bbc.com/news/articles/c75e7wqqq6no",
            "content": "美国罗德岛州一场高中冰球赛发生枪击，包括枪手在内共三人死亡，三人受伤。警方称枪手系自杀。",
            "image": "images/rank3_罗德岛冰球场_20260218_062747.jpg"
        },
        {
            "rank": 4,
            "title": "法国极右翼学生遇害案九人被捕",
            "original_title": "Nine arrested in France over death of far-right student",
            "source_platform": "BBC News",
            "source_url": "https://www.bbc.com/news/articles/cvgj1qrqd47o",
            "content": "法国一名极右翼学生在里昂遭极左翼分子袭击身亡，警方已逮捕九人，其中包括一名极左翼政党议员的助手。",
            "image": "images/rank4_法国极右翼学_20260218_062747.jpg"
        },
        {
            "rank": 5,
            "title": "《宛如处女》词作者去世，灵感源于失恋",
            "original_title": "The man whose bad break-up gave Madonna her breakthrough hit Like A Virgin",
            "source_platform": "BBC News",
            "source_url": "https://www.bbc.com/news/articles/cvgveqzld59o",
            "content": "格莱美获奖词作家比利·斯坦伯格去世，享年75岁。他创作的麦当娜金曲《宛如处女》灵感源于其个人失恋经历。",
            "image": "images/rank5__宛如处女__20260218_062747.jpg"
        },
        {
            "rank": 6,
            "title": "英国将收紧双重国籍者入境规定",
            "original_title": "Dual nationals face scramble for UK passports as new rules come into force",
            "source_platform": "BBC News",
            "source_url": "https://www.bbc.com/news/articles/cx2d9yk2kpjo",
            "content": "英国新规要求双重国籍者入境时必须持英国护照或居留权证明，引发部分长期居民担忧，有人或因此无法返英。",
            "image": "images/rank6_英国将收紧双_20260218_062747.jpg"
        },
        {
            "rank": 7,
            "title": "美国说唱歌手“狗爷”出任冬奥教练",
            "original_title": "Coach Snoop is having a blast at the Olympics",
            "source_platform": "CNN",
            "source_url": "https://edition.cnn.com/2026/02/11/style/milan-cortina-winter-olympics-snoop-dogg",
            "content": "美国说唱歌手“狗爷”斯努普·狗狗以教练身份亮相米兰-科尔蒂纳冬奥会，其时尚造型引发关注。",
            "image": "images/rank7_美国说唱歌手_20260218_062747.jpg"
        },
        {
            "rank": 8,
            "title": "西班牙将调查三大社媒平台涉传播AI生成儿童性虐内容",
            "original_title": "Spain to Investigate Social Media Giants, Escalating Trans-Atlantic Tech Dispute",
            "source_platform": "New York Times",
            "source_url": "https://www.nytimes.com/2026/02/17/world/europe/spain-investigate-social-media.html",
            "content": "西班牙首相桑切斯宣布，将要求检察官调查X、Meta和TikTok涉嫌传播AI生成的儿童性虐待材料。",
            "image": "images/rank8_西班牙将调查_20260218_062747.jpg"
        },
        {
            "rank": 9,
            "title": "扎克伯格将就社媒成瘾问题出庭作证",
            "original_title": "Tough questions — and grieving families — await Mark Zuckerberg at social media addiction trial Wednesday",
            "source_platform": "CNN",
            "source_url": "https://edition.cnn.com/2026/02/17/tech/meta-mark-zuckerberg-addiction-trial-testimony",
            "content": "Meta首席执行官扎克伯格将就社交媒体成瘾问题出庭作证，面临失去子女的家长的尖锐质询。",
            "image": "images/rank9_扎克伯格将就_20260218_062747.jpg"
        }
    ],
    "timestamp": "20260218_062747"
}