{
    "news": [
        {
            "rank": 0,
            "title": "年轻人为何愿为香气买单？",
            "original_title": "",
            "source_platform": "",
            "source_url": "",
            "content": "",
            "image": ""
        },
        {
            "rank": 1,
            "title": "浦东新区将成首个2万亿经济大区",
            "original_title": "",
            "source_platform": "国民经略",
            "source_url": "https://baijiahao.baidu.com/s?id=1854988068274288986",
            "content": "上海浦东新区预计2025年GDP达1.88万亿元，2026年目标突破2万亿元，经济体量相当于全国第11名。",
            "image": "images/rank1_浦东新区将成_20260122_183720.jpg"
        },
        {
            "rank": 2,
            "title": "央媒提醒“晒娃”隐藏风险",
            "original_title": "",
            "source_platform": "央视新闻",
            "source_url": "https://baijiahao.baidu.com/s?id=1854975769190184726",
            "content": "央视曝光社交媒体“晒娃”风险，孩子照片可能被商家盗用、恶意P图甚至打包售卖变现。",
            "image": "images/rank2_央媒提醒_晒_20260122_183720.jpg"
        },
        {
            "rank": 3,
            "title": "2025年全国粮食产量创新高",
            "original_title": "",
            "source_platform": "央视新闻",
            "source_url": "https://baijiahao.baidu.com/s?id=1854984304250256297",
            "content": "2025年全国粮食产量达14298亿斤，增产168亿斤，连续两年稳定在1.4万亿斤以上。",
            "image": "images/rank3_2025年全_20260122_183720.jpg"
        },
        {
            "rank": 4,
            "title": "吉林游客在哈尔滨冻伤",
            "original_title": "",
            "source_platform": "九派新闻",
            "source_url": "https://baijiahao.baidu.com/s?id=1855007516692750749",
            "content": "吉林男子在哈尔滨冰雪大世界游玩近10小时，零下19℃气温致其手脸冻伤，眼眶发青。",
            "image": "images/rank4_吉林游客在哈_20260122_183720.jpg"
        },
        {
            "rank": 5,
            "title": "年轻人一次充5千元芳香疗愈",
            "original_title": "",
            "source_platform": "中新经纬",
            "source_url": "https://baijiahao.baidu.com/s?id=1854996182120763137",
            "content": "年轻人通过闻香、精油按摩缓解压力，一次充值超5000元，催生快速增长的疗愈消费市场。",
            "image": "images/rank5_年轻人一次充_20260122_183720.jpg"
        },
        {
            "rank": 6,
            "title": "京东推出黄金手机壳",
            "original_title": "",
            "source_platform": "极目新闻",
            "source_url": "https://baijiahao.baidu.com/s?id=1855004440188760342",
            "content": "京东平台推出黄金手机壳，售价11299元起，最高达112299元，目前已开始接受预订。",
            "image": "images/rank6_京东推出黄金_20260122_183720.jpg"
        },
        {
            "rank": 7,
            "title": "宁波大龄青年安置房引关注",
            "original_title": "",
            "source_platform": "潇湘晨报",
            "source_url": "https://baijiahao.baidu.com/s?id=1855008489975158822",
            "content": "浙江宁波一镇建造“大龄青年安置房小区”，20岁以上女性、22岁以上男性可申请购买。",
            "image": "images/rank7_宁波大龄青年_20260122_183720.jpg"
        },
        {
            "rank": 8,
            "title": "王欣瑜首进澳网女单32强",
            "original_title": "",
            "source_platform": "直播吧",
            "source_url": "https://www.toutiao.com/article/7598051501025591850/",
            "content": "澳网女单第二轮，王欣瑜逆转前法网冠军奥斯塔彭科，生涯首次晋级澳网女单32强。",
            "image": "images/rank8_王欣瑜首进澳_20260122_183720.jpg"
        },
        {
            "rank": 9,
            "title": "物业自制三轮车清雪走红",
            "original_title": "",
            "source_platform": "一朵清心",
            "source_url": "https://www.toutiao.com/w/1854986965965258/",
            "content": "河南洛阳小区物业用三轮车自制“清雪车”，绕小区开两圈即清理道路，展现民间智慧。",
            "image": "images/rank9_物业自制三轮_20260122_183720.jpg"
        }
    ],
    "timestamp": "20260122_183720"
}