{
    "news": [
        {
            "rank": 0,
            "title": "【轰动】风波再起！众明星卷入，谁能独善其身？",
            "original_title": "",
            "source_platform": "",
            "source_url": "",
            "content": "",
            "image": ""
        },
        {
            "rank": 1,
            "title": "丁真工作室被曝欠税3.4万余元",
            "original_title": "",
            "source_platform": "腾讯娱乐",
            "source_url": "https://news.qq.com/rain/a/20260127A05JS300",
            "content": "丁真工作室被曝欠税3.4万余元",
            "image": "images/rank1_丁真工作室被_20260127_183741.jpg"
        },
        {
            "rank": 2,
            "title": "吴佩慈婆婆穿囚服戴手铐出庭",
            "original_title": "",
            "source_platform": "腾讯娱乐",
            "source_url": "https://news.qq.com/rain/a/20260127V05UMD00",
            "content": "吴佩慈婆婆穿囚服戴手铐出庭",
            "image": "images/rank2_吴佩慈婆婆穿_20260127_183741.jpg"
        },
        {
            "rank": 3,
            "title": "周雨彤向章若楠道歉：感谢时漏掉了她",
            "original_title": "",
            "source_platform": "腾讯娱乐",
            "source_url": "https://news.qq.com/rain/a/20260127V05K5N00",
            "content": "周雨彤向章若楠道歉：感谢时漏掉了她",
            "image": "images/rank3_周雨彤向章若_20260127_183741.jpg"
        },
        {
            "rank": 4,
            "title": "前女友回应何健麒尿检发检：他避重就轻",
            "original_title": "",
            "source_platform": "腾讯娱乐",
            "source_url": "https://news.qq.com/rain/a/20260127V01YU100",
            "content": "前女友回应何健麒尿检发检：他避重就轻",
            "image": "images/rank4_前女友回应何_20260127_183741.jpg"
        },
        {
            "rank": 5,
            "title": "喜剧四巨头聚首浙江卫视春晚",
            "original_title": "",
            "source_platform": "腾讯娱乐",
            "source_url": "https://news.qq.com/rain/a/20260127V053J400",
            "content": "喜剧四巨头聚首浙江卫视春晚",
            "image": "images/rank5_喜剧四巨头聚_20260127_183741.jpg"
        },
        {
            "rank": 6,
            "title": "黄子韬曾逼徐艺洋坐过山车，如今吓到哭",
            "original_title": "",
            "source_platform": "腾讯娱乐",
            "source_url": "https://news.qq.com/rain/a/20260126V05VDT00",
            "content": "黄子韬曾逼徐艺洋坐过山车，如今吓到哭",
            "image": "images/rank6_黄子韬曾逼徐_20260127_183741.jpg"
        },
        {
            "rank": 7,
            "title": "我国全超导磁体刷新纪录",
            "original_title": "",
            "source_platform": "抖音热榜",
            "source_url": "https://www.douyin.com/hot/2380721",
            "content": "我国全超导磁体刷新纪录",
            "image": "images/rank7_我国全超导磁_20260127_183741.jpg"
        },
        {
            "rank": 8,
            "title": "2025年广东GDP增长3.9%",
            "original_title": "",
            "source_platform": "抖音热榜",
            "source_url": "https://www.douyin.com/hot/2380634",
            "content": "2025年广东GDP增长3.9%",
            "image": "images/rank8_2025年广_20260127_183741.jpg"
        },
        {
            "rank": 9,
            "title": "米兰冬奥会中国体育代表团成立",
            "original_title": "",
            "source_platform": "抖音热榜",
            "source_url": "https://www.douyin.com/hot/2380652",
            "content": "米兰冬奥会中国体育代表团成立",
            "image": "images/rank9_米兰冬奥会中_20260127_183741.jpg"
        }
    ],
    "timestamp": "20260127_183741"
}