{
    "news": [
        {
            "rank": 0,
            "title": "黄金砖连夜消失？",
            "original_title": "",
            "source_platform": "",
            "source_url": "",
            "content": "",
            "image": ""
        },
        {
            "rank": 1,
            "title": "麦当劳新包装被吐槽像祭祀用品",
            "original_title": "",
            "source_platform": "C位看每日播报",
            "source_url": "https://baijiahao.baidu.com/s?id=1855765031345768610",
            "content": "麦当劳新包装引发网友争议，部分人认为其“像祭祀用品”，官方客服表示已记录并将反馈。",
            "image": "images/rank1_麦当劳新包装_20260131_062141.jpg"
        },
        {
            "rank": 2,
            "title": "73岁大爷医院查出“宫内早孕”",
            "original_title": "",
            "source_platform": "掌闻视讯",
            "source_url": "https://baijiahao.baidu.com/s?id=1855761645599462305",
            "content": "73岁大爷在医院超声检查结果显示“宫内早孕”，涉事医院致歉称系系统故障及审核不严导致。",
            "image": "images/rank2_73岁大爷医_20260131_062141.jpg"
        },
        {
            "rank": 3,
            "title": "高铁宠物托运服务试点扩大",
            "original_title": "",
            "source_platform": "红星视频",
            "source_url": "https://baijiahao.baidu.com/s?id=1855705806221985698",
            "content": "高铁宠物托运服务试点范围扩大，新增67个车站，可办理站点达110个，可通过铁路12306或中铁快运预约。",
            "image": "images/rank3_高铁宠物托运_20260131_062141.jpg"
        },
        {
            "rank": 4,
            "title": "广西村民拍《大话西游》走红",
            "original_title": "",
            "source_platform": "南风窗",
            "source_url": "https://baijiahao.baidu.com/s?id=1855727889044887188",
            "content": "广西村民组成团队复刻《西游记》取经路，农闲拍视频开直播，粗粝服化道配乡音对白意外走红网络。",
            "image": "images/rank4_广西村民拍__20260131_062141.jpg"
        },
        {
            "rank": 5,
            "title": "“反向春运”成今年出行新特点",
            "original_title": "",
            "source_platform": "海报新闻",
            "source_url": "https://baijiahao.baidu.com/s?id=1855724350302204327",
            "content": "2026年春运预计跨区域人员流动95亿人次，“反向春运”成流行趋势，民航旅游航线迎高峰。",
            "image": "images/rank5__反向春运__20260131_062141.jpg"
        },
        {
            "rank": 6,
            "title": "万科预计2025年净亏损820亿元",
            "original_title": "",
            "source_platform": "澎湃新闻",
            "source_url": "https://news.qq.com/rain/a/20260130A077FZ00",
            "content": "万科发布业绩预告，预计2025年归属于上市公司股东的净亏损约820亿元，主要因项目结算规模下降等。",
            "image": "images/rank6_万科预计20_20260131_062141.jpg"
        },
        {
            "rank": 7,
            "title": "证监会拟扩大战略投资者类型",
            "original_title": "",
            "source_platform": "界面新闻",
            "source_url": "https://news.qq.com/rain/a/20260130A06O0900",
            "content": "证监会拟扩大战略投资者类型，明确最低持股比例要求，以推动中长期资金入市。",
            "image": "images/rank7_证监会拟扩大_20260131_062141.jpg"
        },
        {
            "rank": 8,
            "title": "酒店大堂78公斤黄金砖被撤走",
            "original_title": "",
            "source_platform": "极目新闻",
            "source_url": "https://www.toutiao.com/article/7601089749431878184/",
            "content": "澳门英皇娱乐酒店大堂标志性“黄金大道”内总重78公斤的黄金砖被连夜撤走，引发网友关注。",
            "image": "images/rank8_酒店大堂78_20260131_062141.jpg"
        },
        {
            "rank": 9,
            "title": "2026冰雪季新变化新玩法",
            "original_title": "",
            "source_platform": "新华社",
            "source_url": "https://www.toutiao.com/article/7601036556375278126",
            "content": "2026冰雪季，乌鲁木齐试行“雪假”，上海商场可体验室内滑雪，冰雪热潮融入生活新日常。",
            "image": "images/rank9_2026冰雪_20260131_062141.jpg"
        }
    ],
    "timestamp": "20260131_062141"
}