{
    "news": [
        {
            "rank": 0,
            "title": "羊毛都不能私卖？",
            "original_title": "",
            "source_platform": "",
            "source_url": "",
            "content": "",
            "image": ""
        },
        {
            "rank": 1,
            "title": "中国网友称滞留日本：航班大量取消",
            "original_title": "",
            "source_platform": "杭州日报",
            "source_url": "https://baijiahao.baidu.com/s?id=1855445276536714235",
            "content": "日本北海道新千岁机场因暴雪取消56架次航班，约7000名旅客滞留，包括大量中国游客。",
            "image": "images/rank1_中国网友称滞_20260127_161405.jpg"
        },
        {
            "rank": 2,
            "title": "国企转让95只羊：1根毛都不能私自处理",
            "original_title": "",
            "source_platform": "羊城派",
            "source_url": "https://baijiahao.baidu.com/s?id=1855363996713427544",
            "content": "宁夏一国企通过正规平台转让95只羊，平均每只约525元，强调按国资流程操作，受让方可实地看羊。",
            "image": "images/rank2_国企转让95_20260127_161405.jpg"
        },
        {
            "rank": 3,
            "title": "长期烧水喝和买桶装水喝 哪种更健康",
            "original_title": "",
            "source_platform": "央视新闻",
            "source_url": "https://baijiahao.baidu.com/s?id=1855426614762248466",
            "content": "专家分析长期自己烧水喝与经常买桶装水喝的健康差异，解答日常饮水选择疑问。",
            "image": "images/rank3_长期烧水喝和_20260127_161405.jpg"
        },
        {
            "rank": 4,
            "title": "日民众排队送别大熊猫 人群挤满天桥",
            "original_title": "",
            "source_platform": "青蜂侠Bee",
            "source_url": "https://baijiahao.baidu.com/s?id=1855368258478810244",
            "content": "旅日双胞胎大熊猫“晓晓”和“蕾蕾”最后一天公开亮相，大批民众在东京上野动物园排队告别。",
            "image": "images/rank4_日民众排队送_20260127_161405.jpg"
        },
        {
            "rank": 5,
            "title": "王岳伦辟谣王诗龄休学等传言",
            "original_title": "",
            "source_platform": "扬眼",
            "source_url": "https://news.qq.com/rain/a/20260126A075M800",
            "content": "李湘前夫王岳伦发文回应女儿王诗龄休学、缅北诈骗等传言，称均为谣言，呼吁停止传谣。",
            "image": "images/rank5_王岳伦辟谣王_20260127_161405.jpg"
        },
        {
            "rank": 6,
            "title": "黄金价格冲破5100美元",
            "original_title": "",
            "source_platform": "第一财经",
            "source_url": "https://news.qq.com/rain/a/20260126A072C400",
            "content": "伦敦现货黄金价格连续冲破每盎司5000美元和5100美元关口，最高触及5111美元历史高位。",
            "image": "images/rank6_黄金价格冲破_20260127_161405.jpg"
        },
        {
            "rank": 7,
            "title": "研究发现午睡正在悄悄拉开大脑年龄差",
            "original_title": "",
            "source_platform": "人民日报健康客户端",
            "source_url": "https://www.toutiao.com/article/7599626270351180342/",
            "content": "最新科学研究表明，正确的午睡习惯能深度重启大脑，提高效率，甚至延缓大脑衰老。",
            "image": "images/rank7_研究发现午睡_20260127_161405.jpg"
        },
        {
            "rank": 8,
            "title": "男子彩票中800万交给妻子淡定上班",
            "original_title": "",
            "source_platform": "青岛新闻网",
            "source_url": "https://www.toutiao.com/video/7599809315926442020/",
            "content": "一名男子彩票中奖800万元后，将奖金交给妻子，自己则淡定如常继续上班。",
            "image": "images/rank8_男子彩票中8_20260127_161405.jpg"
        },
        {
            "rank": 9,
            "title": "印度尼帕病毒疫情会失控吗",
            "original_title": "",
            "source_platform": "中国新闻周刊",
            "source_url": "https://www.toutiao.com/article/7599874798897857064/",
            "content": "印度西孟加拉邦出现尼帕病毒疫情，已检出5例确诊病例，引发全球对疫情失控的担忧。",
            "image": "images/rank9_印度尼帕病毒_20260127_161405.jpg"
        }
    ],
    "timestamp": "20260127_161405"
}