{
    "news": [
        {
            "rank": 0,
            "title": "便宜货背后藏啥坑？",
            "original_title": "",
            "source_platform": "",
            "source_url": "",
            "content": "",
            "image": ""
        },
        {
            "rank": 1,
            "title": "胖东来599元羽绒服充绒量213克",
            "original_title": "",
            "source_platform": "C位看热点资讯",
            "source_url": "https://baijiahao.baidu.com/s?id=1854464283883385513",
            "content": "胖东来一款599元羽绒服因充绒量最高达213克登上热搜，性价比引发关注，目前已断货断码。",
            "image": "images/rank1_胖东来599_20260117_061935.jpg"
        },
        {
            "rank": 2,
            "title": "去海南“买买买”到底能省多少钱",
            "original_title": "",
            "source_platform": "新华社",
            "source_url": "https://baijiahao.baidu.com/s?id=1852031382977626618",
            "content": "海南全岛封关运作后免税店爆火，新华社记者详解去海南购物能省多少钱。",
            "image": "images/rank2_去海南_买买_20260117_061935.jpg"
        },
        {
            "rank": 3,
            "title": "13类食品在直播间里坚决不能卖",
            "original_title": "",
            "source_platform": "新华社新媒体",
            "source_url": "https://baijiahao.baidu.com/s?id=1854470846137104205",
            "content": "直播电商食品安全新规施行，明确13类不得直播经营的食品，列出直播禁售清单。",
            "image": "images/rank3_13类食品在_20260117_061935.jpg"
        },
        {
            "rank": 4,
            "title": "全网最“听劝”妈妈走红",
            "original_title": "",
            "source_platform": "澎湃新闻",
            "source_url": "https://baijiahao.baidu.com/s?id=1740678484732491583",
            "content": "一位妈妈因经常晒给儿子做的“雷霆早餐”走红，记者连线看到一对“朋友”式母子。",
            "image": "images/rank4_全网最_听劝_20260117_061935.jpg"
        },
        {
            "rank": 5,
            "title": "中国攻克半导体材料世界难题",
            "original_title": "",
            "source_platform": "环球网",
            "source_url": "https://baijiahao.baidu.com/s?id=1854476664408073356",
            "content": "我国科研团队在半导体材料领域取得突破，创新技术将芯片界面变为原子级平整薄膜。",
            "image": "images/rank5_中国攻克半导_20260117_061935.jpg"
        },
        {
            "rank": 6,
            "title": "脑机接口正“接入”生活",
            "original_title": "",
            "source_platform": "新华社",
            "source_url": "https://www.toutiao.com/article/7595878310756827686",
            "content": "脑机接口技术让高位截瘫患者凭意念操控轮椅等场景成为现实，前沿技术引发关注。",
            "image": "images/rank6_脑机接口正__20260117_061935.png"
        },
        {
            "rank": 7,
            "title": "结婚人数为何突然反弹",
            "original_title": "",
            "source_platform": "诗与星空",
            "source_url": "https://www.toutiao.com/article/7595791166096949794/",
            "content": "多地2025年结婚数据披露，上海、深圳等地结婚人数同比增长，创下5年来新高。",
            "image": "images/rank7_结婚人数为何_20260117_061935.jpg"
        },
        {
            "rank": 8,
            "title": "福耀科技大学大一学生已被企业抢光",
            "original_title": "",
            "source_platform": "新浪财经",
            "source_url": "https://www.toutiao.com/article/7595433858632401460/",
            "content": "福耀科技大学大一学生就业情况引发关注，据称学生已被企业抢光，源头解决就业问题。",
            "image": "images/rank8_福耀科技大学_20260117_061935.jpg"
        },
        {
            "rank": 9,
            "title": "75亿项目严重偷工减料 多人被撤职",
            "original_title": "",
            "source_platform": "新闻坊",
            "source_url": "https://www.toutiao.com/article/7595380227833627178/",
            "content": "福建永安抽水蓄能电站项目被曝存在严重偷工减料问题，锚筋桩施工长度大幅缩水。",
            "image": "images/rank9_75亿项目严_20260117_061935.png"
        }
    ],
    "timestamp": "20260117_061935"
}