{
    "news": [
        {
            "rank": 0,
            "title": "寿命竟由基因定？",
            "original_title": "",
            "source_platform": "",
            "source_url": "",
            "content": "",
            "image": ""
        },
        {
            "rank": 1,
            "title": "国产香蕉为何难进大商超",
            "original_title": "",
            "source_platform": "中工网",
            "source_url": "https://baijiahao.baidu.com/s?id=1856071206522056384",
            "content": "国产香蕉因供应与品质标准化不足，在大型连锁商超中少见，进口香蕉更符合商超需求。",
            "image": "images/rank1_国产香蕉为何_20260204_062717.jpg"
        },
        {
            "rank": 2,
            "title": "夫妻吃娃娃菜中毒竟是敲诈",
            "original_title": "",
            "source_platform": "红星新闻",
            "source_url": "https://baijiahao.baidu.com/s?id=1856115285515827934",
            "content": "浙江台州夫妻网购娃娃菜后称中毒，警方调查发现二人涉嫌敲诈勒索，已被采取刑事强制措施。",
            "image": "images/rank2_夫妻吃娃娃菜_20260204_062717.jpg"
        },
        {
            "rank": 3,
            "title": "女子30年后终改回本名",
            "original_title": "",
            "source_platform": "红星新闻",
            "source_url": "https://baijiahao.baidu.com/s?id=1856097575657962330",
            "content": "江苏宿迁女子张凤英因30多年前户口登记为“王张氏”，近日成功改回原名，表示非常开心。",
            "image": "images/rank3_女子30年后_20260204_062717.jpg"
        },
        {
            "rank": 4,
            "title": "30岁男子立遗嘱防争产",
            "original_title": "",
            "source_platform": "红星新闻",
            "source_url": "https://baijiahao.baidu.com/s?id=1856097167539280373",
            "content": "广州30岁蒋先生因与继母关系紧张，提前立遗嘱将婚前房产指定由儿子继承，避免未来家庭纠纷。",
            "image": "images/rank4_30岁男子立_20260204_062717.jpg"
        },
        {
            "rank": 5,
            "title": "医院直播手术暴露隐私致歉",
            "original_title": "",
            "source_platform": "新京报",
            "source_url": "https://news.qq.com/rain/a/20260203A06B7D00",
            "content": "陕西中医药大学附属医院网络直播手术时暴露女患者隐私部位，院方已公开致歉。",
            "image": "images/rank5_医院直播手术_20260204_062717.jpg"
        },
        {
            "rank": 6,
            "title": "江苏中小学将放春秋假",
            "original_title": "",
            "source_platform": "澎湃新闻",
            "source_url": "https://news.qq.com/rain/a/20260203A06QQV00",
            "content": "江苏省中小学自今年春季学期起实施春秋假制度，每学期各放假3天。",
            "image": "images/rank6_江苏中小学将_20260204_062717.jpg"
        },
        {
            "rank": 7,
            "title": "油价二连涨 加满多花8元",
            "original_title": "",
            "source_platform": "界面新闻",
            "source_url": "https://news.qq.com/rain/a/20260203A05EK600",
            "content": "国内成品油价再次上调，实现“二连涨”，车主加满一箱油将多花费约8元。",
            "image": "images/rank7_油价二连涨__20260204_062717.jpg"
        },
        {
            "rank": 8,
            "title": "君乐宝高负债赴港上市",
            "original_title": "",
            "source_platform": "腾讯新闻潜望",
            "source_url": "https://news.qq.com/rain/a/20260203A01O0S00",
            "content": "君乐宝乳业以77%的负债率寻求港股上市，其早期曾借助三鹿集团实现快速扩张。",
            "image": "images/rank8_君乐宝高负债_20260204_062717.jpg"
        },
        {
            "rank": 9,
            "title": "春运首日现电车亏电油车没油",
            "original_title": "",
            "source_platform": "生活帮",
            "source_url": "https://www.toutiao.com/article/7602617134060995108",
            "content": "春运启动首日，高速上发生多起新能源车亏电、燃油车没油抛锚事件，有司机因违法被扣12分。",
            "image": "images/rank9_春运首日现电_20260204_062717.jpg"
        }
    ],
    "timestamp": "20260204_062717"
}