{
    "news": [
        {
            "rank": 0,
            "title": "【轰动】风波再起！众明星卷入，谁能独善其身？",
            "original_title": "",
            "source_platform": "",
            "source_url": "",
            "content": "",
            "image": ""
        },
        {
            "rank": 1,
            "title": "李亚鹏官宣与哥哥和解",
            "original_title": "",
            "source_platform": "腾讯娱乐",
            "source_url": "https://news.qq.com/rain/a/20260227A06HHN00",
            "content": "李亚鹏官宣与哥哥和解",
            "image": "images/rank1_李亚鹏官宣与_20260227_184925.jpg"
        },
        {
            "rank": 2,
            "title": "肖战米兰时装周松弛感的神",
            "original_title": "",
            "source_platform": "腾讯娱乐",
            "source_url": "https://news.qq.com/rain/a/20260227V06DTN00",
            "content": "肖战米兰时装周松弛感的神",
            "image": "images/rank2_肖战米兰时装_20260227_184925.jpg"
        },
        {
            "rank": 3,
            "title": "《镖人》破10亿，原作者绘贺图",
            "original_title": "",
            "source_platform": "腾讯娱乐",
            "source_url": "https://news.qq.com/rain/a/20260227V0642U00",
            "content": "《镖人》破10亿，原作者绘贺图",
            "image": "images/rank3__镖人_破1_20260227_184925.jpg"
        },
        {
            "rank": 4,
            "title": "26岁歌手酒驾致人死亡，开庭鞠躬道歉",
            "original_title": "",
            "source_platform": "腾讯娱乐",
            "source_url": "https://news.qq.com/rain/a/20260227V02JH400",
            "content": "26岁歌手酒驾致人死亡，开庭鞠躬道歉",
            "image": "images/rank4_26岁歌手酒_20260227_184925.jpg"
        },
        {
            "rank": 5,
            "title": "蔡依林重制《布拉格广场》：经典重生？",
            "original_title": "",
            "source_platform": "腾讯娱乐",
            "source_url": "https://news.qq.com/rain/a/20260227V05DIX00",
            "content": "蔡依林重制《布拉格广场》：经典重生？",
            "image": "images/rank5_蔡依林重制__20260227_184925.jpg"
        },
        {
            "rank": 6,
            "title": "迪丽热巴已成立个人独资工作室",
            "original_title": "",
            "source_platform": "腾讯娱乐",
            "source_url": "https://news.qq.com/rain/a/20260226V06PTR00",
            "content": "迪丽热巴已成立个人独资工作室",
            "image": "images/rank6_迪丽热巴已成_20260227_184925.jpg"
        },
        {
            "rank": 7,
            "title": "这个春节麻辣拌是真顶流",
            "original_title": "",
            "source_platform": "抖音热榜",
            "source_url": "https://www.douyin.com/hot/2413157",
            "content": "这个春节麻辣拌是真顶流",
            "image": "images/rank7_这个春节麻辣_20260227_184925.jpg"
        },
        {
            "rank": 8,
            "title": "我拼命扣上的行李箱",
            "original_title": "",
            "source_platform": "抖音热榜",
            "source_url": "https://www.douyin.com/hot/2413054",
            "content": "我拼命扣上的行李箱",
            "image": "images/rank8_我拼命扣上的_20260227_184925.jpg"
        },
        {
            "rank": 9,
            "title": "从春运变化看消费业态升级",
            "original_title": "",
            "source_platform": "抖音热榜",
            "source_url": "https://www.douyin.com/hot/2413233",
            "content": "从春运变化看消费业态升级",
            "image": "images/rank9_从春运变化看_20260227_184925.jpg"
        }
    ],
    "timestamp": "20260227_184925"
}