{
    "news": [
        {
            "rank": 0,
            "title": "特朗普“买岛”引爆全球！",
            "original_title": "",
            "source_platform": "",
            "source_url": "",
            "content": "",
            "image": ""
        },
        {
            "rank": 1,
            "title": "特朗普将格陵兰诉求与诺贝尔奖挂钩",
            "original_title": "Trump ties Greenland demands to Nobel Prize in message to Norway leader",
            "source_platform": "BBC News",
            "source_url": "https://www.bbc.com/news/articles/cy7mev35x2lo",
            "content": "特朗普致信挪威首相，称因未获诺贝尔和平奖，他不再有义务只考虑和平，并坚持美国需要“完全控制”格陵兰。",
            "image": "images/rank1_特朗普将格陵_20260120_061917.jpg"
        },
        {
            "rank": 2,
            "title": "布鲁克林·贝克汉姆公开与父母决裂",
            "original_title": "I do not want to reconcile with my family, says Brooklyn Peltz Beckham",
            "source_platform": "BBC News",
            "source_url": "https://www.bbc.com/news/articles/ce3ekq4z5dyo",
            "content": "大卫·贝克汉姆长子布鲁克林在社交媒体发长文，指责父母长期破坏其婚姻，并表示“不想与家人和解”。",
            "image": "images/rank2_布鲁克林_贝_20260120_061917.jpg"
        },
        {
            "rank": 3,
            "title": "俄罗斯幸灾乐祸，称欧洲因格陵兰问题“彻底迷失”",
            "original_title": "'Europe is at a total loss': Russia gloats over Greenland tensions",
            "source_platform": "BBC News",
            "source_url": "https://www.bbc.com/news/articles/c17zpvkddpzo",
            "content": "俄罗斯政府媒体赞扬特朗普并批评反对美国吞并格陵兰的欧洲领导人，称欧洲的困境让莫斯科“乐于观看”。",
            "image": "images/rank3_俄罗斯幸灾乐_20260120_061917.jpg"
        },
        {
            "rank": 4,
            "title": "加拿大女子在澳大利亚海滩遭野狗围尸",
            "original_title": "Canadian woman found dead surrounded by dingoes on Australian beach",
            "source_platform": "BBC News",
            "source_url": "https://www.bbc.com/news/articles/c3wz90n5vgeo",
            "content": "一名19岁加拿大女游客在澳大利亚昆士兰州海滩被发现死亡，尸体被一群野狗包围，死因尚在调查中。",
            "image": "images/rank4_加拿大女子在_20260120_061917.jpg"
        },
        {
            "rank": 5,
            "title": "意大利传奇时装设计师瓦伦蒂诺逝世",
            "original_title": "Italian fashion designer Valentino dies aged 93",
            "source_platform": "BBC News",
            "source_url": "https://www.bbc.com/news/articles/cdx4rpxxvg7o",
            "content": "意大利著名时装设计师瓦伦蒂诺·加拉瓦尼在罗马家中安详离世，享年93岁，其作品定义了数十年的奢华与优雅。",
            "image": "images/rank5_意大利传奇时_20260120_061917.jpg"
        },
        {
            "rank": 6,
            "title": "英国海滩被泄漏薯条和洋葱覆盖",
            "original_title": "Chips ahoy! English beach covered in French fries and onions after cargo ship spill",
            "source_platform": "CNN",
            "source_url": "https://edition.cnn.com/2026/01/19/travel/fries-onions-cover-beach-england-intl-scli-gbr",
            "content": "英国东萨塞克斯郡海滩因货船集装箱坠海，被大量未烹煮的薯条和洋葱覆盖，清理工作正在进行。",
            "image": "images/rank6_英国海滩被泄_20260120_061917.jpg"
        },
        {
            "rank": 7,
            "title": "日本首相高市早苗宣布解散众议院",
            "original_title": "Japan prime minister Takaichi to dissolve parliament Friday and call national election",
            "source_platform": "CNN",
            "source_url": "https://edition.cnn.com/2026/01/19/asia/japan-prime-minister-snap-election-takaichi-intl",
            "content": "日本首相高市早苗宣布将于周五解散众议院并举行大选，同时承诺暂停征收8%食品消费税两年。",
            "image": "images/rank7_日本首相高市_20260120_061917.jpg"
        },
        {
            "rank": 8,
            "title": "欧盟与南美南方共同市场签署自贸协定",
            "original_title": "EU and South America’s Mercosur bloc sign landmark free trade agreement",
            "source_platform": "CNN",
            "source_url": "https://edition.cnn.com/2026/01/17/americas/mercosur-eu-trade-agreement-latam-intl",
            "content": "欧盟与南美南方共同市场正式签署具有里程碑意义的自由贸易协定，结束了长达二十多年的谈判。",
            "image": "images/rank8_欧盟与南美南_20260120_061917.jpg"
        },
        {
            "rank": 9,
            "title": "爱尔兰教师因跨性别学生争议再度入狱",
            "original_title": "Teacher in transgender student row sent back to jail in Ireland",
            "source_platform": "Sky News",
            "source_url": "https://news.sky.com/story/teacher-in-transgender-student-row-sent-back-to-jail-in-ireland-13496247",
            "content": "爱尔兰一名福音派基督教教师因拒绝使用跨性别学生的新代词被解雇，现因再次违反禁止其进入学校的法庭命令而被送回监狱。",
            "image": "images/rank9_爱尔兰教师因_20260120_061917.jpg"
        }
    ],
    "timestamp": "20260120_061917"
}