{
    "news": [
        {
            "rank": 0,
            "title": "【轰动】风波再起！众明星卷入，谁能独善其身？",
            "original_title": "",
            "source_platform": "",
            "source_url": "",
            "content": "",
            "image": ""
        },
        {
            "rank": 1,
            "title": "孙涛宣布不再参加春晚",
            "original_title": "",
            "source_platform": "腾讯娱乐",
            "source_url": "https://news.qq.com/rain/a/20260126V03ZEU00",
            "content": "孙涛宣布不再参加春晚",
            "image": "images/rank1_孙涛宣布不再_20260126_183605.jpg"
        },
        {
            "rank": 2,
            "title": "三毛扮演者孟智超回应拍短剧",
            "original_title": "",
            "source_platform": "腾讯娱乐",
            "source_url": "https://news.qq.com/rain/a/20260126V03TCU00",
            "content": "三毛扮演者孟智超回应拍短剧",
            "image": "images/rank2_三毛扮演者孟_20260126_183605.jpg"
        },
        {
            "rank": 3,
            "title": "林俊杰七七公布恋情后首同框看电影",
            "original_title": "",
            "source_platform": "腾讯娱乐",
            "source_url": "https://news.qq.com/rain/a/20260126V046W200",
            "content": "林俊杰七七公布恋情后首同框看电影",
            "image": "images/rank3_林俊杰七七公_20260126_183605.jpg"
        },
        {
            "rank": 4,
            "title": "电影《翠湖》终极预告",
            "original_title": "",
            "source_platform": "腾讯娱乐",
            "source_url": "https://news.qq.com/rain/a/20260125V0670400",
            "content": "电影《翠湖》终极预告",
            "image": "images/rank4_电影_翠湖__20260126_183605.jpg"
        },
        {
            "rank": 5,
            "title": "“性商教母”只能割女人韭菜",
            "original_title": "",
            "source_platform": "腾讯娱乐",
            "source_url": "https://news.qq.com/rain/a/20260126A02POD00",
            "content": "“性商教母”只能割女人韭菜",
            "image": "images/rank5__性商教母__20260126_183605.jpg"
        },
        {
            "rank": 6,
            "title": "82岁老师写高考作文引关注",
            "original_title": "",
            "source_platform": "抖音热榜",
            "source_url": "https://www.douyin.com/hot/2379769",
            "content": "82岁老师写高考作文引关注",
            "image": "images/rank6_82岁老师写_20260126_183605.jpg"
        },
        {
            "rank": 7,
            "title": "年味争霸赛开赛啦",
            "original_title": "",
            "source_platform": "抖音热榜",
            "source_url": "https://www.douyin.com/hot/2379867",
            "content": "年味争霸赛开赛啦",
            "image": "images/rank7_年味争霸赛开_20260126_183605.jpg"
        },
        {
            "rank": 8,
            "title": "杨鸣辞任辽篮主帅",
            "original_title": "",
            "source_platform": "抖音热榜",
            "source_url": "https://www.douyin.com/hot/2379644",
            "content": "杨鸣辞任辽篮主帅",
            "image": "images/rank8_杨鸣辞任辽篮_20260126_183605.jpg"
        },
        {
            "rank": 9,
            "title": "国安部提示警惕“带节奏”手段",
            "original_title": "",
            "source_platform": "抖音热榜",
            "source_url": "https://www.douyin.com/hot/2379700",
            "content": "国安部提示警惕“带节奏”手段",
            "image": "images/rank9_国安部提示警_20260126_183605.jpg"
        }
    ],
    "timestamp": "20260126_183605"
}