{
    "news": [
        {
            "rank": 0,
            "title": "千万遗产竟归邻居？",
            "original_title": "",
            "source_platform": "",
            "source_url": "",
            "content": "",
            "image": ""
        },
        {
            "rank": 1,
            "title": "邻居照顾老人12年获千万遗产",
            "original_title": "",
            "source_platform": "潮新闻客户端",
            "source_url": "https://baijiahao.baidu.com/s?id=1858065124201617667",
            "content": "北京一位93岁无子女老人，通过遗赠抚养协议将价值千万财产赠与照料其12年的邻居，法院判决支持该协议。",
            "image": "images/rank1_邻居照顾老人_20260225_193659.jpg"
        },
        {
            "rank": 2,
            "title": "女子告别空房子视频引泪目",
            "original_title": "",
            "source_platform": "齐鲁壹点",
            "source_url": "https://baijiahao.baidu.com/s?id=1858085576869659100",
            "content": "一网友发布离家告别视频，四年内爸爸和奶奶相继离世，最后对着空荡荡的房子说再见，引发广泛共鸣。",
            "image": "images/rank2_女子告别空房_20260225_193659.jpg"
        },
        {
            "rank": 3,
            "title": "85岁爸爸教育62岁儿子少玩手机",
            "original_title": "",
            "source_platform": "华龙网",
            "source_url": "https://baijiahao.baidu.com/s?id=1858084452551364821",
            "content": "重庆一位85岁爸爸“教育”62岁大儿子眼睛老花了要少玩手机，网友感叹60多岁还有爸妈管很幸福。",
            "image": "images/rank3_85岁爸爸教_20260225_193659.jpg"
        },
        {
            "rank": 4,
            "title": "外国女婿吃砂糖橘皮肤变黄",
            "original_title": "",
            "source_platform": "风芒快报",
            "source_url": "https://baijiahao.baidu.com/s?id=1858079685151272463",
            "content": "贵州一位外国女婿过年期间疯狂吃砂糖橘，一个月后白皮肤变黄，网友调侃靠砂糖橘维持黄皮肤。",
            "image": "images/rank4_外国女婿吃砂_20260225_193659.jpg"
        },
        {
            "rank": 5,
            "title": "12306回应半夜候补车票作废",
            "original_title": "",
            "source_platform": "中国新闻网",
            "source_url": "https://baijiahao.baidu.com/s?id=1858090733538352915",
            "content": "铁路部门回应“半夜候补成功车票作废”报道，称用户未完成改签操作，媒体报道页面非官方页面。",
            "image": "images/rank5_12306回_20260225_193659.jpg"
        },
        {
            "rank": 6,
            "title": "中秋请3天假可拼13天长假",
            "original_title": "",
            "source_platform": "大象新闻",
            "source_url": "https://baijiahao.baidu.com/s?id=1858096510647114133",
            "content": "今年中秋收假3天后是国庆，请假3天可拼出13天超长假期，堪比春节假期长度。",
            "image": "images/rank6_中秋请3天假_20260225_193659.jpg"
        },
        {
            "rank": 7,
            "title": "女子被遗忘高速服务区狂追3公里",
            "original_title": "",
            "source_platform": "潇湘晨报",
            "source_url": "https://baijiahao.baidu.com/s?id=1858075355972951644",
            "content": "春节返程期间，一女士在服务区上厕所后被家人遗忘，沿高速应急车道狂奔两三公里追赶车辆。",
            "image": "images/rank7_女子被遗忘高_20260225_193659.jpg"
        },
        {
            "rank": 8,
            "title": "新娘父亲婚礼上退还18.8万彩礼",
            "original_title": "",
            "source_platform": "红星新闻",
            "source_url": "https://www.toutiao.com/article/7610647582452269609/",
            "content": "湖南益阳一场婚礼上，新娘父亲宣布退还男方18.8万元彩礼，仅留100元象征，称不要被金钱蒙蔽婚姻。",
            "image": "images/rank8_新娘父亲婚礼_20260225_193659.jpg"
        },
        {
            "rank": 9,
            "title": "司机高速睡觉致后方堵车12公里",
            "original_title": "",
            "source_platform": "大象新闻",
            "source_url": "https://www.toutiao.com/video/7610737960186544182/",
            "content": "一名司机在高速公路上睡觉，导致后方车辆拥堵长达12公里，引发交通严重堵塞。",
            "image": "images/rank9_司机高速睡觉_20260225_193659.jpg"
        }
    ],
    "timestamp": "20260225_193659"
}