{
    "news": [
        {
            "rank": 0,
            "title": "中东战火，全球炸锅",
            "original_title": "",
            "source_platform": "",
            "source_url": "",
            "content": "",
            "image": ""
        },
        {
            "rank": 1,
            "title": "曼迪·摩尔夫妇在洛杉矶山火后重建梦想家园",
            "original_title": "Mandy Moore and Taylor Goldsmith nearly lost their dream home in the LA fires. Here’s how they rebuilt",
            "source_platform": "CNN",
            "source_url": "https://edition.cnn.com/2026/02/11/style/mandy-moore-home-altadena-ad",
            "content": "美国演员曼迪·摩尔夫妇的加州梦想家园在去年洛杉矶山火中严重受损，目前他们正与家人一起重建并重新装修这栋历史住宅。",
            "image": "images/rank1_曼迪_摩尔夫_20260301_183357.jpg"
        },
        {
            "rank": 2,
            "title": "探访被遗忘的1700年巨型建筑遗迹",
            "original_title": "The 1,700-year-old megastructure history almost forgot",
            "source_platform": "CNN",
            "source_url": "https://edition.cnn.com/2026/02/28/travel/travel-news-jetavanaramaya-ephesus",
            "content": "斯里兰卡的杰塔瓦纳拉玛寺是一座建于公元四世纪的巨型砖砌佛塔，曾是世界上最大的建筑之一，历经地震与战火幸存至今。",
            "image": "images/rank2_探访被遗忘的_20260301_183357.jpg"
        },
        {
            "rank": 3,
            "title": "古驰发布AI生成图，引发奢侈品与科技融合争议",
            "original_title": "Can Gucci make luxury AI?",
            "source_platform": "CNN",
            "source_url": "https://edition.cnn.com/2026/02/27/style/demna-gucci-ai",
            "content": "古驰在新系列时装秀前发布了一系列AI生成的宣传图片，展示了浮夸的财富场景，此举在社交媒体上引发广泛讨论与争议。",
            "image": "images/rank3_古驰发布AI_20260301_183357.jpg"
        },
        {
            "rank": 4,
            "title": "美国东北部遭历史性暴风雪袭击，交通电力中断",
            "original_title": "Power outages, travel troubles and bitter cold plague Northeast in wake of historic bomb cyclone blizzard",
            "source_platform": "CNN",
            "source_url": "https://edition.cnn.com/2026/02/24/weather/bomb-cyclone-storm-snow-winds-northeast",
            "content": "一场历史性的“炸弹气旋”暴风雪袭击美国东北部，多地降雪超两英尺，导致大面积停电、交通瘫痪，数千航班取消。",
            "image": "images/rank4_美国东北部遭_20260301_183357.jpg"
        },
        {
            "rank": 5,
            "title": "布里斯班公布23亿美元奥运主场馆设计引争议",
            "original_title": "Plans for $2.3 billion stadium ignite debate in 2032 Olympics host city",
            "source_platform": "CNN",
            "source_url": "https://edition.cnn.com/2026/01/07/style/australia-brisbane-olympic-stadium-victoria-park-hnk-intl",
            "content": "澳大利亚布里斯班公布2032年奥运会主场馆设计方案，这座耗资23亿美元、灵感源于当地住宅的建筑计划在遗产公园内兴建，引发环保争议。",
            "image": "images/rank5_布里斯班公布_20260301_183357.jpg"
        },
        {
            "rank": 6,
            "title": "揭秘被遗忘的“猫头鹰俱乐部”：首支黑人女子职业垒球冠军队",
            "original_title": "Unearthing the forgotten diamonds: The untold story of the Owls Club",
            "source_platform": "CNN",
            "source_url": "https://edition.cnn.com/2026/02/27/sport/untold-story-owls-club-softball",
            "content": "1938年，西雅图的“猫头鹰俱乐部”赢得了首届黑人女子职业垒球锦标赛冠军，这支由杰出黑人女性组成的队伍的故事几乎被历史遗忘。",
            "image": "images/rank6_揭秘被遗忘的_20260301_183357.jpg"
        },
        {
            "rank": 7,
            "title": "OpenAI与五角大楼达成AI军事应用协议",
            "original_title": "OpenAI strikes deal with Pentagon hours after Trump admin bans Anthropic",
            "source_platform": "CNN",
            "source_url": "https://edition.cnn.com/2026/02/27/tech/openai-pentagon-deal-ai-systems",
            "content": "在特朗普政府禁止联邦机构使用Anthropic的AI技术数小时后，OpenAI宣布与五角大楼达成协议，其AI工具将用于美军机密系统。",
            "image": "images/rank7_OpenAI_20260301_183357.jpg"
        },
        {
            "rank": 8,
            "title": "金正恩携女持狙击步枪亮相，强化其女接班人形象",
            "original_title": "With sniper rifle photos, Kim Jong Un intensifies spotlight on his daughter, a potential successor",
            "source_platform": "CNN",
            "source_url": "https://edition.cnn.com/2026/02/28/asia/kim-jong-un-daughter-shooting-photos-intl-hnk",
            "content": "朝鲜发布金正恩与其 teenage 女儿在射击场的照片，女孩持狙击步枪射击。这是朝媒最新一次宣传这位被外界视为潜在接班人的年轻女性。",
            "image": "images/rank8_金正恩携女持_20260301_183357.jpg"
        },
        {
            "rank": 9,
            "title": "美公民在古巴海域枪战中身亡，美古关系紧张",
            "original_title": "US citizen was among those killed in Cuba speedboat shootout. Here’s what we know",
            "source_platform": "CNN",
            "source_url": "https://edition.cnn.com/2026/02/26/americas/cuba-speedboat-shooting-what-we-know-intl-latam",
            "content": "古巴军方称击毙四名试图“渗透”该岛的武装人员，其中一人为美国公民。事件导致美古关系紧张，双方均已展开调查。",
            "image": "images/rank9_美公民在古巴_20260301_183357.jpg"
        }
    ],
    "timestamp": "20260301_183357"
}