{
    "news": [
        {
            "rank": 0,
            "title": "格莱美炸锅！巨星集体呛声",
            "original_title": "",
            "source_platform": "",
            "source_url": "",
            "content": "",
            "image": ""
        },
        {
            "rank": 1,
            "title": "美国对西非三国军政府政策大转弯",
            "original_title": "Three West African juntas have turned to Russia. Now the US wants to engage them",
            "source_platform": "BBC News",
            "source_url": "https://www.bbc.com/news/articles/ckglwnrx437o",
            "content": "美国宣布对马里、布基纳法索和尼日尔三个军政府国家进行重大政策调整，将重点转向安全合作，淡化民主与人权关切。",
            "image": "images/rank1_美国对西非三_20260202_185436.jpg"
        },
        {
            "rank": 2,
            "title": "特朗普宣布肯尼迪中心将关闭两年翻修",
            "original_title": "Kennedy Center to close for two years for renovations, Trump says",
            "source_platform": "BBC News",
            "source_url": "https://www.bbc.com/news/articles/c1ev53zyww2o",
            "content": "美国总统特朗普宣布，华盛顿特区的肯尼迪表演艺术中心将于今年7月起关闭两年，进行大规模翻新和重建。",
            "image": "images/rank2_特朗普宣布肯_20260202_185436.jpg"
        },
        {
            "rank": 3,
            "title": "印度蛇咬危机每年致数万人死亡",
            "original_title": "India's snakebite crisis is killing tens of thousands every year",
            "source_platform": "BBC News",
            "source_url": "https://www.bbc.com/news/articles/cy8p27vmyvmo",
            "content": "印度每年约有5万人死于蛇咬伤，占全球一半。医疗资源匮乏、抗蛇毒血清短缺及治疗延误是主要问题。",
            "image": "images/rank3_印度蛇咬危机_20260202_185436.jpg"
        },
        {
            "rank": 4,
            "title": "布里斯班公布23亿澳元奥运主场馆设计",
            "original_title": "Plans for $2.3 billion stadium ignite debate in 2032 Olympics host city",
            "source_platform": "CNN",
            "source_url": "https://edition.cnn.com/2026/01/07/style/australia-brisbane-olympic-stadium-victoria-park-hnk-intl",
            "content": "澳大利亚布里斯班公布2032年奥运会主场馆设计方案，耗资23亿澳元，灵感源自当地特色住宅“昆士兰人”。",
            "image": "images/rank4_布里斯班公布_20260202_185436.jpg"
        },
        {
            "rank": 5,
            "title": "意大利网红村庄限制游客进入著名教堂",
            "original_title": "Italian village restricts access to its Instagram-famous church",
            "source_platform": "CNN",
            "source_url": "https://edition.cnn.com/2026/01/31/travel/santa-maddalena-italian-village-restricts-access-instagram-famous-church",
            "content": "意大利北部多洛米蒂山脉的圣马达莱纳村，因一座教堂在社交媒体走红。当地将从5月起限制一日游游客进入。",
            "image": "images/rank5_意大利网红村_20260202_185436.jpg"
        },
        {
            "rank": 6,
            "title": "阿尔卡拉斯击败德约科维奇首夺澳网冠军",
            "original_title": "Carlos Alcaraz makes history with Australian Open title after defeating Novak Djokovic in enthralling men’s final",
            "source_platform": "CNN",
            "source_url": "https://edition.cnn.com/2026/02/01/sport/tennis-australian-open-final-djokovic-alcaraz-intl",
            "content": "西班牙网球名将卡洛斯·阿尔卡拉斯逆转击败诺瓦克·德约科维奇，首夺澳网男单冠军，成为最年轻的男子职业全满贯得主。",
            "image": "images/rank6_阿尔卡拉斯击_20260202_185436.jpg"
        },
        {
            "rank": 7,
            "title": "巴基斯坦西南部遭袭致逾120人死亡",
            "original_title": "More than 120 people dead after multiple attacks in southwest Pakistan",
            "source_platform": "CNN",
            "source_url": "https://edition.cnn.com/2026/02/01/asia/pakistan-balochistan-attacks-intl",
            "content": "巴基斯坦俾路支省发生多起自杀式爆炸和枪击袭击，造成包括平民在内的33人死亡，安全部队击毙92名袭击者。",
            "image": "images/rank7_巴基斯坦西南_20260202_185436.jpg"
        },
        {
            "rank": 8,
            "title": "加沙拉法口岸在停火后重新开放",
            "original_title": "Gaza Crossing to Egypt Reopens in Step Forward for Fragile Cease-Fire",
            "source_platform": "New York Times",
            "source_url": "https://www.nytimes.com/2026/02/02/world/middleeast/gaza-rafah-border-crossing.html",
            "content": "连接加沙地带与埃及的拉法边境口岸在关闭近一年后重新开放，允许居民离境就医或返回家园。",
            "image": "images/rank8_加沙拉法口岸_20260202_185436.jpg"
        },
        {
            "rank": 9,
            "title": "哥斯达黎加右翼候选人因犯罪问题当选总统",
            "original_title": "Costa Rica Elects Right-Wing Candidate Amid Fears Over Crime",
            "source_platform": "New York Times",
            "source_url": "https://www.nytimes.com/2026/02/01/world/americas/costa-rica-election-fernandez.html",
            "content": "劳拉·费尔南德斯在哥斯达黎加大选中获胜，其胜利主要源于民众对国内创纪录的暴力犯罪问题的担忧。",
            "image": "images/rank9_哥斯达黎加右_20260202_185436.jpg"
        }
    ],
    "timestamp": "20260202_185436"
}