{
    "news": [
        {
            "rank": 0,
            "title": "【轰动】风波再起！众明星卷入，谁能独善其身？",
            "original_title": "",
            "source_platform": "",
            "source_url": "",
            "content": "",
            "image": ""
        },
        {
            "rank": 1,
            "title": "春晚赞助商变化见证中国经济变迁",
            "original_title": "",
            "source_platform": "腾讯娱乐",
            "source_url": "https://news.qq.com/rain/a/20260214A036YH00",
            "content": "春晚赞助商变化见证中国经济变迁",
            "image": "images/rank1_春晚赞助商变_20260215_183623.jpg"
        },
        {
            "rank": 2,
            "title": "被父母连累的明星：黄子弘凡、闫学晶儿子",
            "original_title": "",
            "source_platform": "腾讯娱乐",
            "source_url": "https://news.qq.com/rain/a/20260215A0311B00",
            "content": "被父母连累的明星：黄子弘凡、闫学晶儿子",
            "image": "images/rank2_被父母连累的_20260215_183623.jpg"
        },
        {
            "rank": 3,
            "title": "《夜色正浓》：谁是职场女强人天花板？",
            "original_title": "",
            "source_platform": "腾讯娱乐",
            "source_url": "https://news.qq.com/rain/a/20260213A05Z7Z00",
            "content": "《夜色正浓》：谁是职场女强人天花板？",
            "image": "images/rank3__夜色正浓__20260215_183623.jpg"
        },
        {
            "rank": 4,
            "title": "刘若英上海演唱会首唱新歌《你从春天走来》",
            "original_title": "",
            "source_platform": "腾讯娱乐",
            "source_url": "https://news.qq.com/rain/a/20260214V07CB300",
            "content": "刘若英上海演唱会首唱新歌《你从春天走来》",
            "image": "images/rank4_刘若英上海演_20260215_183623.jpg"
        },
        {
            "rank": 5,
            "title": "鲁比奥：不与中国对话是失职",
            "original_title": "",
            "source_platform": "抖音热榜",
            "source_url": "https://www.douyin.com/hot/2401658",
            "content": "鲁比奥：不与中国对话是失职",
            "image": "images/rank5_鲁比奥_不与_20260215_183623.jpg"
        },
        {
            "rank": 6,
            "title": "中方对加拿大英国免签",
            "original_title": "",
            "source_platform": "抖音热榜",
            "source_url": "https://www.douyin.com/hot/2402004",
            "content": "中方对加拿大英国免签",
            "image": "images/rank6_中方对加拿大_20260215_183623.jpg"
        },
        {
            "rank": 7,
            "title": "安顺廊桥之水下桥墩是怎么建成的？",
            "original_title": "",
            "source_platform": "扇子有画",
            "source_url": "https://www.bilibili.com/video/BV15RcLzREZJ",
            "content": "安顺廊桥之水下桥墩是怎么建成的？",
            "image": "images/rank7_安顺廊桥之水_20260215_183623.jpg"
        },
        {
            "rank": 8,
            "title": "AI制作续集《coke大只切2》",
            "original_title": "",
            "source_platform": "以瑶yy",
            "source_url": "https://www.bilibili.com/video/BV1TBchzQE6K",
            "content": "AI制作续集《coke大只切2》",
            "image": "images/rank8_AI制作续集_20260215_183623.jpg"
        },
        {
            "rank": 9,
            "title": "巧克力缺了一角？这又是什么新型“包装刺客”",
            "original_title": "",
            "source_platform": "艺术party",
            "source_url": "https://www.bilibili.com/video/BV1FccizpE54",
            "content": "巧克力缺了一角？这又是什么新型“包装刺客”",
            "image": "images/rank9_巧克力缺了一_20260215_183623.jpg"
        }
    ],
    "timestamp": "20260215_183623"
}