{
    "news": [
        {
            "rank": 0,
            "title": "【轰动】风波再起！众明星卷入，谁能独善其身？",
            "original_title": "",
            "source_platform": "",
            "source_url": "",
            "content": "",
            "image": ""
        },
        {
            "rank": 1,
            "title": "春节档较去年下滑40%",
            "original_title": "",
            "source_platform": "腾讯娱乐",
            "source_url": "https://news.qq.com/rain/a/20260223A06HZP00",
            "content": "春节档较去年下滑40%",
            "image": "images/rank1_春节档较去年_20260224_063733.jpg"
        },
        {
            "rank": 2,
            "title": "男演员阿如那老家吃席埋头猛炫",
            "original_title": "",
            "source_platform": "腾讯娱乐",
            "source_url": "https://news.qq.com/rain/a/20260223V065ZV00",
            "content": "男演员阿如那老家吃席埋头猛炫",
            "image": "images/rank2_男演员阿如那_20260224_063733.jpg"
        },
        {
            "rank": 3,
            "title": "尼格买提家宴8个菜没青菜，网友：碳水盛宴",
            "original_title": "",
            "source_platform": "腾讯娱乐",
            "source_url": "https://news.qq.com/rain/a/20260223V061HE00",
            "content": "尼格买提家宴8个菜没青菜，网友：碳水盛宴",
            "image": "images/rank3_尼格买提家宴_20260224_063733.jpg"
        },
        {
            "rank": 4,
            "title": "室外春晚难度有多大？陈佩斯朱时茂被冻僵",
            "original_title": "",
            "source_platform": "腾讯娱乐",
            "source_url": "https://news.qq.com/rain/a/20260223V03LTR00",
            "content": "室外春晚难度有多大？陈佩斯朱时茂被冻僵",
            "image": "images/rank4_室外春晚难度_20260224_063733.jpg"
        },
        {
            "rank": 5,
            "title": "《飞驰人生3》沙溢“职场黑话”引热议",
            "original_title": "",
            "source_platform": "腾讯娱乐",
            "source_url": "https://news.qq.com/rain/a/20260223A00R3R00",
            "content": "《飞驰人生3》沙溢“职场黑话”引热议",
            "image": "images/rank5__飞驰人生3_20260224_063733.jpg"
        },
        {
            "rank": 6,
            "title": "沈月遭黄晓明催婚：被劝趁年轻多谈恋爱",
            "original_title": "",
            "source_platform": "腾讯娱乐",
            "source_url": "https://news.qq.com/rain/a/20260223V04F8800",
            "content": "沈月遭黄晓明催婚：被劝趁年轻多谈恋爱",
            "image": "images/rank6_沈月遭黄晓明_20260224_063733.jpg"
        },
        {
            "rank": 7,
            "title": "新疆尉犁5.1级地震",
            "original_title": "",
            "source_platform": "抖音热榜",
            "source_url": "https://www.douyin.com/hot/2409322",
            "content": "新疆尉犁5.1级地震",
            "image": "images/rank7_新疆尉犁5__20260224_063733.jpg"
        },
        {
            "rank": 8,
            "title": "野兽先生看完给我拉黑了",
            "original_title": "",
            "source_platform": "呱唧菌",
            "source_url": "https://www.bilibili.com/video/BV1wgfEBvEJE",
            "content": "野兽先生看完给我拉黑了",
            "image": "images/rank8_野兽先生看完_20260224_063733.jpg"
        },
        {
            "rank": 9,
            "title": "王宇昊爽吃六桶奶粉！",
            "original_title": "",
            "source_platform": "王宇昊最严厉的父亲",
            "source_url": "https://www.bilibili.com/video/BV114fgBDEvF",
            "content": "王宇昊爽吃六桶奶粉！",
            "image": "images/rank9_王宇昊爽吃六_20260224_063733.jpg"
        }
    ],
    "timestamp": "20260224_063733"
}