{
    "news": [
        {
            "rank": 0,
            "title": "你被数据绑架了吗？",
            "original_title": "",
            "source_platform": "",
            "source_url": "",
            "content": "",
            "image": ""
        },
        {
            "rank": 1,
            "title": "“装死羊”身价飙升至30万",
            "original_title": "",
            "source_platform": "红星新闻",
            "source_url": "https://baijiahao.baidu.com/s?id=1854376271821863466",
            "content": "宁夏一只小羊羔因“装死”走红网络，视频播放量破千万后，其身价已飙升至30万元。",
            "image": "images/rank1__装死羊_身_20260116_062027.jpg"
        },
        {
            "rank": 2,
            "title": "智能手表健康监测引发焦虑",
            "original_title": "",
            "source_platform": "央视新闻",
            "source_url": "https://baijiahao.baidu.com/s?id=1854384000125533443",
            "content": "智能穿戴设备的健康监测功能易让人过度关注数据，陷入焦虑恶性循环，建议平衡数据与身体感受。",
            "image": "images/rank2_智能手表健康_20260116_062027.jpg"
        },
        {
            "rank": 3,
            "title": "羽毛球涨价致仓库失窃",
            "original_title": "",
            "source_platform": "红星新闻",
            "source_url": "https://baijiahao.baidu.com/s?id=1854385883559718096",
            "content": "因羽毛球价格攀升，绍兴一体育用品公司仓库失窃一箱羽毛球片，损失近万元。",
            "image": "images/rank3_羽毛球涨价致_20260116_062027.jpg"
        },
        {
            "rank": 4,
            "title": "男子戒烟92天身体明显改善",
            "original_title": "",
            "source_platform": "观象视频",
            "source_url": "https://baijiahao.baidu.com/s?id=1854385423678164636",
            "content": "35岁男子烟龄22年，坚持戒烟92天后，胸闷、气短、心慌等毛病消失，对比明显。",
            "image": "images/rank4_男子戒烟92_20260116_062027.jpg"
        },
        {
            "rank": 5,
            "title": "求助按猪意外带火合川旅游",
            "original_title": "",
            "source_platform": "新周刊",
            "source_url": "https://baijiahao.baidu.com/s?id=1854393344125734056",
            "content": "重庆合川女孩网上求助按猪，吸引数千网友前往，导致村庄交通拥堵，意外带火当地旅游。",
            "image": "images/rank5_求助按猪意外_20260116_062027.jpg"
        },
        {
            "rank": 6,
            "title": "西贝计划关店102家",
            "original_title": "",
            "source_platform": "深网",
            "source_url": "https://news.qq.com/rain/a/20260115A06SP300",
            "content": "西贝餐饮计划关闭全国102家门店，创始人贾国龙发文称被污蔑125天，不懂公关就该被欺辱？",
            "image": "images/rank6_西贝计划关店_20260116_062027.jpg"
        },
        {
            "rank": 7,
            "title": "女子被逼婚轻生引关注",
            "original_title": "",
            "source_platform": "大风新闻",
            "source_url": "https://news.qq.com/rain/a/20260115A0841500",
            "content": "23岁女子因被逼嫁给38岁男子喝药轻生，当地妇联称救治结束后会澄清，双方知情人士讲述。",
            "image": "images/rank7_女子被逼婚轻_20260116_062027.jpg"
        },
        {
            "rank": 8,
            "title": "喝水后5个异常需警惕",
            "original_title": "",
            "source_platform": "长城网",
            "source_url": "https://www.toutiao.com/article/7595465097124823595",
            "content": "喝水后出现尿频、尿急、血尿等5个异常可能是身体求救信号，有1个就需要提高警惕。",
            "image": "images/rank8_喝水后5个异_20260116_062027.png"
        },
        {
            "rank": 9,
            "title": "新一代小米SU7赶进度",
            "original_title": "",
            "source_platform": "IT之家",
            "source_url": "https://www.toutiao.com/article/7595581787078722083",
            "content": "雷军透露新一代小米SU7正努力赶进度，部分小米之家可能在春节前展出，预售价22.99万起。",
            "image": "images/rank9_新一代小米S_20260116_062027.jpg"
        }
    ],
    "timestamp": "20260116_062027"
}