{
    "news": [
        {
            "rank": 0,
            "title": "美伊谈判，世界屏息",
            "original_title": "",
            "source_platform": "",
            "source_url": "",
            "content": "",
            "image": ""
        },
        {
            "rank": 1,
            "title": "纽约市长因雪仗事件与警方高层产生分歧",
            "original_title": "A New York City snowball fight gone wrong leaves Mayor Mamdani at odds with police",
            "source_platform": "BBC News",
            "source_url": "https://www.bbc.com/news/articles/cwyxlgkj0k3o",
            "content": "纽约一场雪仗中有人向警察投掷雪球致警员受伤，市长称不应起诉，引发警方高层强烈不满。",
            "image": "images/rank1_纽约市长因雪_20260226_185600.jpg"
        },
        {
            "rank": 2,
            "title": "古巴边防部队击沉美籍快艇致4死6伤",
            "original_title": "Cuba says it shot dead four people on US-registered speedboat",
            "source_platform": "BBC News",
            "source_url": "https://www.bbc.com/news/articles/c24drvj8yl2o",
            "content": "古巴称一艘美国注册快艇进入其水域并向巡逻船开火，边防部队还击致4名古巴籍乘客死亡，6人受伤被拘。",
            "image": "images/rank2_古巴边防部队_20260226_185600.jpg"
        },
        {
            "rank": 3,
            "title": "视频显示以军士兵射杀巴勒斯坦少年后任其流血致死",
            "original_title": "Israeli soldiers shot a Palestinian boy and stood around as he bled to death, video shows",
            "source_platform": "BBC News",
            "source_url": "https://www.bbc.com/news/articles/cpqwv9vvzx9o",
            "content": "视频显示一名14岁巴勒斯坦少年被以军近距离射伤后，士兵围住他并阻止救护车接近，少年最终流血身亡。",
            "image": "images/rank3_视频显示以军_20260226_185600.jpg"
        },
        {
            "rank": 4,
            "title": "美伊在日内瓦举行关键会谈以避免冲突",
            "original_title": "US and Iran begin talks seen as crucial to prevent conflict",
            "source_platform": "BBC News",
            "source_url": "https://www.bbc.com/news/articles/cvg1vd95nl9o",
            "content": "美伊官员在日内瓦举行第三轮间接会谈，被视为避免冲突的关键。特朗普威胁若无法达成核协议将打击伊朗。",
            "image": "images/rank4_美伊在日内瓦_20260226_185600.jpg"
        },
        {
            "rank": 5,
            "title": "墨西哥毒枭内斗致城市沦为战区",
            "original_title": "'Fear is everywhere': BBC reports from Mexican city turned into war zone by drug cartel feud",
            "source_platform": "BBC News",
            "source_url": "https://www.bbc.com/news/articles/cx2g3vmde0eo",
            "content": "墨西哥锡那罗亚贩毒集团内斗导致库利亚坎市暴力激增，城市沦为战区，平民生活于恐惧之中。",
            "image": "images/rank5_墨西哥毒枭内_20260226_185600.jpg"
        },
        {
            "rank": 6,
            "title": "匈牙利总理指责乌克兰实施“石油封锁”",
            "original_title": "Orban steps up oil accusations against Ukraine after vetoing EU loan to Kyiv",
            "source_platform": "BBC News",
            "source_url": "https://www.bbc.com/news/articles/c5ykq0vqn5go",
            "content": "匈牙利总理欧尔班指责乌克兰故意中断“友谊”输油管道，对匈实施“石油封锁”，并已派兵保护关键能源设施。",
            "image": "images/rank6_匈牙利总理指_20260226_185600.jpg"
        },
        {
            "rank": 7,
            "title": "加拿大财长称美国不大可能取消关税",
            "original_title": "Canada's finance minister says US is unlikely to lift tariffs",
            "source_platform": "BBC News",
            "source_url": "https://www.bbc.com/news/articles/cq57j8nqn67o",
            "content": "加拿大财长称，支付一定关税可能是进入美国市场的“代价”，暗示美国不大可能取消对加关税。",
            "image": "images/rank7_加拿大财长称_20260226_185600.jpg"
        },
        {
            "rank": 8,
            "title": "澳总理为称性侵幸存者“难相处”道歉",
            "original_title": "Australian PM apologises after calling child sex abuse survivor and advocate 'difficult'",
            "source_platform": "BBC News",
            "source_url": "https://www.bbc.com/news/articles/cvg3jvkpdn2o",
            "content": "澳大利亚总理阿尔巴尼斯在词语联想游戏中称性侵幸存者、前年度人物格雷斯·泰姆“难相处”，引发争议后道歉。",
            "image": "images/rank8_澳总理为称性_20260226_185600.jpg"
        },
        {
            "rank": 9,
            "title": "金正恩称若美尊重朝核地位两国可“相处”",
            "original_title": "North Korea could 'get along' with US, says Kim Jong Un",
            "source_platform": "BBC News",
            "source_url": "https://www.bbc.com/news/articles/c0q3747jvnwo",
            "content": "朝鲜领导人金正恩表示，若美国尊重朝鲜的核国家地位并放弃敌对政策，朝美两国可以“相处良好”。",
            "image": "images/rank9_金正恩称若美_20260226_185600.jpg"
        }
    ],
    "timestamp": "20260226_185600"
}