{
    "news": [
        {
            "rank": 0,
            "title": "权贵丑闻档案炸锅",
            "original_title": "",
            "source_platform": "",
            "source_url": "",
            "content": "",
            "image": ""
        },
        {
            "rank": 1,
            "title": "梅琳达·盖茨称前夫涉爱泼斯坦案勾起痛苦回忆",
            "original_title": "'Painful times in my marriage' - Melinda French Gates reacts to ex-husband in Epstein files",
            "source_platform": "BBC News",
            "source_url": "https://www.bbc.com/news/articles/cr4kyk9nv5lo",
            "content": "梅琳达·盖茨表示，前夫比尔·盖茨出现在爱泼斯坦新文件中，勾起了她婚姻中的痛苦回忆。",
            "image": "images/rank1_梅琳达_盖茨_20260204_185059.jpg"
        },
        {
            "rank": 2,
            "title": "安德鲁王子因爱泼斯坦文件风波搬离皇家住所",
            "original_title": "Andrew moves out of Royal Lodge home after latest Epstein files",
            "source_platform": "BBC News",
            "source_url": "https://www.bbc.com/news/articles/c8e5zgprgn1o",
            "content": "安德鲁王子已从温莎的皇家住所搬至诺福克的桑德灵厄姆庄园，爱泼斯坦文件风波加速了他的搬迁。",
            "image": "images/rank2_安德鲁王子因_20260204_185059.jpg"
        },
        {
            "rank": 3,
            "title": "英国男子讲述在加勒比海遭牛鲨袭击经历",
            "original_title": "'I've never hit anything so hard': What it's like to be attacked by a shark",
            "source_platform": "BBC News",
            "source_url": "https://www.bbc.com/news/articles/cwy8ded4890o",
            "content": "一名英国退休男子在特立尼达和多巴哥度假时遭牛鲨袭击，腿部、手臂和腹部严重受伤，经多次手术后幸存。",
            "image": "images/rank3_英国男子讲述_20260204_185059.jpg"
        },
        {
            "rank": 4,
            "title": "卡扎菲之子赛义夫据报在利比亚遭枪击身亡",
            "original_title": "Saif al-Islam Gaddafi, son of ex-Libyan leader, reportedly shot dead",
            "source_platform": "BBC News",
            "source_url": "https://www.bbc.com/news/articles/cp37g4xgkxdo",
            "content": "利比亚前领导人卡扎菲之子赛义夫·伊斯兰·卡扎菲据报在津坦市的家中遭武装人员袭击身亡，终年53岁。",
            "image": "images/rank4_卡扎菲之子赛_20260204_185059.jpg"
        },
        {
            "rank": 5,
            "title": "萨拉·弗格森与爱泼斯坦邮件显露出绝望求助",
            "original_title": "Sarah Ferguson emails to Epstein show increasing desperation",
            "source_platform": "BBC News",
            "source_url": "https://www.bbc.com/news/articles/cpdyg117gl2o",
            "content": "新披露的邮件显示，约克公爵夫人萨拉·弗格森曾向爱泼斯坦寻求经济和工作支持，言辞间充满绝望。",
            "image": "images/rank5_萨拉_弗格森_20260204_185059.jpg"
        },
        {
            "rank": 6,
            "title": "印度跨宗教情侣遭“荣誉谋杀”震惊村庄",
            "original_title": "'Never imagined this': Indian village grapples with interfaith couple's killing",
            "source_platform": "BBC News",
            "source_url": "https://www.bbc.com/news/articles/c0jvy09dvw9o",
            "content": "印度北方邦一对跨宗教情侣遭女方三名兄弟杀害并埋尸，警方以“荣誉谋杀”案逮捕嫌疑人，事件震惊当地社区。",
            "image": "images/rank6_印度跨宗教情_20260204_185059.jpg"
        },
        {
            "rank": 7,
            "title": "美司法部因泄露受害者信息撤下数千份爱泼斯坦文件",
            "original_title": "Thousands of Epstein documents taken down after victims identified",
            "source_platform": "BBC News",
            "source_url": "https://www.bbc.com/news/articles/cn0k65pnxjxo",
            "content": "美国司法部因文件编辑疏漏泄露受害者身份，已将数千份爱泼斯坦案相关文件从其网站撤下进行重新编辑。",
            "image": "images/rank7_美司法部因泄_20260204_185059.jpg"
        },
        {
            "rank": 8,
            "title": "英国首相谴责俄军严寒中袭击乌克兰能源设施",
            "original_title": "Russian attacks on Ukraine energy sites 'particularly depraved', UK PM Starmer says",
            "source_platform": "BBC News",
            "source_url": "https://www.bbc.com/news/articles/crley6x0dgzo",
            "content": "英国首相斯塔默谴责俄罗斯在严寒中袭击乌克兰能源设施的行为“特别卑劣”，称其为“野蛮”行径。",
            "image": "images/rank8_英国首相谴责_20260204_185059.jpg"
        },
        {
            "rank": 9,
            "title": "布里斯班公布23亿澳元奥运主场馆设计引争议",
            "original_title": "Plans for $2.3 billion stadium ignite debate in 2032 Olympics host city",
            "source_platform": "CNN",
            "source_url": "https://edition.cnn.com/2026/01/07/style/australia-brisbane-olympic-stadium-victoria-park-hnk-intl",
            "content": "澳大利亚布里斯班公布2032年奥运会主场馆设计，耗资23亿澳元，灵感来自当地民居，但因选址在遗产公园引发争议。",
            "image": "images/rank9_布里斯班公布_20260204_185059.jpg"
        }
    ],
    "timestamp": "20260204_185059"
}