{
    "news": [
        {
            "rank": 0,
            "title": "美俄和谈，六月为限？",
            "original_title": "",
            "source_platform": "",
            "source_url": "",
            "content": "",
            "image": ""
        },
        {
            "rank": 1,
            "title": "意大利冬奥会开幕日铁路遭“严重破坏”",
            "original_title": "Italy says railways hit by 'serious sabotage' as Winter Olympics begin",
            "source_platform": "BBC News",
            "source_url": "https://www.bbc.com/news/articles/czr4rx04xjpo",
            "content": "意大利北部铁路网络在冬奥会开幕日遭疑似蓄意破坏，导致严重交通中断，当局称事件与巴黎奥运会期间破坏行为相似。",
            "image": "images/rank1_意大利冬奥会_20260208_062214.jpg"
        },
        {
            "rank": 2,
            "title": "法国前文化部长因与爱泼斯坦关联受调查",
            "original_title": "France investigates ex-minister Jack Lang over Epstein links",
            "source_platform": "BBC News",
            "source_url": "https://www.bbc.com/news/articles/crkrk567d7zo",
            "content": "法国金融犯罪检察官对前文化部长杰克·朗展开初步调查，因其与已故性犯罪者杰弗里·爱泼斯坦存在关联，涉嫌洗钱。",
            "image": "images/rank2_法国前文化部_20260208_062214.jpg"
        },
        {
            "rank": 3,
            "title": "伦敦新泳池开业六周即关闭引众怒",
            "original_title": "Frustration as new pool closes weeks after opening",
            "source_platform": "BBC News",
            "source_url": "https://www.bbc.com/news/articles/czx12z4d74zo",
            "content": "伦敦南部一非营利游泳俱乐部称，因新建市政泳池开业仅六周便因维护问题关闭，俱乐部每月损失约500英镑，会员流失。",
            "image": "images/rank3_伦敦新泳池开_20260208_062214.jpg"
        },
        {
            "rank": 4,
            "title": "布里斯班公布23亿澳元奥运主场馆设计",
            "original_title": "Plans for $2.3 billion stadium ignite debate in 2032 Olympics host city",
            "source_platform": "CNN",
            "source_url": "https://edition.cnn.com/2026/01/07/style/australia-brisbane-olympic-stadium-victoria-park-hnk-intl",
            "content": "澳大利亚布里斯班公布2032年奥运会主场馆设计，耗资23亿澳元，灵感源自当地“昆士兰”式住宅，但选址遗产公园引发争议。",
            "image": "images/rank4_布里斯班公布_20260208_062214.jpg"
        },
        {
            "rank": 5,
            "title": "全球最贵大米：一盒售价73美元",
            "original_title": "This is the world’s most expensive rice. But what does it taste like?",
            "source_platform": "CNN",
            "source_url": "https://edition.cnn.com/2026/02/07/travel/this-is-the-worlds-most-expensive-rice-but-what-does-it-taste-like",
            "content": "日本“Kinmemai Premium”大米获吉尼斯世界纪录认证为全球最贵，每年仅产1000盒，每盒售价约73美元，其酶活力和风味被严格筛选。",
            "image": "images/rank5_全球最贵大米_20260208_062214.jpg"
        },
        {
            "rank": 6,
            "title": "韩国生育率罕见回升，危机能否逆转？",
            "original_title": "South Korea is finally having more babies. But can it last?",
            "source_platform": "CNN",
            "source_url": "https://edition.cnn.com/2026/02/06/asia/south-korea-population-fertility-rate-intl-hnk-dst",
            "content": "韩国生育率在持续暴跌多年后出现罕见回升，政府投入巨资鼓励生育的政策初见成效，但长期趋势仍待观察。",
            "image": "images/rank6_韩国生育率罕_20260208_062214.jpg"
        },
        {
            "rank": 7,
            "title": "巴基斯坦清真寺遭炸弹袭击致31死",
            "original_title": "A Mosque Bombing Undercuts Pakistan’s Bid for Security",
            "source_platform": "New York Times",
            "source_url": "https://www.nytimes.com/2026/02/07/world/asia/pakistan-mosque-bombing.html",
            "content": "巴基斯坦伊斯兰堡一什叶派清真寺遭自杀式炸弹袭击，造成至少31人死亡、169人受伤，极端组织“伊斯兰国”宣称负责。",
            "image": "images/rank7_巴基斯坦清真_20260208_062214.jpg"
        },
        {
            "rank": 8,
            "title": "沙特宣布对叙利亚进行大规模投资",
            "original_title": "Saudis Announce New Investments in Syria, a Sign of Deepening Ties",
            "source_platform": "New York Times",
            "source_url": "https://www.nytimes.com/2026/02/07/world/middleeast/saudi-arabia-investment-syria-al-sharaa.html",
            "content": "沙特阿拉伯宣布对叙利亚电信、能源和航空领域进行大规模投资，标志着两国关系在叙利亚战后重建中进一步深化。",
            "image": "images/rank8_沙特宣布对叙_20260208_062214.jpg"
        },
        {
            "rank": 9,
            "title": "加拿大渔民冰钓捕获244磅大比目鱼创纪录",
            "original_title": "6 Fishermen Reel In a 244-Pound Atlantic Halibut, Setting a Local Record",
            "source_platform": "New York Times",
            "source_url": "https://www.nytimes.com/2026/02/07/world/canada/atlantic-halibut-fishing-record-quebec.html",
            "content": "加拿大魁北克省六名渔民在冰封河面上，经过长时间努力，成功捕获一条重达244磅的大西洋大比目鱼，创下当地纪录。",
            "image": "images/rank9_加拿大渔民冰_20260208_062214.jpg"
        }
    ],
    "timestamp": "20260208_062214"
}