{
    "news": [
        {
            "rank": 0,
            "title": "特朗普对盟友宣战！格陵兰争夺引爆北约内爆危机？",
            "original_title": "",
            "source_platform": "",
            "source_url": "",
            "content": "",
            "image": ""
        },
        {
            "rank": 1,
            "title": "特朗普威胁对八国加征关税以换取格陵兰",
            "original_title": "Trump tariff threat over Greenland 'unacceptable', European leaders say",
            "source_platform": "BBC News",
            "source_url": "https://www.bbc.com/news/articles/cy4qjwk9n2no",
            "content": "特朗普宣布将对丹麦等八个反对其收购格陵兰的欧洲盟友加征关税，引发多国领导人强烈谴责。",
            "image": "images/rank1_特朗普威胁对_20260118_182955.jpg"
        },
        {
            "rank": 2,
            "title": "NASA巨型登月火箭就位 准备执行阿尔忒弥斯二号任务",
            "original_title": "Nasa's mega Moon rocket arrives at launch pad for Artemis II mission",
            "source_platform": "BBC News",
            "source_url": "https://www.bbc.com/news/articles/cly148lvyevo",
            "content": "NASA将98米高的太空发射系统火箭移至发射台，为五十多年来首次载人绕月任务做最后准备。",
            "image": "images/rank2_NASA巨型_20260118_182955.jpg"
        },
        {
            "rank": 3,
            "title": "韩国“年轻40代”现象：中年男性穿搭遭Z世代嘲讽",
            "original_title": "'Young 40s': Gen Z has found a new way to mock millennials for their style in South Korea",
            "source_platform": "BBC News",
            "source_url": "https://www.bbc.com/news/articles/c78vw30p1d2o",
            "content": "韩国Z世代通过AI生成梗图，嘲讽40多岁男性模仿年轻人穿搭风格，引发代际文化冲突。",
            "image": "images/rank3_韩国_年轻4_20260118_182955.jpg"
        },
        {
            "rank": 4,
            "title": "瑞士夜总会致命火灾与22年前美国惨剧惊人相似",
            "original_title": "A deadly fire swept through a nightclub in just 90 seconds. I got out",
            "source_platform": "BBC News",
            "source_url": "https://www.bbc.com/news/articles/czejykzg77po",
            "content": "瑞士夜总会新年火灾致40人死亡，起火原因与2003年美国罗德岛州致百人死亡的夜总会火灾高度相似。",
            "image": "images/rank4_瑞士夜总会致_20260118_182955.jpg"
        },
        {
            "rank": 5,
            "title": "加拿大哈钦森家族购得苏格兰斯凯岛两万英亩半岛",
            "original_title": "Canadian family buys Skye's 20,000-acre Sleat Peninsula",
            "source_platform": "BBC News",
            "source_url": "https://www.bbc.com/news/articles/cdrekvr63v8o",
            "content": "一个加拿大家族购得苏格兰斯凯岛斯利特半岛及阿马代尔城堡遗址，交易涉及麦克唐纳氏族历史土地。",
            "image": "images/rank5_加拿大哈钦森_20260118_182955.jpg"
        },
        {
            "rank": 6,
            "title": "欧盟与南美南方共同市场签署里程碑式自贸协定",
            "original_title": "EU and South America’s Mercosur bloc sign landmark free trade agreement",
            "source_platform": "CNN",
            "source_url": "https://edition.cnn.com/2026/01/17/americas/mercosur-eu-trade-agreement-latam-intl",
            "content": "欧盟与南美南方共同市场正式签署自贸协定，结束了长达二十多年的谈判，以应对全球保护主义。",
            "image": "images/rank6_欧盟与南美南_20260118_182955.jpg"
        },
        {
            "rank": 7,
            "title": "ChatGPT将开始根据用户对话内容展示广告",
            "original_title": "ChatGPT to start showing ads based on their conversations",
            "source_platform": "CNN",
            "source_url": "https://edition.cnn.com/2026/01/16/tech/chatgpt-ads-openai",
            "content": "OpenAI宣布将在ChatGPT免费版中测试广告，并推出每月8美元的“Go”订阅层级以增加收入。",
            "image": "images/rank7_ChatGP_20260118_182955.jpg"
        },
        {
            "rank": 8,
            "title": "丹佛野马队四分卫博·尼克斯脚踝骨折赛季报销",
            "original_title": "Bo Nix suffers broken ankle while leading Broncos to playoff win over the Bills, out for the season",
            "source_platform": "CNN",
            "source_url": "https://edition.cnn.com/2026/01/17/sport/football-nfl-bo-nix-injury",
            "content": "丹佛野马队四分卫博·尼克斯在季后赛战胜比尔队的比赛中脚踝骨折，将缺席本赛季剩余比赛。",
            "image": "images/rank8_丹佛野马队四_20260118_182955.jpg"
        },
        {
            "rank": 9,
            "title": "伦敦烟囱清扫行业因能源价格上涨而复兴",
            "original_title": "Why London’s Chimney Sweeps Are Enjoying a Resurgence",
            "source_platform": "New York Times",
            "source_url": "https://www.nytimes.com/2026/01/18/world/europe/london-chimney-sweeps-energy-prices.html",
            "content": "随着能源价格上涨，更多伦敦家庭重新使用壁炉，带动了传统烟囱清扫行业的复苏。",
            "image": "images/rank9_伦敦烟囱清扫_20260118_182955.jpg"
        }
    ],
    "timestamp": "20260118_182955"
}