{
    "news": [
        {
            "rank": 0,
            "title": "春晚机器人要爆火？",
            "original_title": "",
            "source_platform": "",
            "source_url": "",
            "content": "",
            "image": ""
        },
        {
            "rank": 1,
            "title": "王菲春晚献唱惊艳全网",
            "original_title": "",
            "source_platform": "青蜂侠Bee",
            "source_url": "https://baijiahao.baidu.com/s?id=1857296150279465423",
            "content": "王菲在2026年春晚演唱《你我经历的一刻》，空灵嗓音令网友感叹“时间都慢了”。",
            "image": "images/rank1_王菲春晚献唱_20260217_062455.jpg"
        },
        {
            "rank": 2,
            "title": "航天员太空欢度春节",
            "original_title": "",
            "source_platform": "央视新闻",
            "source_url": "https://baijiahao.baidu.com/s?id=1857254939519532418",
            "content": "神舟二十一号乘组在空间站写福字、品年夜饭、烤太空蛋糕，从太空向全国人民送上新春祝福。",
            "image": "images/rank2_航天员太空欢_20260217_062455.jpg"
        },
        {
            "rank": 3,
            "title": "蔡明30年后与机器人同台",
            "original_title": "",
            "source_platform": "腹黑狗子聊娱乐",
            "source_url": "https://baijiahao.baidu.com/s?id=1857287970813047065",
            "content": "2026年春晚，蔡明在小品中与真实机器人表演，呼应其1996年《机器人趣话》中的经典角色。",
            "image": "images/rank3_蔡明30年后_20260217_062455.jpg"
        },
        {
            "rank": 4,
            "title": "谷爱凌冬奥大跳台摘银",
            "original_title": "",
            "source_platform": "咪咕体育",
            "source_url": "https://www.toutiao.com/article/7607567950337376819/",
            "content": "米兰冬奥会自由式滑雪女子大跳台决赛，谷爱凌凭借出色表现夺得银牌。",
            "image": "images/rank4_谷爱凌冬奥大_20260217_062455.jpg"
        },
        {
            "rank": 5,
            "title": "苹果官宣3月4日新品发布",
            "original_title": "",
            "source_platform": "腾讯数码",
            "source_url": "https://news.qq.com/rain/a/20260216A06QO500",
            "content": "苹果宣布将于3月4日在上海举行春季新品体验活动，iPhone 17e和廉价MacBook有望亮相。",
            "image": "images/rank5_苹果官宣3月_20260217_062455.jpg"
        },
        {
            "rank": 6,
            "title": "专家称80%的APP将消失",
            "original_title": "",
            "source_platform": "观察者网",
            "source_url": "https://news.qq.com/rain/a/20260216A0561A00",
            "content": "OpenClaw创始人斯坦伯格预言，个人智能体将接管数据管理，导致大多数应用失去存在必要。",
            "image": "images/rank6_专家称80__20260217_062455.jpg"
        },
        {
            "rank": 7,
            "title": "马斯克：星链将服务地球外",
            "original_title": "",
            "source_platform": "界面新闻",
            "source_url": "https://news.qq.com/rain/a/20260216A05M5900",
            "content": "马斯克宣布星链很快能在地球之外运行，为月球和火星任务提供通信支持。",
            "image": "images/rank7_马斯克_星链_20260217_062455.jpg"
        },
        {
            "rank": 8,
            "title": "医生父亲车祸仍先做手术",
            "original_title": "",
            "source_platform": "武汉晚报",
            "source_url": "https://www.toutiao.com/article/7607445457790419506/",
            "content": "武汉医生胡阳军在父亲因车祸进ICU的情况下，仍选择先为陌生患者完成紧急手术。",
            "image": "images/rank8_医生父亲车祸_20260217_062455.jpg"
        },
        {
            "rank": 9,
            "title": "专家解释初一不洗头习俗",
            "original_title": "",
            "source_platform": "新晚报",
            "source_url": "https://www.toutiao.com/video/7607396578046771240/",
            "content": "民俗专家解读大年初一不洗头、不煮饭等传统习俗的文化内涵与民间寓意。",
            "image": "images/rank9_专家解释初一_20260217_062455.jpg"
        }
    ],
    "timestamp": "20260217_062455"
}