{
    "news": [
        {
            "rank": 0,
            "title": "王室丑闻连环爆",
            "original_title": "",
            "source_platform": "",
            "source_url": "",
            "content": "",
            "image": ""
        },
        {
            "rank": 1,
            "title": "挪威王室卷入重大强奸案审判",
            "original_title": "Rape trial puts Norway's royal family in unwelcome glare of public",
            "source_platform": "BBC News",
            "source_url": "https://www.bbc.com/news/articles/cm2xj3ykpj4o",
            "content": "挪威王储继子马里乌斯·博格·霍伊比因涉嫌强奸四名女性等38项指控受审，可能面临超10年监禁，令王室陷入巨大丑闻。",
            "image": "images/rank1_挪威王室卷入_20260201_183527.jpg"
        },
        {
            "rank": 2,
            "title": "南非祖鲁国王要求所有外国人离境",
            "original_title": "The king's speech - and why it has foreigners in South Africa worried",
            "source_platform": "BBC News",
            "source_url": "https://www.bbc.com/news/articles/cd6we3009dgo",
            "content": "南非祖鲁国王米苏祖鲁发表演讲，使用侮辱性词汇要求所有外国人“打包离开”，加剧了国内的排外情绪。",
            "image": "images/rank2_南非祖鲁国王_20260201_183527.jpg"
        },
        {
            "rank": 3,
            "title": "斯洛伐克总理国安顾问因爱泼斯坦丑闻辞职",
            "original_title": "Slovakia PM's national security adviser resigns over Epstein links",
            "source_platform": "BBC News",
            "source_url": "https://www.bbc.com/news/articles/cnvgljj1dygo",
            "content": "斯洛伐克总理菲佐的国家安全顾问拉伊恰克因被曝与爱泼斯坦讨论女性及外交事务的短信而辞职。",
            "image": "images/rank3_斯洛伐克总理_20260201_183527.jpg"
        },
        {
            "rank": 4,
            "title": "布里斯班公布23亿澳元奥运主场馆设计",
            "original_title": "Plans for $2.3 billion stadium ignite debate in 2032 Olympics host city",
            "source_platform": "CNN",
            "source_url": "https://edition.cnn.com/2026/01/07/style/australia-brisbane-olympic-stadium-victoria-park-hnk-intl",
            "content": "澳大利亚布里斯班公布2032年奥运会主场馆设计，灵感源自当地民居，造价23亿澳元，选址引发争议。",
            "image": "images/rank4_布里斯班公布_20260201_183527.jpg"
        },
        {
            "rank": 5,
            "title": "意大利网红村庄限制游客进入著名教堂",
            "original_title": "Italian village restricts access to its Instagram-famous church",
            "source_platform": "CNN",
            "source_url": "https://edition.cnn.com/2026/01/31/travel/santa-maddalena-italian-village-restricts-access-instagram-famous-church",
            "content": "意大利北部圣马达莱纳村为缓解过度旅游压力，将从五月起限制游客进入其著名的多洛米蒂山背景教堂。",
            "image": "images/rank5_意大利网红村_20260201_183527.jpg"
        },
        {
            "rank": 6,
            "title": "新西兰16岁少年创最年轻一英里跑世界纪录",
            "original_title": "Teen runner sets new record for fastest mile by a junior athlete",
            "source_platform": "CNN",
            "source_url": "https://edition.cnn.com/2026/02/01/sport/boston-sam-ruthe-fastest-mile-new-zealand-hnk-intl",
            "content": "新西兰16岁少年萨姆·鲁思在波士顿室内赛中跑出3分48秒88，创造了18岁以下运动员一英里跑的世界纪录。",
            "image": "images/rank6_新西兰16岁_20260201_183527.jpg"
        },
        {
            "rank": 7,
            "title": "哥斯达黎加右翼民粹主义候选人选举领先",
            "original_title": "Right-Wing Populist Holds Commanding Lead Ahead of Costa Rica’s Election",
            "source_platform": "New York Times",
            "source_url": "https://www.nytimes.com/2026/02/01/world/americas/costa-rica-election.html",
            "content": "哥斯达黎加大选在即，现任右翼民粹主义总统查韦斯指定的接班人劳拉·费尔南德斯在民调中大幅领先。",
            "image": "images/rank7_哥斯达黎加右_20260201_183527.jpg"
        },
        {
            "rank": 8,
            "title": "美国炸弹气旋袭击东南部及大西洋沿岸",
            "original_title": "Tracking the bomb cyclone in maps and charts",
            "source_platform": "CNN",
            "source_url": "https://edition.cnn.com/2026/01/29/weather/tracking-the-bomb-cyclone",
            "content": "一股强大的炸弹气旋在美国东南部形成并增强，将给卡罗来纳州及弗吉尼亚州南部带来强降雪和大风。",
            "image": "images/rank8_美国炸弹气旋_20260201_183527.jpg"
        },
        {
            "rank": 9,
            "title": "英国公布年度百大纳税人榜单",
            "original_title": "UK's top 100 taxpayers revealed - and who has contributed the most to a record £5.7bn?",
            "source_platform": "Sky News",
            "source_url": "https://news.sky.com/story/uks-top-100-taxpayers-revealed-and-who-has-contributed-the-most-to-a-record-5-7bn-13501755",
            "content": "《星期日泰晤士报》公布英国百大纳税人榜单，博彩公司Betfred创始人兄弟以约4亿英镑纳税额居首。",
            "image": "images/rank9_英国公布年度_20260201_183527.jpg"
        }
    ],
    "timestamp": "20260201_183527"
}