{
    "news": [
        {
            "rank": 0,
            "title": "【轰动】风波再起！众明星卷入，谁能独善其身？",
            "original_title": "",
            "source_platform": "",
            "source_url": "",
            "content": "",
            "image": ""
        },
        {
            "rank": 1,
            "title": "德云社发布严正声明",
            "original_title": "",
            "source_platform": "腾讯娱乐",
            "source_url": "https://news.qq.com/rain/a/20260121V07CGW00",
            "content": "德云社发布严正声明",
            "image": "images/rank1_德云社发布严_20260122_183720.jpg"
        },
        {
            "rank": 2,
            "title": "黑白颠周媛多个账号被禁止关注",
            "original_title": "",
            "source_platform": "腾讯娱乐",
            "source_url": "https://news.qq.com/rain/a/20260122V04KHO00",
            "content": "黑白颠周媛多个账号被禁止关注",
            "image": "images/rank2_黑白颠周媛多_20260122_183720.jpg"
        },
        {
            "rank": 3,
            "title": "《小城大事》王星客串引热议",
            "original_title": "",
            "source_platform": "腾讯娱乐",
            "source_url": "https://news.qq.com/rain/a/20260122A04UQL00",
            "content": "《小城大事》王星客串引热议",
            "image": "images/rank3__小城大事__20260122_183720.jpg"
        },
        {
            "rank": 4,
            "title": "车银优涉嫌逃税200亿韩元",
            "original_title": "",
            "source_platform": "腾讯娱乐",
            "source_url": "https://news.qq.com/rain/a/20260122V04K0100",
            "content": "车银优涉嫌逃税200亿韩元",
            "image": "images/rank4_车银优涉嫌逃_20260122_183720.jpg"
        },
        {
            "rank": 5,
            "title": "梁朝伟刘嘉玲亮相巴黎时装周",
            "original_title": "",
            "source_platform": "腾讯娱乐",
            "source_url": "https://news.qq.com/rain/a/20260122V01XNT00",
            "content": "梁朝伟刘嘉玲亮相巴黎时装周",
            "image": "images/rank5_梁朝伟刘嘉玲_20260122_183720.jpg"
        },
        {
            "rank": 6,
            "title": "在贵州我拍到了超震撼的中式美学",
            "original_title": "",
            "source_platform": "抖音热榜",
            "source_url": "https://www.douyin.com/hot/2375014",
            "content": "在贵州我拍到了超震撼的中式美学",
            "image": "images/rank6_在贵州我拍到_20260122_183720.jpg"
        },
        {
            "rank": 7,
            "title": "我国农业现代化水平持续提升",
            "original_title": "",
            "source_platform": "抖音热榜",
            "source_url": "https://www.douyin.com/hot/2375848",
            "content": "我国农业现代化水平持续提升",
            "image": "images/rank7_我国农业现代_20260122_183720.jpg"
        },
        {
            "rank": 8,
            "title": "U23亚洲杯中日决战前瞻",
            "original_title": "",
            "source_platform": "抖音热榜",
            "source_url": "https://www.douyin.com/hot/2376286",
            "content": "U23亚洲杯中日决战前瞻",
            "image": "images/rank8_U23亚洲杯_20260122_183720.jpg"
        },
        {
            "rank": 9,
            "title": "美国正式退出世卫组织",
            "original_title": "",
            "source_platform": "抖音热榜",
            "source_url": "https://www.douyin.com/hot/2375680",
            "content": "美国正式退出世卫组织",
            "image": "images/rank9_美国正式退出_20260122_183720.jpg"
        }
    ],
    "timestamp": "20260122_183720"
}