{
    "news": [
        {
            "rank": 0,
            "title": "今日热点：民生新规、市场动态与科技前沿",
            "content": "",
            "image": ""
        },
        {
            "rank": 1,
            "title": "紧急救助免责新规出台",
            "source_platform": "封面新闻",
            "source_url": "https://www.baidu.com/s?wd=%E5%86%8D%E4%B9%9F%E4%B8%8D%E7%94%A8%E7%BA%A0%E7%BB%93%E2%80%9C%E6%89%B6%E4%B8%8D%E6%89%B6%E2%80%9D%E4%BA%86&sa=fyb_news&rsv_dl=fyb_news",
            "content": "卫健委明确自愿紧急救助造成损害不担责，解决“扶不扶”难题。",
            "image": "images/rank1_紧急救助_20260114_183419.jpg"
        },
        {
            "rank": 2,
            "title": "“高效办成一件事”清单扩容",
            "source_platform": "央视新闻",
            "source_url": "https://baijiahao.baidu.com/s?id=1854216075107672645",
            "content": "国务院新增13项重点事项，涵盖育儿补贴、教师资格认定等民生服务。",
            "image": "images/rank2__高效办_20260114_183419.jpg"
        },
        {
            "rank": 3,
            "title": "少年持械滋事被拘后称忘记年龄",
            "source_platform": "人民日报",
            "source_url": "https://baijiahao.baidu.com/s?id=1854189082908282815",
            "content": "湛江三名15岁少年因寻衅滋事被行政拘留，其中一人称忘记14岁可被拘留。",
            "image": "images/rank3_少年持械_20260114_183419.jpg"
        },
        {
            "rank": 4,
            "title": "数学老师批卷过度劳累送医",
            "source_platform": "粤知讯",
            "source_url": "https://www.baidu.com/s?wd=%E5%8D%B7%E5%AD%90%E8%BF%98%E6%B2%A1%E6%94%B9%E5%AE%8C+120%E6%8B%89%E8%B5%B029%E5%B2%81%E6%95%B0%E5%AD%A6%E8%80%81%E5%B8%88&sa=fyb_news&rsv_dl=fyb_news",
            "content": "29岁数学老师批改试卷时因劳累出现症状送医，检查显示心律不齐。",
            "image": "images/rank4_数学老师_20260114_183419.jpg"
        },
        {
            "rank": 5,
            "title": "马年纪念钞二手价炒至2000元",
            "source_platform": "都市快报橙柿互动",
            "source_url": "https://baijiahao.baidu.com/s?id=1854267003032988457",
            "content": "马年纪念钞一套20张在二手平台开价2000元，溢价达5倍。",
            "image": "images/rank5_马年纪念_20260114_183419.jpg"
        },
        {
            "rank": 6,
            "title": "与辉同行麻黄鸡产品遭质疑",
            "source_platform": "极目新闻",
            "source_url": "https://baijiahao.baidu.com/s?id=1854259517045025935",
            "content": "六安市麻黄鸡产业协会质疑直播间所售“皖西麻黄鸡”可能虚构品种。",
            "image": "images/rank6_与辉同行_20260114_183419.jpg"
        },
        {
            "rank": 7,
            "title": "周杰伦澳网表演赛光速出局",
            "source_platform": "网易",
            "source_url": "https://www.163.com/dy/article/KJ8H147O0529RKNN.html",
            "content": "周杰伦在澳网挑战赛首轮因对手ACE球未触球即被淘汰。",
            "image": "images/rank7_周杰伦澳_20260114_183419.jpg"
        },
        {
            "rank": 8,
            "title": "老干妈回应陶华碧出山传闻",
            "source_platform": "潇湘晨报",
            "source_url": "https://mbd.baidu.com/newspage/data/videolanding?nid=sv_12021026009719571087",
            "content": "老干妈官方否认创始人陶华碧“出山救子”说法，称其一直在公司。",
            "image": "images/rank8_老干妈回_20260114_183419.jpg"
        },
        {
            "rank": 9,
            "title": "DeepSeek论文突破GPU内存限制",
            "source_platform": "观察者网",
            "source_url": "https://news.qq.com/rain/a/20260113A06LJQ00#to-comment",
            "content": "DeepSeek创始人梁文锋联合发表论文，提出新方法突破AI模型训练内存瓶颈。",
            "image": "images/rank9_Deep_20260114_183419.jpg"
        }
    ],
    "timestamp": "20260114_183419"
}