{
    "news": [
        {
            "rank": 0,
            "title": "毒枭毙命，墨西哥炸了！",
            "original_title": "",
            "source_platform": "",
            "source_url": "",
            "content": "",
            "image": ""
        },
        {
            "rank": 1,
            "title": "泽连斯基称普京已开启第三次世界大战",
            "original_title": "Zelensky tells BBC Putin has started WW3 and must be stopped",
            "source_platform": "BBC News",
            "source_url": "https://www.bbc.com/news/articles/cvgj9p15y87o",
            "content": "乌克兰总统泽连斯基接受BBC专访时表示，俄罗斯总统普京已开启第三次世界大战，必须通过军事和经济压力迫使其停止。",
            "image": "images/rank1_泽连斯基称普_20260223_185702.jpg"
        },
        {
            "rank": 2,
            "title": "墨西哥头号毒枭被击毙，全国暴力升级",
            "original_title": "Violence erupts in Mexico after drug lord El Mencho killed",
            "source_platform": "BBC News",
            "source_url": "https://www.bbc.com/news/articles/c795qgejzpxo",
            "content": "墨西哥头号毒枭“门乔”在军事行动中被击毙，引发其所属贩毒集团在全国多地发动报复性袭击，包括设置路障和纵火。",
            "image": "images/rank2_墨西哥头号毒_20260223_185702.jpg"
        },
        {
            "rank": 3,
            "title": "金正恩再次当选朝鲜劳动党总书记",
            "original_title": "Kim Jong Un re-appointed leader of North Korea's ruling party",
            "source_platform": "BBC News",
            "source_url": "https://www.bbc.com/news/articles/cvg18588mdko",
            "content": "朝鲜劳动党在代表大会上再次选举金正恩为总书记，巩固其领导地位，并强调该国核威慑力量得到“根本性改善”。",
            "image": "images/rank3_金正恩再次当_20260223_185702.jpg"
        },
        {
            "rank": 4,
            "title": "历史性暴风雪袭击美国东北部，纽约发布旅行禁令",
            "original_title": "Powerful winter storm slams US north-east as NYC issues travel ban",
            "source_platform": "BBC News",
            "source_url": "https://www.bbc.com/news/articles/c75ere6z4weo",
            "content": "一场历史性冬季风暴袭击美国东北部，纽约市发布全面旅行禁令，多州进入紧急状态，数千航班取消，数十万人断电。",
            "image": "images/rank4_历史性暴风雪_20260223_185702.jpg"
        },
        {
            "rank": 5,
            "title": "挪威为何称霸冬奥会？美国能学到什么",
            "original_title": "Why Norway is dominating the Winter Olympics and what could US learn",
            "source_platform": "CNN",
            "source_url": "https://edition.cnn.com/2026/02/22/sport/norway-dominating-sports-winter-olympics-wellness",
            "content": "挪威在米兰-科尔蒂纳冬奥会以创纪录的18枚金牌和41枚总奖牌称霸，其精英体育主管分享了该国在体育文化和体系上的成功经验。",
            "image": "images/rank5_挪威为何称霸_20260223_185702.jpg"
        },
        {
            "rank": 6,
            "title": "扎克伯格首次就社交媒体成瘾案出庭作证",
            "original_title": "A ‘bellwether’ social media addiction trial is underway. It could set off a chain reaction",
            "source_platform": "CNN",
            "source_url": "https://edition.cnn.com/2026/02/22/tech/social-media-addiction-trial-tobacco-moment",
            "content": "Meta CEO扎克伯格首次就社交媒体成瘾诉讼案出庭作证，内部文件显示公司知晓其平台对青少年可能有害。",
            "image": "images/rank6_扎克伯格首次_20260223_185702.jpg"
        },
        {
            "rank": 7,
            "title": "巴基斯坦空袭阿富汗境内“武装分子”营地",
            "original_title": "Pakistan launches airstrikes against Afghan-based ‘militants’ it blames for cross-border attacks",
            "source_platform": "CNN",
            "source_url": "https://edition.cnn.com/2026/02/22/asia/pakistan-strikes-afghanistan-militant-camps-intl-hnk",
            "content": "巴基斯坦对阿富汗境内的武装分子营地发动空袭，称其应对近期跨境袭击负责，阿富汗谴责此举侵犯其主权。",
            "image": "images/rank7_巴基斯坦空袭_20260223_185702.jpg"
        },
        {
            "rank": 8,
            "title": "伊朗学生连续第二天举行反政府抗议",
            "original_title": "Iran Students Protest for Second Day Despite State Crackdown",
            "source_platform": "New York Times",
            "source_url": "https://www.nytimes.com/2026/02/22/world/middleeast/iran-student-protests.html",
            "content": "尽管面临国家镇压，伊朗学生在德黑兰和马什哈德等多所大学校园连续第二天举行反政府抗议活动。",
            "image": "images/rank8_伊朗学生连续_20260223_185702.jpg"
        },
        {
            "rank": 9,
            "title": "圣方济各遗骸在意大利阿西西罕见展出",
            "original_title": "St. Francis’ Remains, Rarely Seen, Go on Display in Assisi",
            "source_platform": "New York Times",
            "source_url": "https://www.nytimes.com/2026/02/22/world/europe/italy-saint-francis-remains-assisi.html",
            "content": "意大利阿西西的圣方济各大教堂罕见地向公众展示天主教圣人圣方济各的遗骸，吸引了数百名朝圣者前往瞻仰。",
            "image": "images/rank9_圣方济各遗骸_20260223_185702.jpg"
        }
    ],
    "timestamp": "20260223_185702"
}