{
    "news": [
        {
            "rank": 0,
            "title": "压岁钱还能这么玩？",
            "original_title": "",
            "source_platform": "",
            "source_url": "",
            "content": "",
            "image": ""
        },
        {
            "rank": 1,
            "title": "舅舅500元压岁钱发成5万感觉",
            "original_title": "",
            "source_platform": "极目新闻",
            "source_url": "https://baijiahao.baidu.com/s?id=1857635874462035012",
            "content": "湖北一位舅舅将500元压岁钱全换成1元纸币，发给孩子们时营造出5万元的视觉效果。",
            "image": "images/rank1_舅舅500元_20260220_184708.jpg"
        },
        {
            "rank": 2,
            "title": "大年初一孙子离家爷爷痛哭",
            "original_title": "",
            "source_platform": "九派新闻",
            "source_url": "https://baijiahao.baidu.com/s?id=1857634757322011130",
            "content": "贵州遵义一位79岁爷爷在大年初一送别因工作离家的孙子，转身后哭红了眼。",
            "image": "images/rank2_大年初一孙子_20260220_184708.jpg"
        },
        {
            "rank": 3,
            "title": "7万压岁钱遗失后被寻回",
            "original_title": "",
            "source_platform": "百姓关注",
            "source_url": "https://baijiahao.baidu.com/s?id=1857632870498673755",
            "content": "上海一位家长不慎将装有7万余元压岁钱的帆布袋遗落，被好心老伯捡到并归还。",
            "image": "images/rank3_7万压岁钱遗_20260220_184708.jpg"
        },
        {
            "rank": 4,
            "title": "滑冰老师竟是冬奥运动员",
            "original_title": "",
            "source_platform": "人民日报",
            "source_url": "https://baijiahao.baidu.com/s?id=1857616825138848175",
            "content": "上海对外经贸大学41岁滑冰老师徐晓明被学生发现，竟是本届冬奥会中国代表团最年长运动员。",
            "image": "images/rank4_滑冰老师竟是_20260220_184708.jpg"
        },
        {
            "rank": 5,
            "title": "儿子寒假睡懒觉父亲不打扰",
            "original_title": "",
            "source_platform": "青岛新闻网",
            "source_url": "https://baijiahao.baidu.com/s?id=1857638840749506276",
            "content": "一位父亲发布视频称，儿子寒假在家睡到中午也不去打扰，认为这是最享福的时光。",
            "image": "images/rank5_儿子寒假睡懒_20260220_184708.jpg"
        },
        {
            "rank": 6,
            "title": "小伙撕对联遇胶水难题",
            "original_title": "",
            "source_platform": "大象新闻",
            "source_url": "https://baijiahao.baidu.com/s?id=1857629664794542212",
            "content": "一位小伙撕去年对联时发现胶水残留严重，甚至喊跑腿帮忙，钢丝球都难以清除。",
            "image": "images/rank6_小伙撕对联遇_20260220_184708.jpg"
        },
        {
            "rank": 7,
            "title": "谷爱凌晋级决赛后致歉",
            "original_title": "",
            "source_platform": "新华社新媒体",
            "source_url": "https://baijiahao.baidu.com/s?id=1857600434819656719",
            "content": "米兰冬奥会自由式滑雪女子U型场地资格赛中，谷爱凌第一滑摔倒，第二滑以86.50分晋级决赛。",
            "image": "images/rank7_谷爱凌晋级决_20260220_184708.jpg"
        },
        {
            "rank": 8,
            "title": "河北女婿被江西菜辣到吃泡面",
            "original_title": "",
            "source_platform": "观象视频",
            "source_url": "https://baijiahao.baidu.com/s?id=1857626955033225245",
            "content": "一位河北女婿在江西过年时，因当地菜肴辣度过高难以适应，最终选择食用泡面。",
            "image": "images/rank8_河北女婿被江_20260220_184708.jpg"
        },
        {
            "rank": 9,
            "title": "宁忠岩破奥运纪录夺中国第3金",
            "original_title": "",
            "source_platform": "爱宝1006",
            "source_url": "https://news.qq.com/rain/a/20260220A00DQG00",
            "content": "米兰冬奥会速度滑冰男子1500米比赛中，宁忠岩以1分41秒98打破奥运纪录，为中国夺得第3金。",
            "image": "images/rank9_宁忠岩破奥运_20260220_184708.jpg"
        }
    ],
    "timestamp": "20260220_184708"
}