{
    "news": [
        {
            "rank": 0,
            "title": "AI月入200万？",
            "original_title": "",
            "source_platform": "",
            "source_url": "",
            "content": "",
            "image": ""
        },
        {
            "rank": 1,
            "title": "杭州大哥开1人公司靠AI月入200万",
            "original_title": "",
            "source_platform": "大象新闻",
            "source_url": "https://baijiahao.baidu.com/s?id=1857005189150831843",
            "content": "杭州一位创业者通过AI+营销模式运营一人公司，主要面向海外市场，实现月收入200万元。",
            "image": "images/rank1_杭州大哥开1_20260213_185123.jpg"
        },
        {
            "rank": 2,
            "title": "男子卖前女友银镯发现是银包金",
            "original_title": "",
            "source_platform": "大象新闻",
            "source_url": "https://baijiahao.baidu.com/s?id=1856976451196311920",
            "content": "郑州一小伙子变卖前女友所赠银手镯，剪开后发现内部是高纯度真金，总重40克含30克金。",
            "image": "images/rank2_男子卖前女友_20260213_185123.jpg"
        },
        {
            "rank": 3,
            "title": "华为内部反腐通报",
            "original_title": "",
            "source_platform": "界面新闻",
            "source_url": "https://baijiahao.baidu.com/s?id=1856988058163730683",
            "content": "华为原终端BG多媒体技术部部长邓某因涉嫌非国家工作人员受贿罪被检察院依法批准逮捕。",
            "image": "images/rank3_华为内部反腐_20260213_185123.jpg"
        },
        {
            "rank": 4,
            "title": "白天爱晒太阳的人赚到了",
            "original_title": "",
            "source_platform": "人民日报健康客户端",
            "source_url": "https://baijiahao.baidu.com/s?id=1856914010697405696",
            "content": "研究发现，白天光照越充足，全因死亡风险越低，最佳补光时段为上午8:30至下午6:00。",
            "image": "images/rank4_白天爱晒太阳_20260213_185123.jpg"
        },
        {
            "rank": 5,
            "title": "这趟火车不一般 上车就是热乎炕",
            "original_title": "",
            "source_platform": "央视新闻",
            "source_url": "https://baijiahao.baidu.com/s?id=1856995327639550098",
            "content": "哈尔滨至漠河的K7041次列车因东北民俗特色走红，车厢装饰大花床单、炕头造型，提供沉浸式文化体验。",
            "image": "images/rank5_这趟火车不一_20260213_185123.jpg"
        },
        {
            "rank": 6,
            "title": "春节假期有两次降水降温过程",
            "original_title": "",
            "source_platform": "中国天气",
            "source_url": "https://baijiahao.baidu.com/s?id=1856992650681693007",
            "content": "春节假期前期和后期将各有一次冷空气影响我国中东部地区，气温下降4至8℃，提醒游客关注天气变化。",
            "image": "images/rank6_春节假期有两_20260213_185123.jpg"
        },
        {
            "rank": 7,
            "title": "网信部门整治无AI标识虚假信息",
            "original_title": "",
            "source_platform": "央视新闻",
            "source_url": "https://news.qq.com/rain/a/20260212A061L400",
            "content": "网信部门依法处置传播无AI标识虚假不实信息的账号13421个，清理违法违规信息54.3万余条。",
            "image": "images/rank7_网信部门整治_20260213_185123.jpg"
        },
        {
            "rank": 8,
            "title": "前阿斯利康中国区总裁被提起公诉",
            "original_title": "",
            "source_platform": "界面新闻",
            "source_url": "https://news.qq.com/rain/a/20260212A042YU00",
            "content": "前阿斯利康中国区总裁王磊因个人信息侵权、非法贸易、医疗保险欺诈等多项指控被提起公诉。",
            "image": "images/rank8_前阿斯利康中_20260213_185123.jpg"
        },
        {
            "rank": 9,
            "title": "公司利润2.7亿拿1.8亿发年终奖",
            "original_title": "",
            "source_platform": "今日头条",
            "source_url": "https://webcast-open.douyin.com/open/media_live/238099515779",
            "content": "一家公司年度利润2.7亿元，拿出1.8亿元作为年终奖发放给员工，引发广泛关注。",
            "image": "images/rank9_公司利润2__20260213_185123.jpg"
        }
    ],
    "timestamp": "20260213_185123"
}