{
    "news": [
        {
            "rank": 0,
            "title": "【轰动】风波再起！众明星卷入，谁能独善其身？",
            "original_title": "",
            "source_platform": "",
            "source_url": "",
            "content": "",
            "image": ""
        },
        {
            "rank": 1,
            "title": "吉林卫视春晚：文松领衔回90年代",
            "original_title": "",
            "source_platform": "腾讯娱乐",
            "source_url": "https://news.qq.com/rain/a/20260213V075N700",
            "content": "吉林卫视春晚：文松领衔回90年代",
            "image": "images/rank1_吉林卫视春晚_20260214_183535.jpg"
        },
        {
            "rank": 2,
            "title": "高至霆为冬奥运动健儿打call",
            "original_title": "",
            "source_platform": "腾讯娱乐",
            "source_url": "https://news.qq.com/rain/a/20260213V0584K00",
            "content": "高至霆为冬奥运动健儿打call",
            "image": "images/rank2_高至霆为冬奥_20260214_183535.jpg"
        },
        {
            "rank": 3,
            "title": "王鹤棣名人赛砍18分",
            "original_title": "",
            "source_platform": "腾讯娱乐",
            "source_url": "https://news.qq.com/rain/a/20260214V01RMS00",
            "content": "王鹤棣名人赛砍18分",
            "image": "images/rank3_王鹤棣名人赛_20260214_183535.jpg"
        },
        {
            "rank": 4,
            "title": "王楚然自认后宫最大饿人",
            "original_title": "",
            "source_platform": "腾讯娱乐",
            "source_url": "https://news.qq.com/rain/a/20260214V00M9B00",
            "content": "王楚然自认后宫最大饿人",
            "image": "images/rank4_王楚然自认后_20260214_183535.jpg"
        },
        {
            "rank": 5,
            "title": "回顾《流星花园》女星现状",
            "original_title": "",
            "source_platform": "腾讯娱乐",
            "source_url": "https://news.qq.com/rain/a/20260211A03IIK00",
            "content": "回顾《流星花园》女星现状",
            "image": "images/rank5_回顾_流星花_20260214_183535.jpg"
        },
        {
            "rank": 6,
            "title": "独牙九球大师赛决赛",
            "original_title": "",
            "source_platform": "抖音热榜",
            "source_url": "https://www.douyin.com/hot/2400593",
            "content": "独牙九球大师赛决赛",
            "image": "images/rank6_独牙九球大师_20260214_183535.jpg"
        },
        {
            "rank": 7,
            "title": "无人机表演背后的“造梦人”",
            "original_title": "",
            "source_platform": "抖音热榜",
            "source_url": "https://www.douyin.com/hot/2400850",
            "content": "无人机表演背后的“造梦人”",
            "image": "images/rank7_无人机表演背_20260214_183535.jpg"
        },
        {
            "rank": 8,
            "title": "商务部回应安世半导体案裁决结果",
            "original_title": "",
            "source_platform": "抖音热榜",
            "source_url": "https://www.douyin.com/hot/2399895",
            "content": "商务部回应安世半导体案裁决结果",
            "image": "images/rank8_商务部回应安_20260214_183535.jpg"
        },
        {
            "rank": 9,
            "title": "马里宁自由滑重大失误无缘领奖台",
            "original_title": "",
            "source_platform": "抖音热榜",
            "source_url": "https://www.douyin.com/hot/2400097",
            "content": "马里宁自由滑重大失误无缘领奖台",
            "image": "images/rank9_马里宁自由滑_20260214_183535.jpg"
        }
    ],
    "timestamp": "20260214_183535"
}