{
    "news": [
        {
            "rank": 0,
            "title": "全球变局下的冲突、科技与民生图景",
            "content": ""
        },
        {
            "rank": 1,
            "title": "加拿大神秘脑疾困扰数百人",
            "source_platform": "BBC News",
            "source_url": "https://www.bbc.com/news/articles/c623r47d67lo",
            "content": "加拿大新不伦瑞克省数百人被诊断患有原因不明的脑部疾病，引发对患者处境与疾病真实性的广泛担忧与调查。",
            "image": "images/rank1_加拿大神_20260111_102935.png"
        },
        {
            "rank": 2,
            "title": "伊朗抗议持续，当局暴力镇压",
            "source_platform": "BBC News",
            "source_url": "https://www.bbc.com/news/articles/cm2jek15m8no",
            "content": "伊朗民众因经济问题持续抗议，遭安全部队暴力镇压，已致数百人伤亡，美以讨论干预可能，地区局势紧张。",
            "image": "images/rank2_伊朗抗议_20260111_102935.jpg"
        },
        {
            "rank": 3,
            "title": "特朗普寻求千亿投资委内瑞拉石油",
            "source_platform": "BBC News",
            "source_url": "https://www.bbc.com/news/articles/c205dx61x76o",
            "content": "美国总统特朗普寻求至少千亿美元投资委内瑞拉石油业，但遭石油巨头冷遇，称该国目前“不具备投资条件”。",
            "image": "images/rank3_特朗普寻_20260111_102935.jpg"
        },
        {
            "rank": 4,
            "title": "谷歌前员工指控因举报性骚扰被裁",
            "source_platform": "BBC News",
            "source_url": "https://www.bbc.com/news/articles/c62v51d1ry2o",
            "content": "谷歌一高级员工向法庭指控，她在举报一名经理的性骚扰行为后遭到报复并被裁员，公司否认相关指控。",
            "image": "images/rank4_谷歌前员_20260111_102935.jpg"
        },
        {
            "rank": 5,
            "title": "美军在叙利亚大规模空袭IS目标",
            "source_platform": "BBC News",
            "source_url": "https://www.bbc.com/news/articles/cly9597r4qpo",
            "content": "美军及其盟友对叙利亚境内的伊斯兰国目标发动大规模空袭，以报复此前IS对美军的致命袭击。",
            "image": "images/rank5_美军在叙_20260111_102935.png"
        },
        {
            "rank": 6,
            "title": "“猫山王”榴莲成马来西亚经济新引擎",
            "source_platform": "BBC News",
            "source_url": "https://www.bbc.com/news/articles/cz7ndzw28v4o",
            "content": "马来西亚劳勿镇依托被誉为“榴莲界爱马仕”的猫山王品种，成功转型，成为全球榴莲热潮的核心产区之一。",
            "image": "images/rank6__猫山王_20260111_102935.png"
        },
        {
            "rank": 7,
            "title": "Grateful Dead联合创始人Bob Weir去世",
            "source_platform": "BBC News",
            "source_url": "https://www.bbc.com/news/articles/cly95x9qe4ko",
            "content": "美国迷幻摇滚传奇乐队Grateful Dead的联合创始人、吉他手Bob Weir因癌症及肺部问题去世，享年78岁。",
            "image": "images/rank7_Grat_20260111_102935.jpg"
        },
        {
            "rank": 8,
            "title": "金球奖颁奖在即，新类别引关注",
            "source_platform": "BBC News",
            "source_url": "https://www.bbc.com/news/articles/c338d55p0k6o",
            "content": "金球奖颁奖典礼即将举行，今年新增最佳播客奖项，众多热门影片与明星将角逐各大奖项。",
            "image": "images/rank8_金球奖颁_20260111_102935.jpg"
        },
        {
            "rank": 9,
            "title": "研究显示狗能像幼儿一样积累词汇",
            "source_platform": "New York Times",
            "source_url": "https://www.nytimes.com/2026/01/08/science/dogs-research-vocabulary-toys.html",
            "content": "最新科学研究表明，部分狗类能够像人类幼儿一样学习和记忆大量词汇名称，揭示了动物认知的新维度。",
            "image": "images/rank9_研究显示_20260111_102935.jpg"
        }
    ],
    "timestamp": "20260111_102935"
}