{
    "news": [
        {
            "rank": 0,
            "title": "【翻车】人设崩塌？争议不断的明星们经历了什么",
            "original_title": "",
            "source_platform": "",
            "source_url": "",
            "content": "",
            "image": ""
        },
        {
            "rank": 1,
            "title": "陈小春，以政协委员身份参会",
            "original_title": "",
            "source_platform": "腾讯娱乐",
            "source_url": "https://news.qq.com/rain/a/20260206A04BP700",
            "content": "陈小春，以政协委员身份参会",
            "image": "images/rank1_陈小春_以政_20260206_185134.jpg"
        },
        {
            "rank": 2,
            "title": "邬君梅透露外籍丈夫病逝",
            "original_title": "",
            "source_platform": "腾讯娱乐",
            "source_url": "https://news.qq.com/rain/a/20260206V0458500",
            "content": "邬君梅透露外籍丈夫病逝",
            "image": "images/rank2_邬君梅透露外_20260206_185134.jpg"
        },
        {
            "rank": 3,
            "title": "肖战说完重庆话说东北话",
            "original_title": "",
            "source_platform": "腾讯娱乐",
            "source_url": "https://news.qq.com/rain/a/20260205V07DS000",
            "content": "肖战说完重庆话说东北话",
            "image": "images/rank3_肖战说完重庆_20260206_185134.jpg"
        },
        {
            "rank": 4,
            "title": "潘美辰新歌《回家》MV正式上线",
            "original_title": "",
            "source_platform": "腾讯娱乐",
            "source_url": "https://news.qq.com/rain/a/20260205V06IJH00",
            "content": "潘美辰新歌《回家》MV正式上线",
            "image": "images/rank4_潘美辰新歌__20260206_185134.jpg"
        },
        {
            "rank": 5,
            "title": "梁小龙去世后百万粉丝账号归属引争议",
            "original_title": "",
            "source_platform": "腾讯娱乐",
            "source_url": "https://news.qq.com/rain/a/20260206A033AQ00",
            "content": "梁小龙去世后百万粉丝账号归属引争议",
            "image": "images/rank5_梁小龙去世后_20260206_185134.jpg"
        },
        {
            "rank": 6,
            "title": "张艺谋《惊蛰无声》发布终极预告",
            "original_title": "",
            "source_platform": "腾讯娱乐",
            "source_url": "https://news.qq.com/rain/a/20260206V03YNP00",
            "content": "张艺谋《惊蛰无声》发布终极预告",
            "image": "images/rank6_张艺谋_惊蛰_20260206_185134.jpg"
        },
        {
            "rank": 7,
            "title": "伊美谈判在阿曼开始举行",
            "original_title": "",
            "source_platform": "抖音热榜",
            "source_url": "https://www.douyin.com/hot/2391727",
            "content": "伊美谈判在阿曼开始举行",
            "image": "images/rank7_伊美谈判在阿_20260206_185134.jpg"
        },
        {
            "rank": 8,
            "title": "董亦军被追授时代楷模称号",
            "original_title": "",
            "source_platform": "抖音热榜",
            "source_url": "https://www.douyin.com/hot/2391185",
            "content": "董亦军被追授时代楷模称号",
            "image": "images/rank8_董亦军被追授_20260206_185134.jpg"
        },
        {
            "rank": 9,
            "title": "抖音ACG新春会年味拉满",
            "original_title": "",
            "source_platform": "抖音热榜",
            "source_url": "https://www.douyin.com/hot/2391404",
            "content": "抖音ACG新春会年味拉满",
            "image": "images/rank9_抖音ACG新_20260206_185134.jpg"
        }
    ],
    "timestamp": "20260206_185134"
}