{
    "news": [
        {
            "rank": 0,
            "title": "全球变局下的冲突、科技与人文之光",
            "content": ""
        },
        {
            "rank": 1,
            "title": "美联储主席鲍威尔遭美司法部刑事调查",
            "source_platform": "BBC News",
            "source_url": "https://www.bbc.com/news/articles/c801k7rkkd7o",
            "content": "美国司法部对美联储主席鲍威尔展开刑事调查，因其在国会关于美联储大楼翻修的证词。鲍威尔称此举前所未有。",
            "image": "images/rank1_美联储主_20260112_145029.jpg"
        },
        {
            "rank": 2,
            "title": "伊朗抗议持续，美伊紧张局势升级",
            "source_platform": "BBC News",
            "source_url": "https://www.bbc.com/news/articles/czdqy3rmp78o",
            "content": "伊朗反政府抗议进入第三周，据报数百人死亡。美国总统特朗普表示正考虑“非常强硬”的军事选项。",
            "image": "images/rank2_伊朗抗议_20260112_145029.jpg"
        },
        {
            "rank": 3,
            "title": "革命性眼内注射疗法成功恢复患者视力",
            "source_platform": "BBC News",
            "source_url": "https://www.bbc.com/news/articles/c89qyv98lzdo",
            "content": "伦敦医院首创疗法，通过眼内注射成功治疗罕见眼疾“低眼压症”，首位患者视力得到显著恢复。",
            "image": "images/rank3_革命性眼_20260112_145029.jpg"
        },
        {
            "rank": 4,
            "title": "加拿大新不伦瑞克省现神秘脑部疾病",
            "source_platform": "BBC News",
            "source_url": "https://www.bbc.com/news/articles/c623r47d67lo",
            "content": "加拿大新不伦瑞克省约500人被诊断患有病因不明的神秘脑部疾病，引发医学界广泛关注与调查。",
            "image": "images/rank4_加拿大新_20260112_145029.png"
        },
        {
            "rank": 5,
            "title": "CES展会AI热潮不减，泡沫担忧暂未显现",
            "source_platform": "CNN",
            "source_url": "https://edition.cnn.com/2026/01/10/tech/ces-ai-tech-las-vegas",
            "content": "全球最大科技展CES上，人工智能仍是绝对焦点，各厂商争相展示AI产品，市场对AI泡沫的担忧并未显现。",
            "image": "images/rank5_CES展_20260112_145029.jpg"
        },
        {
            "rank": 6,
            "title": "布里斯班23亿澳元奥运场馆计划引争议",
            "source_platform": "CNN",
            "source_url": "https://edition.cnn.com/2026/01/07/style/australia-brisbane-olympic-stadium-victoria-park-hnk-intl",
            "content": "2032年奥运会主办城市布里斯班计划耗资23亿澳元新建体育场，该方案在当地引发激烈辩论。",
            "image": "images/rank6_布里斯班_20260112_145029.jpg"
        },
        {
            "rank": 7,
            "title": "研究揭示狗像幼儿一样构建词汇量",
            "source_platform": "New York Times",
            "source_url": "https://www.nytimes.com/2026/01/08/science/dogs-research-vocabulary-toys.html",
            "content": "最新研究表明，部分犬类能够像人类幼儿一样，通过重复学习构建词汇量，理解并记住超过150个玩具名称。",
            "image": "images/rank7_研究揭示_20260112_145029.jpg"
        },
        {
            "rank": 8,
            "title": "怀俄明州牧场试用虚拟围栏管理牲畜",
            "source_platform": "New York Times",
            "source_url": "https://www.nytimes.com/2025/12/09/climate/wyoming-virtual-fences-livestock.html",
            "content": "美国怀俄明州牧场为牛群佩戴GPS项圈，试验用虚拟围栏替代实体铁丝网，以更灵活地管理牧场生态。",
            "image": "images/rank8_怀俄明州_20260112_145029.jpg"
        },
        {
            "rank": 9,
            "title": "极寒天气致芬兰数千游客被困",
            "source_platform": "Sky News",
            "source_url": "https://news.sky.com/story/37c-temperatures-traps-thousands-of-tourists-in-finland-13493256",
            "content": "芬兰北部遭遇零下37摄氏度极寒天气，导致机场航班取消，数千名游客被困在拉普兰地区。",
            "image": "images/rank9_极寒天气_20260112_145029.jpg"
        }
    ],
    "timestamp": "20260112_145029"
}