{
    "news": [
        {
            "rank": 0,
            "title": "娱乐资讯精选 | 01月13日热点",
            "content": "今日娱乐资讯精选：章泽天罕见聊9岁女儿、阎鹤祥晒婴儿小手照片官宣当爸、闫学晶滑跪道歉：平台凉了才想起老百姓等热点话题"
        },
        {
            "rank": 1,
            "title": "章泽天罕见聊9岁女儿",
            "source_platform": "腾讯娱乐",
            "source_url": "https://news.qq.com/rain/a/20260113V04RTE00",
            "content": "章泽天罕见聊9岁女儿",
            "image": "images/rank1_章泽天罕_20260113_183327.jpg"
        },
        {
            "rank": 2,
            "title": "阎鹤祥晒婴儿小手照片官宣当爸",
            "source_platform": "腾讯娱乐",
            "source_url": "https://news.qq.com/rain/a/20260113A05D2F00",
            "content": "阎鹤祥晒婴儿小手照片官宣当爸",
            "image": "images/rank2_阎鹤祥晒_20260113_183327.jpg"
        },
        {
            "rank": 3,
            "title": "闫学晶滑跪道歉：平台凉了才想起老百姓",
            "source_platform": "腾讯娱乐",
            "source_url": "https://news.qq.com/rain/a/20260112V02Y7L00",
            "content": "闫学晶滑跪道歉：平台凉了才想起老百姓",
            "image": "images/rank3_闫学晶滑_20260113_183327.jpg"
        },
        {
            "rank": 4,
            "title": "过年回家穿哪套显得我混得好",
            "source_platform": "抖音",
            "source_url": "https://www.douyin.com/hot/2366299",
            "content": "过年回家穿哪套显得我混得好",
            "image": "images/rank4_过年回家_20260113_183327_resized.jpg"
        },
        {
            "rank": 5,
            "title": "助力培育养老服务经营主体",
            "source_platform": "抖音",
            "source_url": "https://www.douyin.com/hot/2366544",
            "content": "助力培育养老服务经营主体",
            "image": "images/rank5_助力培育_20260113_183327_resized.jpg"
        },
        {
            "rank": 6,
            "title": "爱的桥段叫我怎么写",
            "source_platform": "抖音",
            "source_url": "https://www.douyin.com/hot/2366484",
            "content": "爱的桥段叫我怎么写",
            "image": "images/rank6_爱的桥段_20260113_183327_resized.jpg"
        },
        {
            "rank": 7,
            "title": "重拍了99次的镜头",
            "source_platform": "哔哩哔哩",
            "source_url": "https://www.bilibili.com/video/BV1VW6dB1EtZ",
            "content": "重拍了99次的镜头",
            "image": "images/rank7_重拍了9_20260113_183327_resized.jpg"
        },
        {
            "rank": 8,
            "title": "《原神》角色预告-「哥伦比娅：飞往何方」",
            "source_platform": "哔哩哔哩",
            "source_url": "https://www.bilibili.com/video/BV16erhBREXR",
            "content": "《原神》角色预告-「哥伦比娅：飞往何方」",
            "image": "images/rank8_《原神》_20260113_183327_resized.jpg"
        },
        {
            "rank": 9,
            "title": "我的“深海恐惧症”",
            "source_platform": "哔哩哔哩",
            "source_url": "https://www.bilibili.com/video/BV1TfrMBgEZ6",
            "content": "我的“深海恐惧症”",
            "image": "images/rank9_我的“深_20260113_183327_resized.jpg"
        }
    ],
    "timestamp": "20260113_183327"
}