{
    "news": [
        {
            "rank": 0,
            "title": "6G要来了？",
            "original_title": "",
            "source_platform": "",
            "source_url": "",
            "content": "",
            "image": ""
        },
        {
            "rank": 1,
            "title": "小伙救人按断6根肋骨收到谢谢",
            "original_title": "",
            "source_platform": "大象新闻",
            "source_url": "https://baijiahao.baidu.com/s?id=1855460629365887035",
            "content": "江苏苏州一超市老板娘突发昏迷，顾客张晓国实施心肺复苏致其6根肋骨骨折，最终挽救生命。",
            "image": "images/rank1_小伙救人按断_20260127_183741.jpg"
        },
        {
            "rank": 2,
            "title": "6G通信有了超宽高速公路",
            "original_title": "",
            "source_platform": "人民网",
            "source_url": "https://baijiahao.baidu.com/s?id=1855419892189334856",
            "content": "北京大学等联合团队成功研制出面向6G的超宽带光电融合集成系统，首次实现全频段高速无线通信。",
            "image": "images/rank2_6G通信有了_20260127_183741.jpg"
        },
        {
            "rank": 3,
            "title": "Sony与TCL合资或叫Tony",
            "original_title": "",
            "source_platform": "人民日报",
            "source_url": "https://baijiahao.baidu.com/s?id=1855451463430288419",
            "content": "索尼与TCL电子签署意向备忘录将成立合资公司，网友提议新公司可命名为Tony。",
            "image": "images/rank3_Sony与T_20260127_183741.jpg"
        },
        {
            "rank": 4,
            "title": "开回去太累 12306托运汽车订单火爆",
            "original_title": "",
            "source_platform": "大象新闻",
            "source_url": "https://baijiahao.baidu.com/s?id=1855463430203774665",
            "content": "12306火车托运汽车订单量同比增30%-40%，旅客称自己开车太累，托运更轻松。",
            "image": "images/rank4_开回去太累__20260127_183741.jpg"
        },
        {
            "rank": 5,
            "title": "刘强东老家大喇叭叫乡亲领年货",
            "original_title": "",
            "source_platform": "九派新闻",
            "source_url": "https://www.toutiao.com/video/7599920155346337818/",
            "content": "刘强东老家通过大喇叭通知乡亲领取年货，引发关注。",
            "image": "images/rank5_刘强东老家大_20260127_183741.jpg"
        },
        {
            "rank": 6,
            "title": "职工带薪年休假条例将修订",
            "original_title": "",
            "source_platform": "北青网",
            "source_url": "https://www.toutiao.com/w/1855443275233417/",
            "content": "人社部将推动修订《职工带薪年休假条例》，促进用人单位落实职工带薪年休假制度。",
            "image": "images/rank6_职工带薪年休_20260127_183741.jpg"
        },
        {
            "rank": 7,
            "title": "武汉病毒研究所发现对尼帕有效药物",
            "original_title": "",
            "source_platform": "北京日报",
            "source_url": "https://www.toutiao.com/article/7599866514757386794/",
            "content": "武汉病毒研究所发现对尼帕病毒有效的药物，该病毒致死率高且尚无获批药物或疫苗。",
            "image": "images/rank7_武汉病毒研究_20260127_183741.jpg"
        },
        {
            "rank": 8,
            "title": "小伙提醒大妈衣服英文不合适",
            "original_title": "",
            "source_platform": "大象新闻",
            "source_url": "https://baijiahao.baidu.com/s?id=1855440961515486700",
            "content": "湖北一男子提醒骑电动车阿姨，其衣服上印有英文DEAD字样不吉利，建议不要穿。",
            "image": "images/rank8_小伙提醒大妈_20260127_183741.jpg"
        },
        {
            "rank": 9,
            "title": "国企转让95只羊：1根毛都不能私自处理",
            "original_title": "",
            "source_platform": "羊城派",
            "source_url": "https://baijiahao.baidu.com/s?id=1855363996713427544",
            "content": "宁夏一国企通过正规平台转让95只羊，强调按国资处置流程操作，1根毛都不能私自处理。",
            "image": "images/rank9_国企转让95_20260127_183741.jpg"
        }
    ],
    "timestamp": "20260127_183741"
}