{
    "news": [
        {
            "rank": 0,
            "title": "【轰动】风波再起！众明星卷入，谁能独善其身？",
            "original_title": "",
            "source_platform": "",
            "source_url": "",
            "content": "",
            "image": ""
        },
        {
            "rank": 1,
            "title": "90岁王德顺再现走秀出圈名场面",
            "original_title": "",
            "source_platform": "腾讯娱乐",
            "source_url": "https://news.qq.com/rain/a/20260209V029K100",
            "content": "90岁王德顺再现走秀出圈名场面",
            "image": "images/rank1_90岁王德顺_20260210_063317.jpg"
        },
        {
            "rank": 2,
            "title": "七仙女闺蜜团重聚：作秀还是真情谊？",
            "original_title": "",
            "source_platform": "腾讯娱乐",
            "source_url": "https://news.qq.com/rain/a/20260207A02UPF00",
            "content": "七仙女闺蜜团重聚：作秀还是真情谊？",
            "image": "images/rank2_七仙女闺蜜团_20260210_063317.jpg"
        },
        {
            "rank": 3,
            "title": "张远在线为谷爱凌打call",
            "original_title": "",
            "source_platform": "腾讯娱乐",
            "source_url": "https://news.qq.com/rain/a/20260206V067OF00",
            "content": "张远在线为谷爱凌打call",
            "image": "images/rank3_张远在线为谷_20260210_063317.jpg"
        },
        {
            "rank": 4,
            "title": "41岁张靓颖澳门全开麦唱跳稳如CD",
            "original_title": "",
            "source_platform": "腾讯娱乐",
            "source_url": "https://news.qq.com/rain/a/20260209V0387X00",
            "content": "41岁张靓颖澳门全开麦唱跳稳如CD",
            "image": "images/rank4_41岁张靓颖_20260210_063317.jpg"
        },
        {
            "rank": 5,
            "title": "南京博物院事件最新通报",
            "original_title": "",
            "source_platform": "抖音热榜",
            "source_url": "https://www.douyin.com/hot/2395347",
            "content": "南京博物院事件最新通报",
            "image": "images/rank5_南京博物院事_20260210_063317.jpg"
        },
        {
            "rank": 6,
            "title": "山东烟台一金矿事故致7死",
            "original_title": "",
            "source_platform": "抖音热榜",
            "source_url": "https://www.douyin.com/hot/2395421",
            "content": "山东烟台一金矿事故致7死",
            "image": "images/rank6_山东烟台一金_20260210_063317.jpg"
        },
        {
            "rank": 7,
            "title": "春运首周交通出行人数超14亿人次",
            "original_title": "",
            "source_platform": "抖音热榜",
            "source_url": "https://www.douyin.com/hot/2395350",
            "content": "春运首周交通出行人数超14亿人次",
            "image": "images/rank7_春运首周交通_20260210_063317.jpg"
        },
        {
            "rank": 8,
            "title": "大连地震",
            "original_title": "",
            "source_platform": "抖音热榜",
            "source_url": "https://www.douyin.com/hot/2394961",
            "content": "大连地震",
            "image": "images/rank8_大连地震_20260210_063317.jpg"
        },
        {
            "rank": 9,
            "title": "小年文案",
            "original_title": "",
            "source_platform": "抖音热榜",
            "source_url": "https://www.douyin.com/hot/2394582",
            "content": "小年文案",
            "image": "images/rank9_小年文案_20260210_063317.jpg"
        }
    ],
    "timestamp": "20260210_063317"
}