{
    "news": [
        {
            "rank": 0,
            "title": "娱乐资讯精选 | 01月14日热点",
            "content": "今日娱乐资讯精选：章泽天罕见聊9岁女儿、蔡依林大巨蛋演唱会曝亏损超7千万、宋丹丹继女赵婷第二次获得金球奖等热点话题"
        },
        {
            "rank": 1,
            "title": "章泽天罕见聊9岁女儿",
            "source_platform": "腾讯娱乐",
            "source_url": "https://news.qq.com/rain/a/20260113V04RTE00",
            "content": "章泽天罕见聊9岁女儿",
            "image": "images/rank1_章泽天罕_20260114_063408.jpg"
        },
        {
            "rank": 2,
            "title": "蔡依林大巨蛋演唱会曝亏损超7千万",
            "source_platform": "腾讯娱乐",
            "source_url": "https://news.qq.com/rain/a/20260113A01MVV00",
            "content": "蔡依林大巨蛋演唱会曝亏损超7千万",
            "image": "images/rank2_蔡依林大_20260114_063408.jpg"
        },
        {
            "rank": 3,
            "title": "宋丹丹继女赵婷第二次获得金球奖",
            "source_platform": "腾讯娱乐",
            "source_url": "https://news.qq.com/rain/a/20260113V02CJW00",
            "content": "宋丹丹继女赵婷第二次获得金球奖",
            "image": "images/rank3_宋丹丹继_20260114_063408.jpg"
        },
        {
            "rank": 4,
            "title": "韩国检方要求判处尹锡悦死刑",
            "source_platform": "抖音",
            "source_url": "https://www.douyin.com/hot/2366771",
            "content": "韩国检方要求判处尹锡悦死刑",
            "image": "images/rank4_韩国检方_20260114_063408_resized.jpg"
        },
        {
            "rank": 5,
            "title": "人无法衡量某个瞬间的价值",
            "source_platform": "抖音",
            "source_url": "https://www.douyin.com/hot/2366268",
            "content": "人无法衡量某个瞬间的价值",
            "image": ""
        },
        {
            "rank": 6,
            "title": "嫦娥六号月壤提供关键线索",
            "source_platform": "抖音",
            "source_url": "https://www.douyin.com/hot/2366853",
            "content": "嫦娥六号月壤提供关键线索",
            "image": "images/rank6_嫦娥六号_20260114_063408_resized.jpg"
        },
        {
            "rank": 7,
            "title": "《原神》角色预告-「哥伦比娅：飞往何方」",
            "source_platform": "哔哩哔哩",
            "source_url": "https://www.bilibili.com/video/BV16erhBREXR",
            "content": "《原神》角色预告-「哥伦比娅：飞往何方」",
            "image": "images/rank7_《原神》_20260114_063408_resized.jpg"
        },
        {
            "rank": 8,
            "title": "重拍了99次的镜头",
            "source_platform": "哔哩哔哩",
            "source_url": "https://www.bilibili.com/video/BV1VW6dB1EtZ",
            "content": "重拍了99次的镜头",
            "image": "images/rank8_重拍了9_20260114_063408_resized.jpg"
        },
        {
            "rank": 9,
            "title": "《鸣潮》共鸣者「莫宁」PV | 群星点亮时",
            "source_platform": "哔哩哔哩",
            "source_url": "https://www.bilibili.com/video/BV1durvBtEks",
            "content": "《鸣潮》共鸣者「莫宁」PV | 群星点亮时",
            "image": "images/rank9_《鸣潮》_20260114_063408_resized.jpg"
        }
    ],
    "timestamp": "20260114_063408"
}