{
    "news": [
        {
            "rank": 0,
            "title": "高价买来的竟是“橡皮泥”？你被坑了吗？",
            "original_title": "",
            "source_platform": "",
            "source_url": "",
            "content": "",
            "image": ""
        },
        {
            "rank": 1,
            "title": "银行保管箱一柜难求",
            "original_title": "",
            "source_platform": "新华社",
            "source_url": "https://baijiahao.baidu.com/s?id=1854365747225102168",
            "content": "金价走高，银行保管箱普遍租罄，多地需排队等候，居民多用于存放实物黄金等贵重物品。",
            "image": "images/rank1_银行保管箱一_20260115_183952.jpg"
        },
        {
            "rank": 2,
            "title": "7万金镯一捏就变形",
            "original_title": "",
            "source_platform": "极光新闻",
            "source_url": "https://baijiahao.baidu.com/s?id=1854363232469287704",
            "content": "赵女士花7万多买的金镯轻轻一捏就变形，检测为真黄金，行业解释因做得太宽太薄导致。",
            "image": "images/rank2_7万金镯一捏_20260115_183952.jpg"
        },
        {
            "rank": 3,
            "title": "黑草莓售价160元一斤",
            "original_title": "",
            "source_platform": "大象新闻",
            "source_url": "https://baijiahao.baidu.com/s?id=1854370693356806602",
            "content": "一种被称为“黑草莓”的贵价水果上市，售价高达160元一斤，草莓园主称其甜度稍高。",
            "image": "images/rank3_黑草莓售价1_20260115_183952.jpg"
        },
        {
            "rank": 4,
            "title": "高管辞职当“鱼保姆”",
            "original_title": "",
            "source_platform": "star星视频",
            "source_url": "https://baijiahao.baidu.com/s?id=1854377453017667080",
            "content": "北京一女高管辞职，到东海养殖基地当“鱼保姆”，住海景房钓鱼捉蟹，27天没花钱。",
            "image": "images/rank4_高管辞职当__20260115_183952.jpg"
        },
        {
            "rank": 5,
            "title": "哈尔滨大雪人成网红IP",
            "original_title": "",
            "source_platform": "新华社",
            "source_url": "https://baijiahao.baidu.com/s?id=1854358104319433663",
            "content": "哈尔滨大雪人从3米小雪人成长为19米巨型雪雕，连续六年霸占热搜，成为城市文旅融合亮点。",
            "image": "images/rank5_哈尔滨大雪人_20260115_183952.jpg"
        },
        {
            "rank": 6,
            "title": "菲律宾对中国公民免签",
            "original_title": "",
            "source_platform": "界面新闻",
            "source_url": "https://baijiahao.baidu.com/s?id=1854367416885555060",
            "content": "菲律宾宣布自1月16日起，中国公民可免签入境，停留时间最长为14天。",
            "image": "images/rank6_菲律宾对中国_20260115_183952.jpg"
        },
        {
            "rank": 7,
            "title": "U23亚洲杯中国首次出线",
            "original_title": "",
            "source_platform": "我爱英超",
            "source_url": "https://news.qq.com/rain/a/20260114A05IH800",
            "content": "U23亚洲杯中国0-0战平泰国，首次闯进淘汰赛创历史，门将李昊屡献神扑救主。",
            "image": "images/rank7_U23亚洲杯_20260115_183952.jpg"
        },
        {
            "rank": 8,
            "title": "文旅商体展联动激发消费",
            "original_title": "",
            "source_platform": "央视新闻",
            "source_url": "https://www.toutiao.com/article/7595427976255177231",
            "content": "各地文旅融合加快，上海以电影、演艺等为载体创新场景，激发消费新活力。",
            "image": "images/rank8_文旅商体展联_20260115_183952.png"
        },
        {
            "rank": 9,
            "title": "退休老人该不该存钱引热议",
            "original_title": "",
            "source_platform": "大辽老马",
            "source_url": "https://www.toutiao.com/w/1854340778739776/",
            "content": "建议退休老人不要存太多钱，60到70岁是消费大好时光，适当消费才是正确做法。",
            "image": "images/rank9_退休老人该不_20260115_183952.jpg"
        }
    ],
    "timestamp": "20260115_183952"
}