{
    "news": [
        {
            "rank": 0,
            "title": "【轰动】风波再起！众明星卷入，谁能独善其身？",
            "original_title": "",
            "source_platform": "",
            "source_url": "",
            "content": "",
            "image": ""
        },
        {
            "rank": 1,
            "title": "《三国演义》导演张中一病逝",
            "original_title": "",
            "source_platform": "腾讯娱乐",
            "source_url": "https://news.qq.com/rain/a/20260210A0338Z00",
            "content": "《三国演义》导演张中一病逝",
            "image": "images/rank1__三国演义__20260211_063658.jpg"
        },
        {
            "rank": 2,
            "title": "小沈阳女儿与成龙合唱魔性神曲走红",
            "original_title": "",
            "source_platform": "腾讯娱乐",
            "source_url": "https://news.qq.com/rain/a/20260209V05MAW00",
            "content": "小沈阳女儿与成龙合唱魔性神曲走红",
            "image": "images/rank2_小沈阳女儿与_20260211_063658.jpg"
        },
        {
            "rank": 3,
            "title": "曲春雨宣布退役",
            "original_title": "",
            "source_platform": "抖音热榜",
            "source_url": "https://www.douyin.com/hot/2396473",
            "content": "曲春雨宣布退役",
            "image": "images/rank3_曲春雨宣布退_20260211_063658.jpg"
        },
        {
            "rank": 4,
            "title": "首个海风直连海底数据中心投产",
            "original_title": "",
            "source_platform": "抖音热榜",
            "source_url": "https://www.douyin.com/hot/2396439",
            "content": "首个海风直连海底数据中心投产",
            "image": "images/rank4_首个海风直连_20260211_063658.jpg"
        },
        {
            "rank": 5,
            "title": "中国短道混接无缘领奖台",
            "original_title": "",
            "source_platform": "抖音热榜",
            "source_url": "https://www.douyin.com/hot/2396352",
            "content": "中国短道混接无缘领奖台",
            "image": "images/rank5_中国短道混接_20260211_063658.jpg"
        },
        {
            "rank": 6,
            "title": "摩托车返乡人向着家的方向出发",
            "original_title": "",
            "source_platform": "抖音热榜",
            "source_url": "https://www.douyin.com/hot/2395733",
            "content": "摩托车返乡人向着家的方向出发",
            "image": "images/rank6_摩托车返乡人_20260211_063658.jpg"
        },
        {
            "rank": 7,
            "title": "用一篇长文记录我的春节",
            "original_title": "",
            "source_platform": "抖音热榜",
            "source_url": "https://www.douyin.com/hot/2395603",
            "content": "用一篇长文记录我的春节",
            "image": "images/rank7_用一篇长文记_20260211_063658.jpg"
        },
        {
            "rank": 8,
            "title": "浙江省委原书记易炼红被查",
            "original_title": "",
            "source_platform": "抖音热榜",
            "source_url": "https://www.douyin.com/hot/2395521",
            "content": "浙江省委原书记易炼红被查",
            "image": "images/rank8_浙江省委原书_20260211_063658.jpg"
        },
        {
            "rank": 9,
            "title": "薛珍麒38:75不敌叶建宁",
            "original_title": "",
            "source_platform": "抖音热榜",
            "source_url": "https://www.douyin.com/hot/2396130",
            "content": "薛珍麒38:75不敌叶建宁",
            "image": "images/rank9_薛珍麒38__20260211_063658.jpg"
        }
    ],
    "timestamp": "20260211_063658"
}