{
    "news": [
        {
            "rank": 0,
            "title": "特朗普对盟友极限施压！格陵兰争夺战引爆北约内爆危机？",
            "original_title": "",
            "source_platform": "",
            "source_url": "",
            "content": "",
            "image": ""
        },
        {
            "rank": 1,
            "title": "特朗普威胁对八国加征关税以换取格陵兰",
            "original_title": "Starmer holds phone call with Trump over Greenland tariff threat",
            "source_platform": "BBC News",
            "source_url": "https://www.bbc.com/news/articles/cwyn90l1dneo",
            "content": "美国总统特朗普威胁对包括英国在内的八个欧洲国家加征关税，除非美国获准购买格陵兰。此举引发欧洲盟友强烈反对。",
            "image": "images/rank1_特朗普威胁对_20260119_061808.jpg"
        },
        {
            "rank": 2,
            "title": "丹麦首相：欧洲不会被勒索",
            "original_title": "'Europe won't be blackmailed,' Danish PM says in wake of Trump Greenland threats",
            "source_platform": "BBC News",
            "source_url": "https://www.bbc.com/news/articles/ceqz0llpnyqo",
            "content": "丹麦首相弗雷泽里克森回应特朗普关税威胁，称欧洲不会被勒索。八国发表联合声明，警告此举将导致危险螺旋。",
            "image": "images/rank2_丹麦首相_欧_20260119_061808.jpg"
        },
        {
            "rank": 3,
            "title": "以色列反对特朗普加沙“和平委员会”人选",
            "original_title": "Israel pushes back on Trump's picks for executives on Gaza 'Board of Peace'",
            "source_platform": "BBC News",
            "source_url": "https://www.bbc.com/news/articles/cd0y453yd90o",
            "content": "以色列总理内塔尼亚胡召集会议，讨论特朗普的加沙“和平委员会”人选。以方称未参与协商，此举违背其政策。",
            "image": "images/rank3_以色列反对特_20260119_061808.jpg"
        },
        {
            "rank": 4,
            "title": "智利野火肆虐致16死，总统宣布灾难状态",
            "original_title": "Chile declares 'state of catastrophe' as deadly wildfires menace cities",
            "source_platform": "BBC News",
            "source_url": "https://www.bbc.com/news/articles/cz7ypw4rjrzo",
            "content": "智利南部野火肆虐，已致至少16人死亡，2万人撤离。总统博里奇宣布两个大区进入灾难状态。",
            "image": "images/rank4_智利野火肆虐_20260119_061808.jpg"
        },
        {
            "rank": 5,
            "title": "瑞士酒吧火灾遇难员工家属称其未受安全培训",
            "original_title": "Swiss bar employee who reportedly held sparkler unaware of dangers, family says",
            "source_platform": "BBC News",
            "source_url": "https://www.bbc.com/news/articles/ckgvjnxpp9zo",
            "content": "瑞士酒吧新年火灾遇难员工家属律师称，死者未接受安全培训，不知天花板易燃。火灾致40死116伤。",
            "image": "images/rank5_瑞士酒吧火灾_20260119_061808.jpg"
        },
        {
            "rank": 6,
            "title": "法国科西嘉岛黑帮葬礼枪击案震惊社会",
            "original_title": "Gangland killing at a funeral shocks idyllic French island",
            "source_platform": "BBC News",
            "source_url": "https://www.bbc.com/news/articles/c620nq38y6po",
            "content": "法国科西嘉岛，前民族主义领导人在母亲葬礼上遭枪击身亡。该岛三年内已有35人遭枪杀。",
            "image": "images/rank6_法国科西嘉岛_20260119_061808.jpg"
        },
        {
            "rank": 7,
            "title": "叙利亚政府与库尔德武装达成停火及合并协议",
            "original_title": "Syria agrees ceasefire with Kurdish-led forces after two weeks of clashes",
            "source_platform": "BBC News",
            "source_url": "https://www.bbc.com/news/articles/c4gwk37ewvwo",
            "content": "叙利亚政府与库尔德武装达成全国停火协议，后者将并入叙国家军事机构。叙政府将重新控制东部三省。",
            "image": "images/rank7_叙利亚政府与_20260119_061808.jpg"
        },
        {
            "rank": 8,
            "title": "韩国“年轻40代”成网络嘲讽对象",
            "original_title": "'Young 40s': Gen Z has found a new way to mock millennials for their style in South Korea",
            "source_platform": "BBC News",
            "source_url": "https://www.bbc.com/news/articles/c78vw30p1d2o",
            "content": "韩国40多岁男性因模仿年轻一代穿着风格，被Z世代网民嘲讽为“年轻40代”，引发代际文化冲突讨论。",
            "image": "images/rank8_韩国_年轻4_20260119_061808.jpg"
        },
        {
            "rank": 9,
            "title": "奥地利阿尔卑斯山雪崩致8名滑雪者死亡",
            "original_title": "Avalanches Across Austrian Alps Kill 8 Skiers in One Day",
            "source_platform": "New York Times",
            "source_url": "https://www.nytimes.com/2026/01/18/world/europe/austria-alps-avalanches.html",
            "content": "奥地利阿尔卑斯山周六发生三起雪崩，造成8名滑雪者死亡。近期大雪增加了该地区的雪崩风险。",
            "image": "images/rank9_奥地利阿尔卑_20260119_061808.jpg"
        }
    ],
    "timestamp": "20260119_061808"
}