{
    "news": [
        {
            "rank": 0,
            "title": "减重药白菜价？",
            "original_title": "",
            "source_platform": "",
            "source_url": "",
            "content": "",
            "image": ""
        },
        {
            "rank": 1,
            "title": "男子开工3天签下3000万大单",
            "original_title": "",
            "source_platform": "大众网青岛",
            "source_url": "https://baijiahao.baidu.com/s?id=1858248265596485919",
            "content": "河南矿山销售员肖玉恩开工3日内签下3000万元订单，其所在企业开工首日订单总额突破4亿元。",
            "image": "images/rank1_男子开工3天_20260227_184925.jpg"
        },
        {
            "rank": 2,
            "title": "车价大跳水：宝马降30万",
            "original_title": "",
            "source_platform": "大河报",
            "source_url": "https://baijiahao.baidu.com/s?id=1858244682068468276",
            "content": "春节后豪华车、合资车优惠力度刷新底线，宝马狂降30万、雅阁跳水10万，价格战4月将杀到最狠。",
            "image": "images/rank2_车价大跳水__20260227_184925.jpg"
        },
        {
            "rank": 3,
            "title": "中国年味飘向全球",
            "original_title": "",
            "source_platform": "人民日报",
            "source_url": "https://baijiahao.baidu.com/s?id=1858242133620931257",
            "content": "红灯笼、俏年花、新中式年服等中国年货热销海外，让世界各国友人沉浸式感受“中国年”的独特魅力。",
            "image": "images/rank3_中国年味飘向_20260227_184925.jpg"
        },
        {
            "rank": 4,
            "title": "减重药将步入“白菜价”时代",
            "original_title": "",
            "source_platform": "第一财经",
            "source_url": "https://baijiahao.baidu.com/s?id=1858258332608913754",
            "content": "诺和诺德司美格鲁肽中国核心专利3月到期，国内十余家药企仿制药即将上市，价格战一触即发。",
            "image": "images/rank4_减重药将步入_20260227_184925.jpg"
        },
        {
            "rank": 5,
            "title": "女子捡手机藏4个月被定位",
            "original_title": "",
            "source_platform": "都市快报橙柿互动",
            "source_url": "https://baijiahao.baidu.com/s?id=1858257045313079181",
            "content": "广西陆川县居民小陈丢失华为手机后启用定位功能，拾获者藏匿4个月后被锁定住所，法院判决赔偿3800元。",
            "image": "images/rank5_女子捡手机藏_20260227_184925.jpg"
        },
        {
            "rank": 6,
            "title": "千元机正在消失",
            "original_title": "",
            "source_platform": "大象新闻",
            "source_url": "https://baijiahao.baidu.com/s?id=1858253301547645040",
            "content": "存储芯片成本上涨引发连锁反应，2026年中国手机市场或面临一年内多次上调价格，千元机正在消失。",
            "image": "images/rank6_千元机正在消_20260227_184925.jpg"
        },
        {
            "rank": 7,
            "title": "被帮扶男孩家人回应千元手表",
            "original_title": "",
            "source_platform": "红星新闻",
            "source_url": "https://baijiahao.baidu.com/s?id=1858264797377341696",
            "content": "奶茶品牌“1点点”公益宣传中受助男孩佩戴千元电话手表引争议，家人回应称系亲友2025年年底凑钱购买。",
            "image": "images/rank7_被帮扶男孩家_20260227_184925.jpg"
        },
        {
            "rank": 8,
            "title": "作家杨本芬承认抄袭",
            "original_title": "",
            "source_platform": "上游新闻",
            "source_url": "https://baijiahao.baidu.com/s?id=1858265600444869457",
            "content": "湖南籍作家杨本芬公开承认袭用他人语句，并向涉事作家与广大读者致歉，引发文学尊严讨论。",
            "image": "images/rank8_作家杨本芬承_20260227_184925.jpg"
        },
        {
            "rank": 9,
            "title": "地铁走丢小孩报妈妈电话逗笑众人",
            "original_title": "",
            "source_platform": "杭州日报",
            "source_url": "https://www.toutiao.com/video/7611412092611985444/",
            "content": "地铁走丢小孩报妈妈电话逗笑众人。",
            "image": "images/rank9_地铁走丢小孩_20260227_184925.jpg"
        }
    ],
    "timestamp": "20260227_184925"
}