{
    "news": [
        {
            "rank": 0,
            "title": "38万人爽约被禁？",
            "original_title": "",
            "source_platform": "",
            "source_url": "",
            "content": "",
            "image": ""
        },
        {
            "rank": 1,
            "title": "灵隐寺对38万爽约者出手",
            "original_title": "",
            "source_platform": "武汉广播电视台",
            "source_url": "https://baijiahao.baidu.com/s?id=1856100368834099683",
            "content": "杭州灵隐寺实行免票预约制后，累计38万人次爽约。2月1日起，首次爽约禁约30天，二次60天，三次90天。",
            "image": "images/rank1_灵隐寺对38_20260203_185224.jpg"
        },
        {
            "rank": 2,
            "title": "周生生足金挂坠检出铁银钯",
            "original_title": "",
            "source_platform": "新京报",
            "source_url": "https://baijiahao.baidu.com/s?id=1856077965391400249",
            "content": "周生生回应“足金挂坠检出铁银钯”一事，称高度重视顾客反映。广东李女士购买该品牌足金福袋挂坠佩戴一天便刮花，送检发现金含量差值达35.62%。",
            "image": "images/rank2_周生生足金挂_20260203_185224.jpg"
        },
        {
            "rank": 3,
            "title": "主播造谣外卖商家退出平台被拘",
            "original_title": "",
            "source_platform": "公安部网安局",
            "source_url": "https://baijiahao.baidu.com/s?id=1856014328977795586",
            "content": "近日，一则关于“宁波外卖商家集体退出外卖平台”的信息在社交媒体广泛传播。经核，该信息不实，造谣者张某已被公安机关依法行政拘留。",
            "image": "images/rank3_主播造谣外卖_20260203_185224.jpg"
        },
        {
            "rank": 4,
            "title": "工信部发布汽车车门把手安全国标",
            "original_title": "",
            "source_platform": "财联社",
            "source_url": "https://news.qq.com/rain/a/20260202A06LCY00",
            "content": "工信部发布强制性国家标准《汽车车门把手安全技术要求》，将于2027年1月1日起实施。要求每个车门应配备机械释放车门外把手。",
            "image": "images/rank4_工信部发布汽_20260203_185224.jpg"
        },
        {
            "rank": 5,
            "title": "供货705万给医生回扣247万",
            "original_title": "",
            "source_platform": "第一财经",
            "source_url": "https://news.qq.com/rain/a/20260202A06A7Y00",
            "content": "国家医保局曝光一起骨科耗材回扣案。李某非法收受医药企业财物共计272.05万元，其中绝大部分属于骨科耗材回扣，已被执行有期徒刑六年。",
            "image": "images/rank5_供货705万_20260203_185224.jpg"
        },
        {
            "rank": 6,
            "title": "江苏响水一在建大桥塌落",
            "original_title": "",
            "source_platform": "新华网",
            "source_url": "https://news.qq.com/rain/a/20260203A00UT600",
            "content": "江苏省盐城市响水县人民政府通报，连申线月港大桥在施工过程中发生系杆拱梁塌落事故。目前造成2人死亡，3人失联。",
            "image": "images/rank6_江苏响水一在_20260203_185224.jpg"
        },
        {
            "rank": 7,
            "title": "成都警方立案侦查诬告陷害案",
            "original_title": "",
            "source_platform": "界面新闻",
            "source_url": "https://news.qq.com/rain/a/20260202A06RW100",
            "content": "成都市公安局锦江区分局发布警情通报，依法对刘某、巫某某等人涉嫌诬告陷害罪和非法经营罪立案侦查。相关犯罪嫌疑人已被采取刑事强制措施。",
            "image": "images/rank7_成都警方立案_20260203_185224.jpg"
        },
        {
            "rank": 8,
            "title": "婚礼一周后“闪离”彩礼退还起争议",
            "original_title": "",
            "source_platform": "新疆网",
            "source_url": "https://www.toutiao.com/article/7602448439716151850/",
            "content": "新疆一对男女举行婚礼一周后因矛盾离婚。男方要求全额返还21万元彩礼，女方认为应扣除部分款项，双方对簿公堂。",
            "image": "images/rank8_婚礼一周后__20260203_185224.jpg"
        },
        {
            "rank": 9,
            "title": "网友买凌晨车票候车时发现晚来一天",
            "original_title": "",
            "source_platform": "浙江之声",
            "source_url": "https://www.toutiao.com/video/7602475733851570219/",
            "content": "网友购买凌晨车票后，在候车时发现自己晚来了一天。该事件引发关注，提醒旅客注意车票日期。",
            "image": "images/rank9_网友买凌晨车_20260203_185224.jpg"
        }
    ],
    "timestamp": "20260203_185224"
}