{
    "news": [
        {
            "rank": 0,
            "title": "【轰动】风波再起！众明星卷入，谁能独善其身？",
            "original_title": "",
            "source_platform": "",
            "source_url": "",
            "content": "",
            "image": ""
        },
        {
            "rank": 1,
            "title": "金晨的危机过去了吗？",
            "original_title": "",
            "source_platform": "腾讯娱乐",
            "source_url": "https://news.qq.com/rain/a/20260131A00SK700",
            "content": "金晨的危机过去了吗？",
            "image": "images/rank1_金晨的危机过_20260201_183527.jpg"
        },
        {
            "rank": 2,
            "title": "李现汪苏泷央视春晚彩排，被粉丝“围堵”",
            "original_title": "",
            "source_platform": "腾讯娱乐",
            "source_url": "https://news.qq.com/rain/a/20260131V00GDC00",
            "content": "李现汪苏泷央视春晚彩排，被粉丝“围堵”",
            "image": "images/rank2_李现汪苏泷央_20260201_183527.jpg"
        },
        {
            "rank": 3,
            "title": "《太平年》宣布复更",
            "original_title": "",
            "source_platform": "腾讯娱乐",
            "source_url": "https://news.qq.com/rain/a/20260201A02HL700",
            "content": "《太平年》宣布复更",
            "image": "images/rank3__太平年_宣_20260201_183527.jpg"
        },
        {
            "rank": 4,
            "title": "大S雕像将揭幕",
            "original_title": "",
            "source_platform": "腾讯娱乐",
            "source_url": "https://news.qq.com/rain/a/20260201A02QJZ00",
            "content": "大S雕像将揭幕",
            "image": "images/rank4_大S雕像将揭_20260201_183527.jpg"
        },
        {
            "rank": 5,
            "title": "韩星金宣虎被曝逃税，经纪公司回应",
            "original_title": "",
            "source_platform": "腾讯娱乐",
            "source_url": "https://news.qq.com/rain/a/20260201V03E4800",
            "content": "韩星金宣虎被曝逃税，经纪公司回应",
            "image": "images/rank5_韩星金宣虎被_20260201_183527.jpg"
        },
        {
            "rank": 6,
            "title": "冯提莫回应“长胡子了”",
            "original_title": "",
            "source_platform": "腾讯娱乐",
            "source_url": "https://news.qq.com/rain/a/20260201A01QG000",
            "content": "冯提莫回应“长胡子了”",
            "image": "images/rank6_冯提莫回应__20260201_183527.jpg"
        },
        {
            "rank": 7,
            "title": "史上最长春节档谁能夺冠？",
            "original_title": "",
            "source_platform": "腾讯娱乐",
            "source_url": "https://news.qq.com/rain/a/20260201A01SJR00",
            "content": "史上最长春节档谁能夺冠？",
            "image": "images/rank7_史上最长春节_20260201_183527.jpg"
        },
        {
            "rank": 8,
            "title": "女星自曝13年前买银条存保险箱",
            "original_title": "",
            "source_platform": "腾讯娱乐",
            "source_url": "https://news.qq.com/rain/a/20260201V03BFI00",
            "content": "女星自曝13年前买银条存保险箱",
            "image": "images/rank8_女星自曝13_20260201_183527.jpg"
        },
        {
            "rank": 9,
            "title": "我国造船业三大指标领跑全球",
            "original_title": "",
            "source_platform": "抖音热榜",
            "source_url": "https://www.douyin.com/hot/2386275",
            "content": "我国造船业三大指标领跑全球",
            "image": "images/rank9_我国造船业三_20260201_183527.jpg"
        }
    ],
    "timestamp": "20260201_183527"
}