{
    "news": [
        {
            "rank": 0,
            "title": "科技民生热点多，生活趣闻暖人心",
            "content": "",
            "image": ""
        },
        {
            "rank": 1,
            "title": "手机NFC不用时务必关闭",
            "source_platform": "央视新闻",
            "source_url": "https://baijiahao.baidu.com/s?id=1853520872375918517",
            "content": "诈骗分子常冒充客服诱导开启NFC盗刷资金、泄露信息，危害极大。需牢记“三不”原则，规范使用习惯。",
            "image": "images/rank1_央视新闻_20260106.jpg"
        },
        {
            "rank": 2,
            "title": "中国攻克超临界二氧化碳发电难题",
            "source_platform": "央视新闻",
            "source_url": "https://baijiahao.baidu.com/s?id=1853407305403680700",
            "content": "全球首台商用机组“超碳一号”在贵州投运，技术领先国际五年，效率高且节能环保，推动能源技术革新。",
            "image": "images/rank2_央视新闻_20260106.jpg"
        },
        {
            "rank": 3,
            "title": "外国游客元旦免签入境大增",
            "source_platform": "央视新闻",
            "source_url": "https://baijiahao.baidu.com/s?id=1853456196752696664",
            "content": "元旦假期适用免签政策入境的外国人达29.2万人次，同比增长35.8%，冰雪狂欢、古镇漫游等产品受青睐。",
            "image": "images/rank3_央视新闻_20260106.jpg"
        },
        {
            "rank": 4,
            "title": "浙江两座海岛挂牌出让",
            "source_platform": "极目新闻",
            "source_url": "https://mbd.baidu.com/newspage/data/videolanding?nid=sv_15952018923908212168",
            "content": "大平山岛、稻桶山岛两座无居民海岛局部使用权挂牌出让，起拍价3.7万元。相关部门表示养鸡钓鱼可，搭小屋不可。",
            "image": ""
        },
        {
            "rank": 5,
            "title": "加拿大鹅羽绒服三亚大降价",
            "source_platform": "每日经济新闻",
            "source_url": "https://baijiahao.baidu.com/s?id=1853475790552568386",
            "content": "在三亚近30℃高温下，原价万元出头的加拿大鹅羽绒服通过免税和满减活动，最低可至6900元，颇受欢迎。",
            "image": "images/rank5_每日经济新闻_20260106.jpg"
        },
        {
            "rank": 6,
            "title": "孙子手机损坏犯癫痫，奶奶含泪求助",
            "source_platform": "大象新闻",
            "source_url": "https://www.baidu.com/s?wd=%E5%AD%99%E5%AD%90%E5%9B%A0%E6%89%8B%E6%9C%BA%E6%8D%9F%E5%9D%8F%E7%8A%AF%E7%99%AB%E7%97%AB+%E5%A5%B6%E5%A5%B6%E5%93%AD%E6%B1%82%E7%BB%B4%E4%BF%AE&sa=fyb_news&rsv_dl=fyb_news",
            "content": "江苏徐州一19岁男孩因手机损坏癫痫发作，73岁奶奶深夜含泪求助维修店主，店主紧急返店维修。",
            "image": "images/rank6_大象新闻_20260106.jpg"
        },
        {
            "rank": 7,
            "title": "山姆车厘子每斤狂降70元",
            "source_platform": "南方+客户端",
            "source_url": "https://www.toutiao.com/video/7591793493714927626/",
            "content": "山姆车厘子价格大幅下调，每斤降价70元，引发消费者关注。",
            "image": "images/rank7_南方客户端_20260106.jpeg"
        },
        {
            "rank": 8,
            "title": "马斯克身家继续“狂飙”",
            "source_platform": "福布斯",
            "source_url": "https://www.toutiao.com/article/7591910949611684352/",
            "content": "马斯克净资产暴增2440亿美元，达到7260亿美元，成为史上首位身家突破7000亿美元的富豪。",
            "image": "images/rank8_福布斯_20260106.jpeg"
        },
        {
            "rank": 9,
            "title": "超千万人信用将被“修复”",
            "source_platform": "国是直通车",
            "source_url": "https://news.qq.com/rain/a/20260105A06IPC00#to-comment",
            "content": "中国人民银行出台一次性信用修复政策，覆盖千万级别受益人群，对2020年至2025年小额逾期记录自动修复。",
            "image": "images/rank9_国是直通车_20260106.jpg"
        }
    ]
}