{
    "news": [
        {
            "rank": 0,
            "title": "黄金暴跌谁在血洗？",
            "original_title": "",
            "source_platform": "",
            "source_url": "",
            "content": "",
            "image": ""
        },
        {
            "rank": 1,
            "title": "“爱你老己”成年轻人悦己消费新密码",
            "original_title": "",
            "source_platform": "新华社",
            "source_url": "https://baijiahao.baidu.com/s?id=1855797273903645205",
            "content": "“爱你老己，明天见”热梗席卷社交网络，折射出年轻人从物质满足转向情感体验的悦己消费新趋势。",
            "image": "images/rank1__爱你老己__20260131_183355.jpg"
        },
        {
            "rank": 2,
            "title": "家委会收263.3元引家长报警",
            "original_title": "",
            "source_platform": "大风新闻",
            "source_url": "https://baijiahao.baidu.com/s?id=1855826529103663965",
            "content": "重庆某中学家委会向每生收取263.3元费用，称学校要求不公示明细，有家长质疑后报警，警方已介入调查。",
            "image": "images/rank2_家委会收26_20260131_183355.jpg"
        },
        {
            "rank": 3,
            "title": "手机被偷9年后收到1100元退赔",
            "original_title": "",
            "source_platform": "光明网",
            "source_url": "https://baijiahao.baidu.com/s?id=1855818160136532501",
            "content": "网友手机2017年被偷，近日法院通知案件已破，被告人被判退赔1100元，时隔九年收到赔偿。",
            "image": "images/rank3_手机被偷9年_20260131_183355.jpg"
        },
        {
            "rank": 4,
            "title": "东北虎雪天“上班”一脸愁容",
            "original_title": "",
            "source_platform": "伍视频",
            "source_url": "https://baijiahao.baidu.com/s?id=1855825197182645803",
            "content": "东北虎在雪天被拍到拟人化“愁容”神态，网友调侃其“不愿冒雪上班”，视频走红网络。",
            "image": "images/rank4_东北虎雪天__20260131_183355.jpg"
        },
        {
            "rank": 5,
            "title": "乘客带400万黄金坐高铁被拦",
            "original_title": "",
            "source_platform": "潇湘晨报",
            "source_url": "https://baijiahao.baidu.com/s?id=1855807593244093808",
            "content": "河南一男子携带价值400余万元黄金饰品乘高铁，安检时行李箱发黑被查出，安检员报警处理。",
            "image": "images/rank5_乘客带400_20260131_183355.jpg"
        },
        {
            "rank": 6,
            "title": "女子被困缅甸园区每天工作18小时",
            "original_title": "",
            "source_platform": "扬眼",
            "source_url": "https://news.qq.com/rain/a/20260130A043ER00",
            "content": "广西一女子被困缅甸新园区近一年半，每天工作18小时，完不成任务就挨打，家属发帖求助。",
            "image": "images/rank6_女子被困缅甸_20260131_183355.jpg"
        },
        {
            "rank": 7,
            "title": "夫妻回家过年上高速发现没带娃",
            "original_title": "",
            "source_platform": "云上娱乐",
            "source_url": "https://www.toutiao.com/video/7601128430126104630/",
            "content": "夫妻俩开车回家过年，上了高速才发现孩子没带上，视频引发网友热议和调侃。",
            "image": "images/rank7_夫妻回家过年_20260131_183355.jpg"
        },
        {
            "rank": 8,
            "title": "丫丫回国两年多已判若两熊",
            "original_title": "",
            "source_platform": "大皖新闻",
            "source_url": "https://www.toutiao.com/video/7601134852528603172/",
            "content": "大熊猫丫丫回国两年多后，体型和精神状态明显改善，与之前判若两熊，视频引发关注。",
            "image": "images/rank8_丫丫回国两年_20260131_183355.jpg"
        },
        {
            "rank": 9,
            "title": "威士忌进口关税降至5%",
            "original_title": "",
            "source_platform": "观察者网",
            "source_url": "https://news.qq.com/rain/a/20260130A05EFN00",
            "content": "国务院关税税则委员会公告，自2月2日起对威士忌酒实施5%的进口暂定税率，此前中英达成相关协议。",
            "image": "images/rank9_威士忌进口关_20260131_183355.jpg"
        }
    ],
    "timestamp": "20260131_183355"
}