{
    "news": [
        {
            "rank": 0,
            "title": "【翻车】人设崩塌？争议不断的明星们经历了什么",
            "original_title": "",
            "source_platform": "",
            "source_url": "",
            "content": "",
            "image": ""
        },
        {
            "rank": 1,
            "title": "章泽天播客更新第二期预告",
            "original_title": "",
            "source_platform": "腾讯娱乐",
            "source_url": "https://news.qq.com/rain/a/20260227V07TOJ00",
            "content": "章泽天播客更新第二期预告",
            "image": "images/rank1_章泽天播客更_20260228_062022.jpg"
        },
        {
            "rank": 2,
            "title": "交响乐版《大东北》太带派",
            "original_title": "",
            "source_platform": "腾讯娱乐",
            "source_url": "https://news.qq.com/rain/a/20260227V06XZP00",
            "content": "交响乐版《大东北》太带派",
            "image": "images/rank2_交响乐版_大_20260228_062022.jpg"
        },
        {
            "rank": 3,
            "title": "光线传媒王长田内部信：一切为了IP",
            "original_title": "",
            "source_platform": "腾讯娱乐",
            "source_url": "https://news.qq.com/rain/a/20260227A080SF00",
            "content": "光线传媒王长田内部信：一切为了IP",
            "image": "images/rank3_光线传媒王长_20260228_062022.jpg"
        },
        {
            "rank": 4,
            "title": "杨洋回应手部受伤及不让江山争议",
            "original_title": "",
            "source_platform": "腾讯娱乐",
            "source_url": "https://news.qq.com/rain/a/20260227A07SLZ00",
            "content": "杨洋回应手部受伤及不让江山争议",
            "image": "images/rank4_杨洋回应手部_20260228_062022.jpg"
        },
        {
            "rank": 5,
            "title": "孙燕姿新歌《飞瀑而下》上线火爆",
            "original_title": "",
            "source_platform": "腾讯娱乐",
            "source_url": "https://news.qq.com/rain/a/20260227V02HUP00",
            "content": "孙燕姿新歌《飞瀑而下》上线火爆",
            "image": "images/rank5_孙燕姿新歌__20260228_062022.jpg"
        },
        {
            "rank": 6,
            "title": "孙颖莎晋级新加坡大满贯八强",
            "original_title": "",
            "source_platform": "抖音热榜",
            "source_url": "https://www.douyin.com/hot/2413799",
            "content": "孙颖莎晋级新加坡大满贯八强",
            "image": "images/rank6_孙颖莎晋级新_20260228_062022.jpg"
        },
        {
            "rank": 7,
            "title": "欧冠淘汰赛抽签结果出炉",
            "original_title": "",
            "source_platform": "抖音热榜",
            "source_url": "https://www.douyin.com/hot/2413536",
            "content": "欧冠淘汰赛抽签结果出炉",
            "image": "images/rank7_欧冠淘汰赛抽_20260228_062022.jpg"
        },
        {
            "rank": 8,
            "title": "王祥喜被免去应急管理部部长职务",
            "original_title": "",
            "source_platform": "抖音热榜",
            "source_url": "https://www.douyin.com/hot/2413853",
            "content": "王祥喜被免去应急管理部部长职务",
            "image": "images/rank8_王祥喜被免去_20260228_062022.jpg"
        },
        {
            "rank": 9,
            "title": "葛军来和抖音网友们算账了",
            "original_title": "",
            "source_platform": "抖音热榜",
            "source_url": "https://www.douyin.com/hot/2413287",
            "content": "葛军来和抖音网友们算账了",
            "image": "images/rank9_葛军来和抖音_20260228_062022.jpg"
        }
    ],
    "timestamp": "20260228_062022"
}