{
    "news": [
        {
            "rank": 0,
            "title": "【轰动】风波再起！众明星卷入，谁能独善其身？",
            "original_title": "",
            "source_platform": "",
            "source_url": "",
            "content": "",
            "image": ""
        },
        {
            "rank": 1,
            "title": "张雨绮多个商务被取消",
            "original_title": "",
            "source_platform": "腾讯娱乐",
            "source_url": "https://news.qq.com/rain/a/20260127A0557400",
            "content": "张雨绮多个商务被取消",
            "image": "images/rank1_张雨绮多个商_20260128_183803.jpg"
        },
        {
            "rank": 2,
            "title": "大S雕像完工，将与高以翔为邻",
            "original_title": "",
            "source_platform": "腾讯娱乐",
            "source_url": "https://news.qq.com/rain/a/20260128A033GA00",
            "content": "大S雕像完工，将与高以翔为邻",
            "image": "images/rank2_大S雕像完工_20260128_183803.jpg"
        },
        {
            "rank": 3,
            "title": "韩娱史上最大税务炸弹",
            "original_title": "",
            "source_platform": "腾讯娱乐",
            "source_url": "https://news.qq.com/rain/a/20260128A03YZT00",
            "content": "韩娱史上最大税务炸弹",
            "image": "images/rank3_韩娱史上最大_20260128_183803.jpg"
        },
        {
            "rank": 4,
            "title": "李亚鹏带货超七千万，难救嫣然医院",
            "original_title": "",
            "source_platform": "腾讯娱乐",
            "source_url": "https://news.qq.com/rain/a/20260127A05H6K00",
            "content": "李亚鹏带货超七千万，难救嫣然医院",
            "image": "images/rank4_李亚鹏带货超_20260128_183803.jpg"
        },
        {
            "rank": 5,
            "title": "范晓萱坦言不后悔不婚不生",
            "original_title": "",
            "source_platform": "腾讯娱乐",
            "source_url": "https://news.qq.com/rain/a/20260128V043H500",
            "content": "范晓萱坦言不后悔不婚不生",
            "image": "images/rank5_范晓萱坦言不_20260128_183803.jpg"
        },
        {
            "rank": 6,
            "title": "徐开骋被曝疑似有娃",
            "original_title": "",
            "source_platform": "腾讯娱乐",
            "source_url": "https://news.qq.com/rain/a/20260128V037WZ00",
            "content": "徐开骋被曝疑似有娃",
            "image": "images/rank6_徐开骋被曝疑_20260128_183803.jpg"
        },
        {
            "rank": 7,
            "title": "黄金白银基金宣布暂停申购",
            "original_title": "",
            "source_platform": "抖音热榜",
            "source_url": "https://www.douyin.com/hot/2381695",
            "content": "黄金白银基金宣布暂停申购",
            "image": "images/rank7_黄金白银基金_20260128_183803.jpg"
        },
        {
            "rank": 8,
            "title": "冰雪“冷资源”催生“热制造”",
            "original_title": "",
            "source_platform": "抖音热榜",
            "source_url": "https://www.douyin.com/hot/2382202",
            "content": "冰雪“冷资源”催生“热制造”",
            "image": "images/rank8_冰雪_冷资源_20260128_183803.jpg"
        },
        {
            "rank": 9,
            "title": "印度一飞机坠毁",
            "original_title": "",
            "source_platform": "抖音热榜",
            "source_url": "https://www.douyin.com/hot/2381846",
            "content": "印度一飞机坠毁",
            "image": "images/rank9_印度一飞机坠_20260128_183803.jpg"
        }
    ],
    "timestamp": "20260128_183803"
}