{
    "news": [
        {
            "rank": 0,
            "title": "特朗普又掀外交风暴",
            "original_title": "",
            "source_platform": "",
            "source_url": "",
            "content": "",
            "image": ""
        },
        {
            "rank": 1,
            "title": "特朗普撤销加拿大加入“和平委员会”邀请",
            "original_title": "Trump withdraws Canada's invite to Board of Peace",
            "source_platform": "BBC News",
            "source_url": "https://www.bbc.com/news/articles/cn7jjp8gl0jo",
            "content": "美国总统特朗普撤销了对加拿大加入其新成立的“和平委员会”的邀请，这是北美邻国间的最新争执。",
            "image": "images/rank1_特朗普撤销加_20260123_183432.jpg"
        },
        {
            "rank": 2,
            "title": "特朗普称北约部队避战言论引英国众怒",
            "original_title": "Trump's claim Nato troops avoided Afghanistan front line sparks outrage in UK",
            "source_platform": "BBC News",
            "source_url": "https://www.bbc.com/news/articles/czr444j671vo",
            "content": "特朗普称北约部队在阿富汗战争中“远离前线”的言论，引发英国政界和退伍军人家庭的强烈愤慨。",
            "image": "images/rank2_特朗普称北约_20260123_183432.jpg"
        },
        {
            "rank": 3,
            "title": "加州州长称白宫阻挠其达沃斯发言",
            "original_title": "California Governor Newsom says White House blocked his Davos event",
            "source_platform": "BBC News",
            "source_url": "https://www.bbc.com/news/articles/cd0yy5n8v8mo",
            "content": "加州州长纽森称，他被阻止在世界经济论坛达沃斯会议上发言，并指责特朗普政府施压。",
            "image": "images/rank3_加州州长称白_20260123_183432.jpg"
        },
        {
            "rank": 4,
            "title": "女性“更年期伪装”现象普遍但代价高昂",
            "original_title": "Why so many women end up 'menopause masking' - but it can have consequences, as I discovered",
            "source_platform": "BBC News",
            "source_url": "https://www.bbc.com/news/articles/c23e1n3ge29o",
            "content": "许多女性选择隐藏更年期症状，但这种“伪装”行为可能耗尽精力，增加职业倦怠风险，并阻碍她们寻求必要帮助。",
            "image": "images/rank4_女性_更年期_20260123_183432.jpg"
        },
        {
            "rank": 5,
            "title": "前特别检察官指特朗普从事犯罪活动",
            "original_title": "Trump ‘engaged in criminal activity’, Jack Smith says in Capitol Hill testimony",
            "source_platform": "BBC News",
            "source_url": "https://www.bbc.com/news/articles/c9vxxj27nrro",
            "content": "前特别检察官杰克·史密斯在国会作证时表示，特朗普对2021年1月6日的国会山骚乱负有责任，并称其从事了犯罪活动。",
            "image": "images/rank5_前特别检察官_20260123_183432.jpg"
        },
        {
            "rank": 6,
            "title": "数十艘受制裁俄油轮仍通过英吉利海峡",
            "original_title": "Dozens of sanctioned Russian tankers navigate Channel despite UK vow of 'assertive' action",
            "source_platform": "BBC News",
            "source_url": "https://www.bbc.com/news/articles/c2d77rr51rko",
            "content": "尽管英国誓言采取“果断行动”，本月仍有数十艘因俄乌战争受制裁的俄罗斯油轮通过英吉利海峡，规避石油出口限制。",
            "image": "images/rank6_数十艘受制裁_20260123_183432.jpg"
        },
        {
            "rank": 7,
            "title": "特朗普“和平委员会”会边缘化联合国吗？",
            "original_title": "Could Trump's new Board of Peace sideline the struggling UN?",
            "source_platform": "BBC News",
            "source_url": "https://www.bbc.com/news/articles/cn8jj228g2vo",
            "content": "特朗普在达沃斯宣布成立由其终身领导的“和平委员会”，分析认为这旨在取代战后国际秩序，可能边缘化已陷入困境的联合国。",
            "image": "images/rank7_特朗普_和平_20260123_183432.jpg"
        },
        {
            "rank": 8,
            "title": "英国称特朗普因盟友关切放弃格陵兰威胁",
            "original_title": "Trump responded to UK and European concerns over Greenland, says Lammy",
            "source_platform": "BBC News",
            "source_url": "https://www.bbc.com/news/articles/cm244zlnmkvo",
            "content": "英国副首相拉米称，特朗普因英国和欧洲盟友对格陵兰主权的关切，放弃了使用武力或贸易制裁控制该岛的威胁。",
            "image": "images/rank8_英国称特朗普_20260123_183432.jpg"
        },
        {
            "rank": 9,
            "title": "澳邦迪枪击案暴露社会深度分裂",
            "original_title": "A national tragedy 30 years ago united Australia. Why hasn't the Bondi shooting?",
            "source_platform": "BBC News",
            "source_url": "https://www.bbc.com/news/articles/cx2yy4n1vlgo",
            "content": "与30年前团结全国的惨案不同，悉尼邦迪海滩反犹枪击案引发政治纷争与社会分裂，暴露澳大利亚深刻分歧。",
            "image": "images/rank9_澳邦迪枪击案_20260123_183432.jpg"
        }
    ],
    "timestamp": "20260123_183432"
}