{
    "news": [
        {
            "rank": 0,
            "title": "【轰动】风波再起！众明星卷入，谁能独善其身？",
            "original_title": "",
            "source_platform": "",
            "source_url": "",
            "content": "",
            "image": ""
        },
        {
            "rank": 1,
            "title": "方大同遗作《才二十三》MV首发",
            "original_title": "",
            "source_platform": "腾讯娱乐",
            "source_url": "https://news.qq.com/rain/a/20260228V064BC00",
            "content": "方大同遗作《才二十三》MV首发",
            "image": "images/rank1_方大同遗作__20260301_061939.jpg"
        },
        {
            "rank": 2,
            "title": "王一博盗号风波升级！细节全对上",
            "original_title": "",
            "source_platform": "腾讯娱乐",
            "source_url": "https://news.qq.com/rain/a/20260228A03MKJ00",
            "content": "王一博盗号风波升级！细节全对上",
            "image": "images/rank2_王一博盗号风_20260301_061939.jpg"
        },
        {
            "rank": 3,
            "title": "杨幂谷爱凌米兰时装周同框",
            "original_title": "",
            "source_platform": "腾讯娱乐",
            "source_url": "https://news.qq.com/rain/a/20260228A019XM00",
            "content": "杨幂谷爱凌米兰时装周同框",
            "image": "images/rank3_杨幂谷爱凌米_20260301_061939.jpg"
        },
        {
            "rank": 4,
            "title": "周杰伦昆凌8岁儿子正脸照曝光",
            "original_title": "",
            "source_platform": "腾讯娱乐",
            "source_url": "https://news.qq.com/rain/a/20260228V06W1I00",
            "content": "周杰伦昆凌8岁儿子正脸照曝光",
            "image": "images/rank4_周杰伦昆凌8_20260301_061939.jpg"
        },
        {
            "rank": 5,
            "title": "沈腾的下一站在哪？",
            "original_title": "",
            "source_platform": "腾讯娱乐",
            "source_url": "https://news.qq.com/rain/a/20260228A06FBQ00",
            "content": "沈腾的下一站在哪？",
            "image": "images/rank5_沈腾的下一站_20260301_061939.jpg"
        },
        {
            "rank": 6,
            "title": "特朗普宣布哈梅内伊已死",
            "original_title": "",
            "source_platform": "抖音热榜",
            "source_url": "https://www.douyin.com/hot/2414924",
            "content": "特朗普宣布哈梅内伊已死",
            "image": "images/rank6_特朗普宣布哈_20260301_061939.jpg"
        },
        {
            "rank": 7,
            "title": "小米超跑正式亮相",
            "original_title": "",
            "source_platform": "抖音热榜",
            "source_url": "https://www.douyin.com/hot/2414918",
            "content": "小米超跑正式亮相",
            "image": "images/rank7_小米超跑正式_20260301_061939.jpg"
        },
        {
            "rank": 8,
            "title": "我国最大采煤沉陷区光伏基地投运",
            "original_title": "",
            "source_platform": "抖音热榜",
            "source_url": "https://www.douyin.com/hot/2414285",
            "content": "我国最大采煤沉陷区光伏基地投运",
            "image": "images/rank8_我国最大采煤_20260301_061939.jpg"
        },
        {
            "rank": 9,
            "title": "黄金连续上涨7个月",
            "original_title": "",
            "source_platform": "抖音热榜",
            "source_url": "https://www.douyin.com/hot/2414709",
            "content": "黄金连续上涨7个月",
            "image": "images/rank9_黄金连续上涨_20260301_061939.jpg"
        }
    ],
    "timestamp": "20260301_061939"
}