{
    "news": [
        {
            "rank": 0,
            "title": "纪念钞炒到2000元？",
            "original_title": "",
            "source_platform": "",
            "source_url": "",
            "content": "",
            "image": ""
        },
        {
            "rank": 1,
            "title": "马年纪念钞被炒至2000元",
            "original_title": "",
            "source_platform": "环球网",
            "source_url": "https://baijiahao.baidu.com/s?id=1854816541497964051",
            "content": "2026年马年贺岁纪念钞面额400元，在二手市场被炒至2000元，专家提醒高价接盘风险高。",
            "image": "images/rank1_马年纪念钞被_20260120_183727.jpg"
        },
        {
            "rank": 2,
            "title": "春运将动态加开夜间高铁",
            "original_title": "",
            "source_platform": "央视新闻",
            "source_url": "https://baijiahao.baidu.com/s?id=1854799796521195041",
            "content": "春运临近，铁路部门将根据大数据动态调整售票策略，针对重点客流方向及时加开夜间高铁。",
            "image": "images/rank2_春运将动态加_20260120_183727.jpg"
        },
        {
            "rank": 3,
            "title": "悬空寺风力让游客“凌乱”",
            "original_title": "",
            "source_platform": "伍视频",
            "source_url": "https://baijiahao.baidu.com/s?id=1854821985993806422",
            "content": "真人实测悬空寺风力强劲，游客在风中“凌乱”，视频引发关注。",
            "image": "images/rank3_悬空寺风力让_20260120_183727.jpg"
        },
        {
            "rank": 4,
            "title": "景区演员大雪中坚持演出",
            "original_title": "",
            "source_platform": "极目新闻",
            "source_url": "https://baijiahao.baidu.com/s?id=1854819341100608123",
            "content": "河南开封万岁山武侠城演员在雨雪天气中坚持演出，网友直呼敬业，景区回应已采取保暖措施。",
            "image": "images/rank4_景区演员大雪_20260120_183727.jpg"
        },
        {
            "rank": 5,
            "title": "宝宝闻到妈妈味道瞬间安静",
            "original_title": "",
            "source_platform": "民生大参考",
            "source_url": "https://baijiahao.baidu.com/s?id=1854805285974086002",
            "content": "山东一刚出生宝宝不停哭泣，但感受到妈妈的味道和抚摸后瞬间安静，网友称这是本能的安全感。",
            "image": "images/rank5_宝宝闻到妈妈_20260120_183727.jpg"
        },
        {
            "rank": 6,
            "title": "现货黄金突破4700美元",
            "original_title": "",
            "source_platform": "财联社",
            "source_url": "https://www.toutiao.com/article/7597306030581727744/",
            "content": "受格陵兰岛紧张局势影响，现货黄金涨0.63%突破4700美元/盎司大关，再创历史新高。",
            "image": "images/rank6_现货黄金突破_20260120_183727.jpg"
        },
        {
            "rank": 7,
            "title": "相声艺术家杨振华逝世",
            "original_title": "",
            "source_platform": "北京日报",
            "source_url": "https://www.toutiao.com/article/7597222752356991515/",
            "content": "著名相声表演艺术家杨振华于2026年1月19日在沈阳逝世，享年90岁，为非遗“沈阳相声”传承人。",
            "image": "images/rank7_相声艺术家杨_20260120_183727.jpg"
        },
        {
            "rank": 8,
            "title": "江浙沪多地迎来降雪",
            "original_title": "",
            "source_platform": "环球网",
            "source_url": "https://www.toutiao.com/article/7597225413508612623/",
            "content": "上海、江苏、浙江等多地迎来明显降雪，不少地区积雪覆盖，市民纷纷拍照记录。",
            "image": "images/rank8_江浙沪多地迎_20260120_183727.jpg"
        },
        {
            "rank": 9,
            "title": "安徽大部最高气温不足0℃",
            "original_title": "",
            "source_platform": "大皖新闻",
            "source_url": "https://www.toutiao.com/w/1854794678288713/",
            "content": "安徽多地出现明显降雪，1月20日大寒节气，全省大部最高气温不足0℃，不少地方出现“冰日”。",
            "image": "images/rank9_安徽大部最高_20260120_183727.jpg"
        }
    ],
    "timestamp": "20260120_183727"
}