{
    "news": [
        {
            "rank": 0,
            "title": "毒蛙杀机与北极军演",
            "original_title": "",
            "source_platform": "",
            "source_url": "",
            "content": "",
            "image": ""
        },
        {
            "rank": 1,
            "title": "英欧多国指控俄用箭毒蛙毒素杀害纳瓦尔尼",
            "original_title": "Russia killed opposition leader Alexei Navalny using dart frog toxin, UK says",
            "source_platform": "BBC News",
            "source_url": "https://www.bbc.com/news/articles/cwyk4lz4e3eo",
            "content": "英国及欧洲多国称，俄罗斯反对派领袖纳瓦尔尼死于一种从箭毒蛙毒素中提取的毒物，并指控克里姆林宫是唯一可能的凶手。",
            "image": "images/rank1_英欧多国指控_20260215_062009.jpg"
        },
        {
            "rank": 2,
            "title": "美卿鲁比奥称美欧命运交织但需变革",
            "original_title": "Rubio says US and Europe 'belong together' despite tensions",
            "source_platform": "BBC News",
            "source_url": "https://www.bbc.com/news/articles/c2lrdq47149o",
            "content": "美国国务卿鲁比奥在慕尼黑安全会议上表示，美国不会放弃跨大西洋联盟，但批评了欧洲的移民、贸易和气候政策。",
            "image": "images/rank2_美卿鲁比奥称_20260215_062009.jpg"
        },
        {
            "rank": 3,
            "title": "英首相宣布将向北极部署航母战斗群",
            "original_title": "Britain will deploy warships to the Arctic, Starmer tells Munich Security Conference",
            "source_platform": "Sky News",
            "source_url": "https://news.sky.com/story/britain-will-deploy-warships-to-the-arctic-starmer-tells-munich-security-conference-13507419",
            "content": "英国首相斯塔默宣布，今年将向北大西洋和北极地区部署以“威尔士亲王”号航母为首的航母战斗群，以展示对盟友的承诺。",
            "image": "images/rank3_英首相宣布将_20260215_062009.jpg"
        },
        {
            "rank": 4,
            "title": "美知名演员范德比克患癌去世，医疗债务压垮家庭",
            "original_title": "He was once a teen 'superstar'. Why did James Van Der Beek need help to pay his medical bills?",
            "source_platform": "BBC News",
            "source_url": "https://www.bbc.com/news/articles/cx2dw01p7k8o",
            "content": "曾主演《恋爱时代》的美国演员詹姆斯·范德比克因结直肠癌去世，其家庭因巨额医疗费用陷入困境，需众筹以避免失去住房。",
            "image": "images/rank4_美知名演员范_20260215_062009.jpg"
        },
        {
            "rank": 5,
            "title": "古巴因美国封锁燃料短缺，年度雪茄节被迫取消",
            "original_title": "Cuban cigar festival called off as US blockade worsens energy crisis",
            "source_platform": "BBC News",
            "source_url": "https://www.bbc.com/news/articles/c0q30k2xzk2o",
            "content": "由于美国石油封锁导致燃料严重短缺，古巴首都哈瓦那的年度雪茄节被迫无限期推迟，成为经济危机的最新受害者。",
            "image": "images/rank5_古巴因美国封_20260215_062009.jpg"
        },
        {
            "rank": 6,
            "title": "罗比与埃洛迪宣传期亲密互动引粉丝反感",
            "original_title": "Why Margot Robbie and Jacob Elordi's 'mutual obsession' is giving some fans the ick",
            "source_platform": "BBC News",
            "source_url": "https://www.bbc.com/news/articles/c3wlpn9gw2yo",
            "content": "玛格特·罗比与雅各布·埃洛迪在宣传新片《呼啸山庄》期间互动亲密，引发炒作恋情传闻的质疑，部分粉丝表示反感。",
            "image": "images/rank6_罗比与埃洛迪_20260215_062009.jpg"
        },
        {
            "rank": 7,
            "title": "巴西家庭实践多伴侣关系引关注",
            "original_title": "Love Without Limits: Brazil Flirts With Polyamory",
            "source_platform": "New York Times",
            "source_url": "https://www.nytimes.com/2026/02/14/world/americas/brazil-polyamory-non-monogamy-catholic.html",
            "content": "巴西一个家庭公开实践多伴侣关系，多名伴侣共同生活并抚养孩子，反映了该国社会对非传统关系模式的日益开放。",
            "image": "images/rank7_巴西家庭实践_20260215_062009.jpg"
        },
        {
            "rank": 8,
            "title": "英国女子假肢被海浪卷走，近一年后奇迹寻回",
            "original_title": "The Sea Took Her Prosthetic Leg. Months Later, It Gave It Back.",
            "source_platform": "New York Times",
            "source_url": "https://www.nytimes.com/2026/02/14/world/europe/sea-prosthetic-leg-limb.html",
            "content": "英国一名女子在海边游泳时，其防水钛合金假肢被海浪卷走。近一年后，该假肢竟被冲回岸边，奇迹般失而复得。",
            "image": "images/rank8_英国女子假肢_20260215_062009.jpg"
        },
        {
            "rank": 9,
            "title": "苏格兰精酿啤酒巨头BrewDog寻求出售",
            "original_title": "BrewDog owners call time on craft beer pioneer",
            "source_platform": "Sky News",
            "source_url": "https://news.sky.com/story/brewdog-owners-call-time-on-craft-beer-pioneer-13507398",
            "content": "苏格兰知名精酿啤酒商BrewDog已聘请顾问筹备出售事宜，此举可能导致这家标志性企业被拆分。",
            "image": "images/rank9_苏格兰精酿啤_20260215_062009.jpg"
        }
    ],
    "timestamp": "20260215_062009"
}