{
    "news": [
        {
            "rank": 0,
            "title": "风暴之眼：地缘博弈、科技浪潮与全球社会脉动",
            "content": ""
        },
        {
            "rank": 1,
            "title": "格陵兰总理表态：若需选择，将优先考虑丹麦",
            "source_platform": "BBC News",
            "source_url": "https://www.bbc.com/news/articles/c4g3kw5ezepo",
            "content": "格陵兰总理表示，若被要求立即做出选择，其人民将选择丹麦而非美国。此番言论回应了美国前总统特朗普关于购买或吞并该岛的言论。",
            "image": "images/rank1_格陵兰总_20260114_063408.jpg"
        },
        {
            "rank": 2,
            "title": "《呆伯特》漫画家斯科特·亚当斯因癌去世",
            "source_platform": "BBC News",
            "source_url": "https://www.bbc.com/news/articles/c5y320k72vyo",
            "content": "美国著名讽刺漫画《呆伯特》的作者斯科特·亚当斯因癌症去世，享年68岁。该漫画曾因作者发表种族主义言论而遭多家报纸停载。",
            "image": "images/rank2__呆伯特_20260114_063408.jpg"
        },
        {
            "rank": 3,
            "title": "克林顿缺席爱泼斯坦听证会，共和党人誓言追究其藐视国会罪",
            "source_platform": "BBC News",
            "source_url": "https://www.bbc.com/news/articles/cj6w17ykd89o",
            "content": "美国前总统比尔·克林顿未出席国会关于爱泼斯坦案的听证会，众议院监督委员会主席誓言将启动藐视国会程序。",
            "image": "images/rank3_克林顿缺_20260114_063408.jpg"
        },
        {
            "rank": 4,
            "title": "美国扣押的违规油轮现身苏格兰海域补给",
            "source_platform": "BBC News",
            "source_url": "https://www.bbc.com/news/articles/cr57v650380o",
            "content": "美国上周在北大西洋扣押的一艘涉嫌违反制裁的油轮，已抵达苏格兰莫里湾进行食品和淡水补给，随后将继续航行。",
            "image": "images/rank4_美国扣押_20260114_063408.jpg"
        },
        {
            "rank": 5,
            "title": "歌手胡里奥·伊格莱西亚斯因性侵指控接受西班牙司法调查",
            "source_platform": "BBC News",
            "source_url": "https://www.bbc.com/news/articles/c4gl8e38m4zo",
            "content": "两名女性指控西班牙传奇歌手胡里奥·伊格莱西亚斯在其雇佣期间对其实施性侵，西班牙司法部门已就此展开调查。",
            "image": "images/rank5_歌手胡里_20260114_063408.jpg"
        },
        {
            "rank": 6,
            "title": "微软公布计划应对AI数据中心推高电费问题",
            "source_platform": "CNN",
            "source_url": "https://edition.cnn.com/2026/01/13/tech/microsoft-ai-data-centers-electricity-bills-plan",
            "content": "微软宣布一项新计划，旨在解决人工智能数据中心快速增长可能导致的居民电费上涨问题，寻求更可持续的能源解决方案。",
            "image": "images/rank6_微软公布_20260114_063408.jpg"
        },
        {
            "rank": 7,
            "title": "菲律宾垃圾填埋场坍塌致1死27失踪",
            "source_platform": "CNN",
            "source_url": "https://edition.cnn.com/2026/01/09/asia/landfill-collapse-philippines-intl-hnk",
            "content": "菲律宾警方称，一处垃圾填埋场发生坍塌事故，已造成至少1人死亡，27人失踪，救援工作正在进行中。",
            "image": "images/rank7_菲律宾垃_20260114_063408.jpg"
        },
        {
            "rank": 8,
            "title": "英国调查马斯克旗下X平台Grok AI生成性化图像问题",
            "source_platform": "New York Times",
            "source_url": "https://www.nytimes.com/2026/01/12/world/europe/grok-ai-images-x-elon-musk-uk.html",
            "content": "英国监管机构对埃隆·马斯克旗下社交平台X展开调查，焦点是其AI聊天机器人Grok被指生成性化图像的问题。",
            "image": ""
        },
        {
            "rank": 9,
            "title": "美国最高法院将审理跨性别学生体育参赛权案",
            "source_platform": "New York Times",
            "source_url": "https://www.nytimes.com/2026/01/12/us/politics/supreme-court-transgender-sports.html",
            "content": "美国最高法院将审理西弗吉尼亚州一起案件，裁定该州禁止跨性别女孩参加女子学校体育运动的法案是否违宪。",
            "image": "images/rank9_美国最高_20260114_063408.jpg"
        }
    ],
    "timestamp": "20260114_063408"
}