{
    "news": [
        {
            "rank": 0,
            "title": "手机涨价谁最受伤？",
            "original_title": "",
            "source_platform": "",
            "source_url": "",
            "content": "",
            "image": ""
        },
        {
            "rank": 1,
            "title": "手机集体涨价 谁最受伤",
            "original_title": "",
            "source_platform": "中新经纬",
            "source_url": "https://baijiahao.baidu.com/s?id=1858369860382717810",
            "content": "3月国内小米、OPPO、vivo、荣耀等手机将集体涨价，整体涨幅约18%，主因存储芯片成本暴涨。",
            "image": "images/rank1_手机集体涨价_20260301_061939.jpg"
        },
        {
            "rank": 2,
            "title": "五金店变精品店引围观",
            "original_title": "",
            "source_platform": "star星视频",
            "source_url": "https://baijiahao.baidu.com/s?id=1858397552971563134",
            "content": "福建一家五金店因店主强迫症式收纳，货架整齐如精品店，路人纷纷进店围观。",
            "image": "images/rank2_五金店变精品_20260301_061939.jpg"
        },
        {
            "rank": 3,
            "title": "女孩喂狮子被隔栏抓腿",
            "original_title": "",
            "source_platform": "伍视频",
            "source_url": "https://baijiahao.baidu.com/s?id=1858376427672070957",
            "content": "一小女孩喂食被狮子隔栏抓腿，男子拼命拽人28秒“狮口逃生”。饲养员违规被调离岗位。",
            "image": "images/rank3_女孩喂狮子被_20260301_061939.jpg"
        },
        {
            "rank": 4,
            "title": "高铁厕所紧急按钮用法",
            "original_title": "",
            "source_platform": "新华社",
            "source_url": "https://baijiahao.baidu.com/s?id=1858368063263320443",
            "content": "高铁无障碍卫生间设有紧急呼救按钮，乘客摔倒或不适时可按下，工作人员能及时提供帮助。",
            "image": "images/rank4_高铁厕所紧急_20260301_061939.jpg"
        },
        {
            "rank": 5,
            "title": "五粮液董事长接受审查调查",
            "original_title": "",
            "source_platform": "界面新闻",
            "source_url": "https://news.qq.com/rain/a/20260228A07CGN00",
            "content": "四川省宜宾五粮液集团有限公司党委书记、董事长曾从钦涉嫌严重违纪违法，正接受审查调查。",
            "image": "images/rank5_五粮液董事长_20260301_061939.jpg"
        },
        {
            "rank": 6,
            "title": "机票涨至382万元系误操作",
            "original_title": "",
            "source_platform": "每日经济新闻",
            "source_url": "https://news.qq.com/rain/a/20260228A071TE00",
            "content": "票务平台显示叙利亚首都飞上海机票涨至382万元，知情人士称可能是供应商后台人工录入价格失误。",
            "image": "images/rank6_机票涨至38_20260301_061939.jpg"
        },
        {
            "rank": 7,
            "title": "最高法明确恶意诉讼认定标准",
            "original_title": "",
            "source_platform": "澎湃新闻",
            "source_url": "https://news.qq.com/rain/a/20260228A06SAF00",
            "content": "最高法发布指导性案例，明确明知无权利基础仍起诉构成恶意诉讼，需承担损害赔偿责任。",
            "image": "images/rank7_最高法明确恶_20260301_061939.jpg"
        },
        {
            "rank": 8,
            "title": "大熊猫“半半”“香果”因病死亡",
            "original_title": "",
            "source_platform": "环球网",
            "source_url": "https://news.qq.com/rain/a/20260228A06CPE00",
            "content": "杭州野生动物世界大熊猫“半半”和杭州动物园大熊猫“香果”因病救治无效先后死亡，官方将开展进一步调查。",
            "image": "images/rank8_大熊猫_半半_20260301_061939.jpg"
        },
        {
            "rank": 9,
            "title": "巴菲特2025年业绩增长11%",
            "original_title": "",
            "source_platform": "财联社",
            "source_url": "https://news.qq.com/rain/a/20260228A07LBX00",
            "content": "伯克希尔哈撒韦披露2025年业绩，每股市值增长10.9%，1964-2025年累计增幅提升至6万倍。",
            "image": "images/rank9_巴菲特202_20260301_061939.jpg"
        }
    ],
    "timestamp": "20260301_061939"
}