{
    "news": [
        {
            "rank": 0,
            "title": "联合国要破产了？",
            "original_title": "",
            "source_platform": "",
            "source_url": "",
            "content": "",
            "image": ""
        },
        {
            "rank": 1,
            "title": "前CNN主播莱蒙因反ICE抗议被捕，面临联邦指控",
            "original_title": "Former CNN host Don Lemon faces charges after anti-ICE protest at Minnesota church",
            "source_platform": "BBC News",
            "source_url": "https://www.bbc.com/news/articles/c24gm3dz36po",
            "content": "前CNN主播唐·莱蒙因进入明尼苏达州一座教堂拍摄反移民执法抗议活动被捕，将面临“共谋剥夺权利”等联邦指控。",
            "image": "images/rank1_前CNN主播_20260131_062141.jpg"
        },
        {
            "rank": 2,
            "title": "联合国秘书长警告：联合国面临“迫在眉睫的财政崩溃”",
            "original_title": "UN risks 'imminent financial collapse', secretary general warns",
            "source_platform": "BBC News",
            "source_url": "https://www.bbc.com/news/articles/cr579mdv4m7o",
            "content": "联合国秘书长古特雷斯警告，因成员国拖欠会费，联合国面临“迫在眉睫的财政崩溃”，资金可能在7月耗尽。",
            "image": "images/rank2_联合国秘书长_20260131_062141.jpg"
        },
        {
            "rank": 3,
            "title": "《小鬼当家》女星凯瑟琳·欧哈拉去世，享年71岁",
            "original_title": "Schitt's Creek and Home Alone star Catherine O'Hara dies aged 71",
            "source_platform": "BBC News",
            "source_url": "https://www.bbc.com/news/articles/czr4jn4621lo",
            "content": "因出演《小鬼当家》和《富家穷路》而闻名的喜剧女演员凯瑟琳·欧哈拉在洛杉矶家中去世，享年71岁。",
            "image": "images/rank3__小鬼当家__20260131_062141.jpg"
        },
        {
            "rank": 4,
            "title": "特朗普提名凯文·沃什为下一任美联储主席",
            "original_title": "Trump picks Kevin Warsh to lead the US Federal Reserve",
            "source_platform": "BBC News",
            "source_url": "https://www.bbc.com/news/articles/c2d7yddrl2xo",
            "content": "美国总统特朗普提名前美联储理事凯文·沃什为下一任美联储主席，接替任期将满的杰罗姆·鲍威尔。",
            "image": "images/rank4_特朗普提名凯_20260131_062141.jpg"
        },
        {
            "rank": 5,
            "title": "两岁男童在托儿所失踪，一小时后在沙箱内被找到",
            "original_title": "Two-year-old found in grit bin after going missing at nursery",
            "source_platform": "BBC News",
            "source_url": "https://www.bbc.com/news/articles/c8j32wpxxero",
            "content": "英国爱丁堡一名两岁男童在托儿所失踪，一小时后被发现困在游乐场一个封闭的沙箱内，身体失温且血液盐分升高。",
            "image": "images/rank5_两岁男童在托_20260131_062141.jpg"
        },
        {
            "rank": 6,
            "title": "布里斯班公布23亿澳元奥运主场馆设计，灵感源自民居",
            "original_title": "Plans for $2.3 billion stadium ignite debate in 2032 Olympics host city",
            "source_platform": "CNN",
            "source_url": "https://edition.cnn.com/2026/01/07/style/australia-brisbane-olympic-stadium-victoria-park-hnk-intl",
            "content": "澳大利亚布里斯班公布2032年奥运会主场馆设计，造价23亿澳元，灵感源自当地典型的“昆士兰”民居风格。",
            "image": "images/rank6_布里斯班公布_20260131_062141.jpg"
        },
        {
            "rank": 7,
            "title": "iPhone 17销售强劲，缓解华尔街对苹果AI进展的担忧",
            "original_title": "The iPhone 17 is easing Wall Street’s concerns about Apple’s AI troubles",
            "source_platform": "CNN",
            "source_url": "https://edition.cnn.com/2026/01/29/tech/apple-earnings-iphone-17-sales-ai",
            "content": "苹果公司最新财报显示，iPhone 17销售强劲，推动季度营收远超预期，缓解了市场对其在人工智能领域落后的担忧。",
            "image": "images/rank7_iPhone_20260131_062141.jpg"
        },
        {
            "rank": 8,
            "title": "叙利亚政府与库尔德武装达成协议，将合并军事力量",
            "original_title": "Syrian Government and Kurdish-Led Militia Seal a Deal to Merge Forces",
            "source_platform": "New York Times",
            "source_url": "https://www.nytimes.com/2026/01/30/world/middleeast/syria-kurd-sdf-agreement.html",
            "content": "叙利亚政府与库尔德武装“叙利亚民主军”达成全面协议，将把库尔德部队整合进叙利亚军队，以结束东北部冲突。",
            "image": "images/rank8_叙利亚政府与_20260131_062141.jpg"
        },
        {
            "rank": 9,
            "title": "英国皇家邮政深陷困境，民众抱怨邮件投递严重延误",
            "original_title": "A Challenge for Britain’s Royal Mail: Proving It Can Deliver the Mail",
            "source_platform": "New York Times",
            "source_url": "https://www.nytimes.com/2026/01/30/world/europe/uk-royal-mail-post-service-delays.html",
            "content": "英国皇家邮政近期因邮件投递严重延误而备受批评，民众抱怨其服务已大不如前，无法按时送达重要信件。",
            "image": "images/rank9_英国皇家邮政_20260131_062141.jpg"
        }
    ],
    "timestamp": "20260131_062141"
}