{
    "news": [
        {
            "rank": 0,
            "title": "【轰动】风波再起！众明星卷入，谁能独善其身？",
            "original_title": "",
            "source_platform": "",
            "source_url": "",
            "content": "",
            "image": ""
        },
        {
            "rank": 1,
            "title": "小沈阳女儿沈佳润搭档成龙唱春节档推广曲",
            "original_title": "",
            "source_platform": "腾讯娱乐",
            "source_url": "https://news.qq.com/rain/a/20260209V0416X00",
            "content": "小沈阳女儿沈佳润搭档成龙唱春节档推广曲",
            "image": "images/rank1_小沈阳女儿沈_20260209_190223.jpg"
        },
        {
            "rank": 2,
            "title": "评委惨遭回怼，吴克群：你在教我唱歌？",
            "original_title": "",
            "source_platform": "腾讯娱乐",
            "source_url": "https://news.qq.com/rain/a/20260209V039TD00",
            "content": "评委惨遭回怼，吴克群：你在教我唱歌？",
            "image": "images/rank2_评委惨遭回怼_20260209_190223.jpg"
        },
        {
            "rank": 3,
            "title": "具俊晔庆祝与大S结婚四周年",
            "original_title": "",
            "source_platform": "腾讯娱乐",
            "source_url": "https://news.qq.com/rain/a/20260209V02J8D00",
            "content": "具俊晔庆祝与大S结婚四周年",
            "image": "images/rank3_具俊晔庆祝与_20260209_190223.jpg"
        },
        {
            "rank": 4,
            "title": "董宇辉回应李亚鹏力挺",
            "original_title": "",
            "source_platform": "腾讯娱乐",
            "source_url": "https://news.qq.com/rain/a/20260208A065S000",
            "content": "董宇辉回应李亚鹏力挺",
            "image": "images/rank4_董宇辉回应李_20260209_190223.jpg"
        },
        {
            "rank": 5,
            "title": "金-卡戴珊与汉密尔顿同框亮相超级碗",
            "original_title": "",
            "source_platform": "腾讯娱乐",
            "source_url": "https://news.qq.com/rain/a/20260209A01YQY00",
            "content": "金-卡戴珊与汉密尔顿同框亮相超级碗",
            "image": "images/rank5_金-卡戴珊与_20260209_190223.jpg"
        },
        {
            "rank": 6,
            "title": "历年中场秀名场面：杰克逊最贵",
            "original_title": "",
            "source_platform": "腾讯娱乐",
            "source_url": "https://news.qq.com/rain/a/20260209V032OM00",
            "content": "历年中场秀名场面：杰克逊最贵",
            "image": "images/rank6_历年中场秀名_20260209_190223.jpg"
        },
        {
            "rank": 7,
            "title": "谷爱凌携手队友冲击中国首金",
            "original_title": "",
            "source_platform": "抖音热榜",
            "source_url": "https://www.douyin.com/hot/2394303",
            "content": "谷爱凌携手队友冲击中国首金",
            "image": "images/rank7_谷爱凌携手队_20260209_190223.jpg"
        },
        {
            "rank": 8,
            "title": "百大厨神年夜饭菜谱发布",
            "original_title": "",
            "source_platform": "抖音热榜",
            "source_url": "https://www.douyin.com/hot/2394539",
            "content": "百大厨神年夜饭菜谱发布",
            "image": "images/rank8_百大厨神年夜_20260209_190223.jpg"
        },
        {
            "rank": 9,
            "title": "B站首届AI春晚！",
            "original_title": "",
            "source_platform": "秋芝2046",
            "source_url": "https://www.bilibili.com/video/BV1duFrztESM",
            "content": "B站首届AI春晚！",
            "image": "images/rank9_B站首届AI_20260209_190223.jpg"
        }
    ],
    "timestamp": "20260209_190223"
}