{
    "news": [
        {
            "rank": 0,
            "title": "巨头丑闻炸锅！",
            "original_title": "",
            "source_platform": "",
            "source_url": "",
            "content": "",
            "image": ""
        },
        {
            "rank": 1,
            "title": "邮件证实安德鲁王子与爱泼斯坦案受害者合影为真",
            "original_title": "Email appears to confirm Andrew and Virginia Giuffre photo is real",
            "source_platform": "BBC News",
            "source_url": "https://www.bbc.com/news/articles/cvgp2xx7gxjo",
            "content": "最新披露的爱泼斯坦文件显示，一封据称来自吉斯莱恩·麦克斯韦的邮件证实，安德鲁王子与指控其性侵的弗吉尼亚·朱弗雷的合影是真实的。",
            "image": "images/rank1_邮件证实安德_20260205_062417.jpg"
        },
        {
            "rank": 2,
            "title": "特朗普呼吁美国“翻篇”爱泼斯坦案",
            "original_title": "Trump says America should move on from Epstein - it may not be that easy",
            "source_platform": "BBC News",
            "source_url": "https://www.bbc.com/news/articles/cy4gj71z0m0o",
            "content": "特朗普总统表示国家应“翻篇”爱泼斯坦案，但国会调查仍在继续，受害者要求更多文件披露，此事难以平息。",
            "image": "images/rank2_特朗普呼吁美_20260205_062417.jpg"
        },
        {
            "rank": 3,
            "title": "美最高法院允许加州使用有利民主党新版选区地图",
            "original_title": "Supreme Court allows California to use new voting map boosting Democrats",
            "source_platform": "BBC News",
            "source_url": "https://www.bbc.com/news/articles/ckgyvn5gv25o",
            "content": "美国最高法院为加州使用有利于民主党的新版国会选区地图扫清障碍，该党有望在中期选举中增加最多五个席位。",
            "image": "images/rank3_美最高法院允_20260205_062417.jpg"
        },
        {
            "rank": 4,
            "title": "梅琳达·盖茨称爱泼斯坦文件勾起痛苦婚姻回忆",
            "original_title": "'Painful times in my marriage' - Melinda French Gates reacts to ex-husband in Epstein files",
            "source_platform": "BBC News",
            "source_url": "https://www.bbc.com/news/articles/cr4kyk9nv5lo",
            "content": "梅琳达·盖茨表示，前夫比尔·盖茨出现在爱泼斯坦文件中，勾起了她婚姻中“非常痛苦的时光”的回忆。",
            "image": "images/rank4_梅琳达_盖茨_20260205_062417.jpg"
        },
        {
            "rank": 5,
            "title": "罗马教堂天使壁画因酷似意总理被涂改",
            "original_title": "Church fresco resembling Italian PM has face scrubbed out",
            "source_platform": "BBC News",
            "source_url": "https://www.bbc.com/news/articles/cx2peyjzgl3o",
            "content": "罗马一座教堂壁画中天使的面部因酷似意大利总理梅洛尼引发争议，艺术家在梵蒂冈要求下将其涂掉，将恢复原貌。",
            "image": "images/rank5_罗马教堂天使_20260205_062417.jpg"
        },
        {
            "rank": 6,
            "title": "男子因2024年企图刺杀特朗普被判终身监禁",
            "original_title": "Man sentenced to life in prison for 2024 attempt on Trump's life",
            "source_platform": "BBC News",
            "source_url": "https://www.bbc.com/news/articles/cre2gjj3pxpo",
            "content": "瑞安·劳斯因2024年在佛罗里达州高尔夫球场企图刺杀时任总统候选人特朗普，被判处终身监禁。",
            "image": "images/rank6_男子因202_20260205_062417.jpg"
        },
        {
            "rank": 7,
            "title": "挪威王储之子庭审中落泪，承认生活糜烂",
            "original_title": "Son of Norway's crown princess holds back tears giving evidence at rape trial",
            "source_platform": "BBC News",
            "source_url": "https://www.bbc.com/news/articles/c23rdxjjp4po",
            "content": "挪威王储之子在强奸案庭审中落泪，承认自己因极度渴望认可而过着派对、毒品和酒精充斥的生活。",
            "image": "images/rank7_挪威王储之子_20260205_062417.jpg"
        },
        {
            "rank": 8,
            "title": "《华盛顿邮报》宣布大规模裁员，缩减新闻覆盖",
            "original_title": "Washington Post announces sweeping layoffs, scaling back news coverage",
            "source_platform": "BBC News",
            "source_url": "https://www.bbc.com/news/articles/cwyn05d1494o",
            "content": "《华盛顿邮报》宣布裁员三分之一，将大幅缩减体育和国际新闻的报道规模，以应对业务挑战。",
            "image": "images/rank8__华盛顿邮报_20260205_062417.jpg"
        },
        {
            "rank": 9,
            "title": "荷兰王后马克西玛参军，以支持本国武装力量",
            "original_title": "Dutch Queen Joins Armed Forces in Symbolic Move of Support for Military",
            "source_platform": "New York Times",
            "source_url": "https://www.nytimes.com/2026/02/04/world/europe/netherlands-queen-maxima-military.html",
            "content": "荷兰王后马克西玛以预备役身份加入荷兰陆军，象征性地支持本国武装力量，响应欧洲加强防务的呼声。",
            "image": "images/rank9_荷兰王后马克_20260205_062417.jpg"
        }
    ],
    "timestamp": "20260205_062417"
}