{
    "news": [
        {
            "rank": 0,
            "title": "老虎断食？羊去哪了？",
            "original_title": "",
            "source_platform": "",
            "source_url": "",
            "content": "",
            "image": ""
        },
        {
            "rank": 1,
            "title": "女儿返程怕行李超重 母亲搬出传家宝",
            "original_title": "",
            "source_platform": "潇湘晨报",
            "source_url": "https://baijiahao.baidu.com/s?id=1857906958174890913",
            "content": "山东潍坊一女子春节后返程担心行李超重，母亲特意搬出家中旧秤帮忙称重，画面走红网络。",
            "image": "images/rank1_女儿返程怕行_20260223_185702.jpg"
        },
        {
            "rank": 2,
            "title": "哈尔滨300多只东北虎轮流“轻断食”",
            "original_title": "",
            "source_platform": "九派新闻",
            "source_url": "https://baijiahao.baidu.com/s?id=1857886508481873089",
            "content": "哈尔滨东北虎林园游客激增，园区为应对高频投喂压力，对300多只东北虎启动“轻断食”轮休计划。",
            "image": "images/rank2_哈尔滨300_20260223_185702.jpg"
        },
        {
            "rank": 3,
            "title": "36斤活羊烤完仅剩6.9斤 商家称正常",
            "original_title": "",
            "source_platform": "荔枝新闻",
            "source_url": "https://baijiahao.baidu.com/s?id=1857896640827703718",
            "content": "重庆市民购买36斤活羊套餐，烤全羊上桌后仅剩6.9斤，商家解释称“喜欢运动的羊烤出来不一样”。",
            "image": "images/rank3_36斤活羊烤_20260223_185702.jpg"
        },
        {
            "rank": 4,
            "title": "提前返程的聪明人连电饭锅都带了",
            "original_title": "",
            "source_platform": "潇湘晨报",
            "source_url": "https://baijiahao.baidu.com/s?id=1857888034047683265",
            "content": "浙江黄女士连续第三年带焖好饭的电饭煲上路，利用保温功能在春运堵车时也能吃上热乎乎的饭菜。",
            "image": "images/rank4_提前返程的聪_20260223_185702.jpg"
        },
        {
            "rank": 5,
            "title": "突破80亿！2026中国电影票房暂列第一",
            "original_title": "",
            "source_platform": "央视新闻",
            "source_url": "https://baijiahao.baidu.com/s?id=1857897778207950356",
            "content": "2026年年度电影总票房（含预售）突破80亿元，暂列全球单一市场票房第一。",
            "image": "images/rank5_突破80亿__20260223_185702.jpg"
        },
        {
            "rank": 6,
            "title": "摄影界来了个天才 把老虎拍得比山大",
            "original_title": "",
            "source_platform": "极目视频",
            "source_url": "https://baijiahao.baidu.com/s?id=1857907225844033345",
            "content": "江苏网友利用“近大远小”视觉错位拍摄老虎，使其在照片中显得比山还大，引发网友热议。",
            "image": "images/rank6_摄影界来了个_20260223_185702.jpg"
        },
        {
            "rank": 7,
            "title": "谷爱凌晒金牌霸气回怼外媒挑衅",
            "original_title": "",
            "source_platform": "咪咕体育",
            "source_url": "https://www.toutiao.com/article/7609877967170175538/",
            "content": "谷爱凌在社交媒体晒出冬奥金牌，配文回应此前外媒记者关于“赢得金牌还是输掉银牌”的挑衅提问。",
            "image": "images/rank7_谷爱凌晒金牌_20260223_185702.jpg"
        },
        {
            "rank": 8,
            "title": "高速交警硬核喊话慢速车",
            "original_title": "",
            "source_platform": "长城新媒体",
            "source_url": "https://www.toutiao.com/video/7609981228988497960/",
            "content": "高速交警对慢速行驶车辆进行硬核喊话，提醒驾驶员注意行车安全，避免影响交通流畅。",
            "image": "images/rank8_高速交警硬核_20260223_185702.jpg"
        },
        {
            "rank": 9,
            "title": "广西农民为何热衷种甘蔗",
            "original_title": "",
            "source_platform": "霞光主妇",
            "source_url": "https://www.toutiao.com/w/1857868526668812/",
            "content": "广西农民广泛种植甘蔗，尽管利润不高，但得益于当地适宜的气候土壤条件，甘蔗产业持续发展。",
            "image": "images/rank9_广西农民为何_20260223_185702.jpg"
        }
    ],
    "timestamp": "20260223_185702"
}