{
    "news": [
        {
            "rank": 0,
            "title": "毒枭毙命，墨西哥炸锅",
            "original_title": "",
            "source_platform": "",
            "source_url": "",
            "content": "",
            "image": ""
        },
        {
            "rank": 1,
            "title": "墨西哥毒枭“门乔”毙命后，政府部署数千士兵维稳",
            "original_title": "Mexico sends thousands of soldiers to stop violence after death of drug lord",
            "source_platform": "BBC News",
            "source_url": "https://www.bbc.com/news/articles/cx2lp7xwql4o",
            "content": "墨西哥头号毒枭“门乔”被击毙后，全国多地爆发暴力冲突。政府已部署约9500名士兵加强安全，至少25名国民警卫队成员在冲突中丧生。",
            "image": "images/rank1_墨西哥毒枭__20260224_063733.jpg"
        },
        {
            "rank": 2,
            "title": "BBC为BAFTA转播未剪辑种族歧视言论道歉",
            "original_title": "BBC sorry for airing racial slur shouted by guest with Tourette's at Baftas",
            "source_platform": "BBC News",
            "source_url": "https://www.bbc.com/news/articles/cz6edwg06n1o",
            "content": "英国电影学院奖颁奖礼上，一名患有妥瑞氏症的嘉宾在两名黑人演员上台时喊出种族歧视词汇。BBC因未在延时转播中剪辑该内容而道歉。",
            "image": "images/rank2_BBC为BA_20260224_063733.jpg"
        },
        {
            "rank": 3,
            "title": "FBI局长为与奥运冰球队庆祝辩护",
            "original_title": "FBI boss Kash Patel defends Winter Olympics celebration with USA team",
            "source_platform": "BBC News",
            "source_url": "https://www.bbc.com/news/articles/c0e59n12rlwo",
            "content": "FBI局长卡什·帕特尔因在意大利冬奥会期间与美国冰球队在更衣室庆祝而受到批评。他为此辩护，称自己“深感荣幸”能与金牌队伍共庆。",
            "image": "images/rank3_FBI局长为_20260224_063733.jpg"
        },
        {
            "rank": 4,
            "title": "乌克兰谈判代表讲述与俄罗斯谈判感受",
            "original_title": "Ukraine negotiator tells BBC how it feels to sit across table from Russia",
            "source_platform": "BBC News",
            "source_url": "https://www.bbc.com/news/articles/c89k0lxlpnpo",
            "content": "乌克兰谈判代表表示，与俄罗斯的军事谈判是务实的，但关键在于普京是否愿意下令停战。美国在调解和未来可能的停火监督中扮演关键角色。",
            "image": "images/rank4_乌克兰谈判代_20260224_063733.jpg"
        },
        {
            "rank": 5,
            "title": "动物园为不分离，同日安乐死亲密动物伙伴",
            "original_title": "Much-loved unlikely animal friends die on same day",
            "source_platform": "BBC News",
            "source_url": "https://www.bbc.com/news/articles/c363jnd4p51o",
            "content": "英国纽基动物园一只水豚和一只貘因年迈健康问题，被选择在同一天实施安乐死，以确保它们不会在失去伴侣后感到孤独。",
            "image": "images/rank5_动物园为不分_20260224_063733.jpg"
        },
        {
            "rank": 6,
            "title": "曼迪·摩尔夫妇在洛杉矶山火后重建梦想家园",
            "original_title": "Mandy Moore and Taylor Goldsmith nearly lost their dream home in the LA fires. Here’s how they rebuilt",
            "source_platform": "CNN",
            "source_url": "https://edition.cnn.com/2026/02/11/style/mandy-moore-home-altadena-ad",
            "content": "美国女星曼迪·摩尔与音乐家丈夫在洛杉矶山火中几乎失去梦想家园。他们耗时数年进行重建，并在《建筑文摘》中分享了这一历程。",
            "image": "images/rank6_曼迪_摩尔夫_20260224_063733.jpg"
        },
        {
            "rank": 7,
            "title": "布里斯班公布2032年奥运主场馆设计，引发争议",
            "original_title": "Plans for $2.3 billion stadium ignite debate in 2032 Olympics host city",
            "source_platform": "CNN",
            "source_url": "https://edition.cnn.com/2026/01/07/style/australia-brisbane-olympic-stadium-victoria-park-hnk-intl",
            "content": "澳大利亚布里斯班公布2032年奥运会主场馆设计方案，灵感来自当地民居“昆士兰人”。这座耗资23亿澳元的场馆计划建在遗产公园内，引发环保争议。",
            "image": "images/rank7_布里斯班公布_20260224_063733.jpg"
        },
        {
            "rank": 8,
            "title": "两届WNBA冠军卡拉·布拉克斯顿车祸去世，享年43岁",
            "original_title": "2-time WNBA champion Kara Braxton dies at 43 after being in a car crash",
            "source_platform": "CNN",
            "source_url": "https://edition.cnn.com/2026/02/23/sport/kara-braxton-dies-at-43",
            "content": "两届WNBA总冠军得主、前底特律震动队球员卡拉·布拉克斯顿在亚特兰大遭遇车祸去世，享年43岁。她曾帮助球队在2006年和2008年夺冠。",
            "image": "images/rank8_两届WNBA_20260224_063733.jpg"
        },
        {
            "rank": 9,
            "title": "英国前驻美大使因涉爱泼斯坦案被捕",
            "original_title": "U.K. Police Arrest Ex-Ambassador to U.S. Amid Epstein Accusations",
            "source_platform": "New York Times",
            "source_url": "https://www.nytimes.com/2026/02/23/world/europe/peter-mandelson-epstein-uk.html",
            "content": "英国前驻美大使彼得·曼德尔森因涉嫌向性犯罪者杰弗里·爱泼斯坦泄露政府机密文件，被警方以“公职人员行为失当”嫌疑逮捕。",
            "image": "images/rank9_英国前驻美大_20260224_063733.jpg"
        }
    ],
    "timestamp": "20260224_063733"
}