{
    "news": [
        {
            "rank": 0,
            "title": "民生趣闻与科技热点精选",
            "content": "",
            "image": ""
        },
        {
            "rank": 1,
            "title": "威海特大暴雪为何这么厉害",
            "source_platform": "北京日报客户端",
            "source_url": "https://baijiahao.baidu.com/s?id=1854017011376815224",
            "content": "威海遭遇特大暴雪，专家解释为山东半岛特有的冷流雪现象，由寒潮经过渤海温暖水域形成。",
            "image": "images/rank1_威海特大_20260111_221734.jpg"
        },
        {
            "rank": 2,
            "title": "“个人医保云”建设试点启动",
            "source_platform": "人民日报",
            "source_url": "https://baijiahao.baidu.com/s?id=1853980615857375151",
            "content": "国家医保局启动个人医保云建设试点，探索构建覆盖全人群、全周期、全场景的智慧医保管理新范式。",
            "image": "images/rank2__个人医_20260111_221734.jpg"
        },
        {
            "rank": 3,
            "title": "网友偶然拍到“牦牛头顶明月”",
            "source_platform": "新华社",
            "source_url": "https://mbd.baidu.com/newspage/data/videolanding?nid=sv_7257238886096658257",
            "content": "网友拍摄到牦牛头顶明月的奇景，画面唯美，引发网友热议与祝福。",
            "image": "images/rank3_网友偶然_20260111_221734.jpg"
        },
        {
            "rank": 4,
            "title": "取240万给外甥当彩礼 外甥称没对象",
            "source_platform": "济南日报",
            "source_url": "https://mbd.baidu.com/newspage/data/videolanding?nid=sv_7232377946038640709",
            "content": "女子以“外甥订婚彩礼”为由提取240万元，银行发现矛盾后报警，警方抓获诈骗团伙。",
            "image": "images/rank4_取240_20260111_221734.jpg"
        },
        {
            "rank": 5,
            "title": "小猫被游客当流浪猫 反复被救下山",
            "source_platform": "大皖新闻",
            "source_url": "https://mbd.baidu.com/newspage/data/videolanding?nid=sv_2989957652809880342",
            "content": "河南南太行山一只小猫被游客误当流浪猫反复抱下山，又独自爬回山顶，一天内被三次带下山。",
            "image": "images/rank5_小猫被游_20260111_221734.jpg"
        },
        {
            "rank": 6,
            "title": "“死了么”APP付费人数翻200倍",
            "source_platform": "红星资本局",
            "source_url": "https://baijiahao.baidu.com/s?id=1854011727897284012&wfr=spider&for=pc",
            "content": "一款名为“死了么”的付费App走红，引发年轻人对独居、孤独死话题关注，付费人数翻200倍。",
            "image": "images/rank6__死了么_20260111_221734.jpg"
        },
        {
            "rank": 7,
            "title": "酒里泡了3年的人参突然长出绿叶",
            "source_platform": "红星新闻",
            "source_url": "https://www.toutiao.com/article/7594001243282948658/",
            "image": "images/rank7_酒里泡了_20260111_221734.jpg",
            "content": "上海一男子发现酒里泡了3年的人参突然长出绿叶，引发网友好奇与讨论。"
        },
        {
            "rank": 8,
            "title": "夫妻卖10元盒饭20年挣2套房",
            "source_platform": "全国党媒信息公共平台",
            "source_url": "https://www.toutiao.com/article/7593907520540885550/",
            "content": "重庆一对夫妻在朝天门市场卖10元盒饭20年，凭借勤劳经营挣得两套房产，成为市场熟客食堂。",
            "image": "images/rank8_夫妻卖1_20260111_221734.jpg"
        },
        {
            "rank": 9,
            "title": "网约车为送断指乘客出车祸",
            "source_platform": "新民晚报",
            "source_url": "https://news.qq.com/rain/a/20260111A04EWX00#to-comment",
            "content": "网约车司机为送断指乘客，在交警带路闯红灯时出车祸，被认定全责，引发争议与法律讨论。",
            "image": "images/rank9_网约车为_20260111_221734.jpg"
        }
    ],
    "timestamp": "20260111_221734"
}