{
    "news": [
        {
            "rank": 0,
            "title": "老板请客来了两千人？",
            "original_title": "",
            "source_platform": "",
            "source_url": "",
            "content": "",
            "image": ""
        },
        {
            "rank": 1,
            "title": "老板请工人及家属吃团年饭来了2千人",
            "original_title": "",
            "source_platform": "极目新闻",
            "source_url": "https://baijiahao.baidu.com/s?id=1855943108472812464",
            "content": "湖北天门一服装老板请工人及家属吃团年饭，原定188桌不够，现场再加20桌，共来了2000多人。",
            "image": "images/rank1_老板请工人及_20260202_062051.jpg"
        },
        {
            "rank": 2,
            "title": "人民币现金收付施行新规",
            "original_title": "",
            "source_platform": "央视新闻",
            "source_url": "https://baijiahao.baidu.com/s?id=1855871985923756084",
            "content": "《人民币现金收付及服务规定》2月1日起施行，旨在维护人民币法定货币地位，防范拒收现金行为。",
            "image": "images/rank2_人民币现金收_20260202_062051.jpg"
        },
        {
            "rank": 3,
            "title": "于文文演唱会上突然晕倒",
            "original_title": "",
            "source_platform": "红星新闻",
            "source_url": "https://baijiahao.baidu.com/s?id=1855932588280677202",
            "content": "歌手于文文在贵州安顺户外商演演唱时突然晕倒昏迷，被救护车紧急送医，现场视频引发网友担忧。",
            "image": "images/rank3_于文文演唱会_20260202_062051.jpg"
        },
        {
            "rank": 4,
            "title": "小区摆近70桌坝坝宴 菜多到放不下",
            "original_title": "",
            "source_platform": "封面新闻",
            "source_url": "https://baijiahao.baidu.com/s?id=1855944274989530103",
            "content": "成都一小区为庆新年摆近70桌坝坝宴，每桌超20种菜肴，桌子放不下，采用自主报名、适度收费方式。",
            "image": "images/rank4_小区摆近70_20260202_062051.jpg"
        },
        {
            "rank": 5,
            "title": "女演员13年前囤白银遗忘 需补交7千",
            "original_title": "",
            "source_platform": "爱济南客户端",
            "source_url": "https://baijiahao.baidu.com/s?id=1855910646814657537",
            "content": "女星鲍天琦自曝13年前在银行保险箱存放白银后遗忘，近期提取时被告知保险箱逾期，需补交七千多元。",
            "image": "images/rank5_女演员13年_20260202_062051.jpg"
        },
        {
            "rank": 6,
            "title": "6岁女孩大扫除 脑子被“啃”20个洞",
            "original_title": "",
            "source_platform": "观察者网",
            "source_url": "https://baijiahao.baidu.com/s?id=1855812565860224925",
            "content": "河南郑州6岁女孩持续发烧17天，检查发现脑部被真菌侵蚀出20多个窟窿眼，罪魁祸首是老房子霉变粉尘。",
            "image": "images/rank6_6岁女孩大扫_20260202_062051.jpg"
        },
        {
            "rank": 7,
            "title": "“元宝派”官宣公测上线",
            "original_title": "",
            "source_platform": "腾讯科技",
            "source_url": "https://news.qq.com/rain/a/20260131A036SH00",
            "content": "腾讯旗下AI助手元宝宣布“元宝派”公测上线，探索AI社交赛道，用户可与AI派友聊天互动、协作娱乐。",
            "image": "images/rank7__元宝派_官_20260202_062051.jpg"
        },
        {
            "rank": 8,
            "title": "男子用蜜蜡脱胡子效果惊到网友",
            "original_title": "",
            "source_platform": "重庆城市Tv关注",
            "source_url": "https://www.toutiao.com/video/7601832801411252251/",
            "content": "男子使用蜜蜡脱胡子，效果惊人，引发网友关注和热议。",
            "image": "images/rank8_男子用蜜蜡脱_20260202_062051.jpg"
        },
        {
            "rank": 9,
            "title": "小猫偷吃香肠被发现后挂在香肠架上",
            "original_title": "",
            "source_platform": "彩云大视野",
            "source_url": "https://www.toutiao.com/video/7601842718729338907/",
            "content": "小猫偷吃香肠时被发现，随后被挂在香肠架上，画面有趣引发网友讨论。",
            "image": "images/rank9_小猫偷吃香肠_20260202_062051.jpg"
        }
    ],
    "timestamp": "20260202_062051"
}