{
    "news": [
        {
            "rank": 0,
            "title": "【轰动】风波再起！众明星卷入，谁能独善其身？",
            "original_title": "",
            "source_platform": "",
            "source_url": "",
            "content": "",
            "image": ""
        },
        {
            "rank": 1,
            "title": "央视迎来00后新主播",
            "original_title": "",
            "source_platform": "腾讯娱乐",
            "source_url": "https://news.qq.com/rain/a/20260201V04RAJ00",
            "content": "央视迎来00后新主播",
            "image": "images/rank1_央视迎来00_20260202_062051.jpg"
        },
        {
            "rank": 2,
            "title": "于文文演唱会突然晕倒被救护车接走",
            "original_title": "",
            "source_platform": "腾讯娱乐",
            "source_url": "https://news.qq.com/rain/a/20260201V05OV500",
            "content": "于文文演唱会突然晕倒被救护车接走",
            "image": "images/rank2_于文文演唱会_20260202_062051.jpg"
        },
        {
            "rank": 3,
            "title": "张靓颖上海演唱会嗨翻天！",
            "original_title": "",
            "source_platform": "腾讯娱乐",
            "source_url": "https://news.qq.com/rain/a/20260201V04T2G00",
            "content": "张靓颖上海演唱会嗨翻天！",
            "image": "images/rank3_张靓颖上海演_20260202_062051.jpg"
        },
        {
            "rank": 4,
            "title": "腊月农村美食总带着浓浓的暖意",
            "original_title": "",
            "source_platform": "抖音热榜",
            "source_url": "https://www.douyin.com/hot/2386250",
            "content": "腊月农村美食总带着浓浓的暖意",
            "image": "images/rank4_腊月农村美食_20260202_062051.jpg"
        },
        {
            "rank": 5,
            "title": "春运在即“陆地航母”霸气上线",
            "original_title": "",
            "source_platform": "抖音热榜",
            "source_url": "https://www.douyin.com/hot/2386493",
            "content": "春运在即“陆地航母”霸气上线",
            "image": "images/rank5_春运在即_陆_20260202_062051.jpg"
        },
        {
            "rank": 6,
            "title": "U23球员：想拿回国足失去的尊严",
            "original_title": "",
            "source_platform": "抖音热榜",
            "source_url": "https://www.douyin.com/hot/2386215",
            "content": "U23球员：想拿回国足失去的尊严",
            "image": "images/rank6_U23球员__20260202_062051.jpg"
        },
        {
            "rank": 7,
            "title": "宁波男篮终结广东5连胜",
            "original_title": "",
            "source_platform": "抖音热榜",
            "source_url": "https://www.douyin.com/hot/2386294",
            "content": "宁波男篮终结广东5连胜",
            "image": "images/rank7_宁波男篮终结_20260202_062051.jpg"
        },
        {
            "rank": 8,
            "title": "皇马2:1巴列卡诺",
            "original_title": "",
            "source_platform": "抖音热榜",
            "source_url": "https://www.douyin.com/hot/2386595",
            "content": "皇马2:1巴列卡诺",
            "image": "images/rank8_皇马2_1巴_20260202_062051.jpg"
        },
        {
            "rank": 9,
            "title": "《崩坏：星穹铁道》即兴巡演PV：「一口气看完！铁墓之战后，官方没有说出的真相！」",
            "original_title": "",
            "source_platform": "崩坏星穹铁道",
            "source_url": "https://www.bilibili.com/video/BV1i36MBEEPW",
            "content": "《崩坏：星穹铁道》即兴巡演PV：「一口气看完！铁墓之战后，官方没有说出的真相！」",
            "image": "images/rank9__崩坏_星穹_20260202_062051.jpg"
        }
    ],
    "timestamp": "20260202_062051"
}