{
    "news": [
        {
            "rank": 0,
            "title": "骗保奇闻？",
            "original_title": "",
            "source_platform": "",
            "source_url": "",
            "content": "",
            "image": ""
        },
        {
            "rank": 1,
            "title": "一公司15名员工13人生育骗取津贴",
            "original_title": "",
            "source_platform": "央视新闻",
            "source_url": "https://baijiahao.baidu.com/s?id=1855542633881956244",
            "content": "某企业15名员工中13人集中生育，经查实为通过非法手段骗取生育基金，申领额与实际领取差别巨大。",
            "image": "images/rank1_一公司15名_20260128_183803.jpg"
        },
        {
            "rank": 2,
            "title": "近7亿！2025年出入境人次创历史新高",
            "original_title": "",
            "source_platform": "央视新闻",
            "source_url": "https://baijiahao.baidu.com/s?id=1855524321491900593",
            "content": "2025年全国移民管理机构查验出入境人员达6.97亿人次，同比上升14.2%，创历史新高，免签入境外国人增幅显著。",
            "image": "images/rank2_近7亿_20_20260128_183803.jpg"
        },
        {
            "rank": 3,
            "title": "东北人发现从俄罗斯坐船回家更便宜",
            "original_title": "",
            "source_platform": "上游新闻",
            "source_url": "https://baijiahao.baidu.com/s?id=1855545803036447264",
            "content": "黑龙江居民利用中俄互免签证政策，设计出经俄罗斯坐船返回黑河的春运路线，全程费用约1840元，比直飞中转节省500-1000元。",
            "image": "images/rank3_东北人发现从_20260128_183803.jpg"
        },
        {
            "rank": 4,
            "title": "担心女儿尴尬 苟姓爸爸改姓“敬”",
            "original_title": "",
            "source_platform": "现代快报",
            "source_url": "https://baijiahao.baidu.com/s?id=1855540206203190508",
            "content": "河南一位苟姓父亲因姓氏在方言中与“狗”同音，为避免女儿重蹈覆辙，历时3个月将父女姓氏改为“敬”，改姓后自称信心增强并减重40斤。",
            "image": "images/rank4_担心女儿尴尬_20260128_183803.jpg"
        },
        {
            "rank": 5,
            "title": "旅日大熊猫回国走出快乐步伐",
            "original_title": "",
            "source_platform": "大象新闻",
            "source_url": "https://baijiahao.baidu.com/s?id=1855556052279773397",
            "content": "旅日大熊猫“晓晓”“蕾蕾”平安抵达四川成都，入住中国大熊猫保护研究中心雅安基地接受隔离检疫，回国后走出快乐步伐。",
            "image": "images/rank5_旅日大熊猫回_20260128_183803.jpg"
        },
        {
            "rank": 6,
            "title": "“冷资源”催生新职业",
            "original_title": "",
            "source_platform": "央视新闻",
            "source_url": "https://www.toutiao.com/article/7600256583670563328",
            "content": "冰雪经济蓬勃发展，催生“滑雪巡救员”“雪道规划师”“雪板维护师”等新职业，越来越多人在冰天雪地里找到职业新机遇。",
            "image": "images/rank6__冷资源_催_20260128_183803.jpg"
        },
        {
            "rank": 7,
            "title": "日本一女性在同一家公司上班近70年",
            "original_title": "",
            "source_platform": "凤凰WEEKLY",
            "source_url": "https://www.toutiao.com/video/7600268073790079010/",
            "content": "日本一位女性在同一家公司工作近70年，展现了长期职业坚守的罕见案例，引发关注。",
            "image": "images/rank7_日本一女性在_20260128_183803.jpg"
        },
        {
            "rank": 8,
            "title": "刘强东在家乡打造了一个AI教室",
            "original_title": "",
            "source_platform": "扬子晚报",
            "source_url": "https://www.toutiao.com/video/7600314965892661258/",
            "content": "刘强东在家乡打造了一个AI教室，推动人工智能教育普及，为当地学生提供先进学习资源。",
            "image": "images/rank8_刘强东在家乡_20260128_183803.jpg"
        },
        {
            "rank": 9,
            "title": "C轮融资27天后，Kimi推出“最智能”模型",
            "original_title": "",
            "source_platform": "21世纪经济报道",
            "source_url": "https://news.qq.com/rain/a/20260127A06BND00",
            "content": "月之暗面Kimi在C轮融资27天后，正式发布并开源新一代多模态大模型K2.5，在核心领域实现开源state-of-the-art表现。",
            "image": "images/rank9_C轮融资27_20260128_183803.jpg"
        }
    ],
    "timestamp": "20260128_183803"
}