{
    "news": [
        {
            "rank": 0,
            "title": "美伊开战，中东炸锅！",
            "original_title": "",
            "source_platform": "",
            "source_url": "",
            "content": "",
            "image": ""
        },
        {
            "rank": 1,
            "title": "伊朗报复性袭击迪拜豪华酒店，中东多国拦截导弹",
            "original_title": "Luxury Dubai hotel hit as Iran launches retaliatory strikes across region",
            "source_platform": "BBC News",
            "source_url": "https://www.bbc.com/news/articles/c204px4zddro",
            "content": "伊朗对美以联合打击发起报复，导弹击中迪拜豪华酒店，并袭击多个海湾国家。多国启动防空系统拦截，造成人员伤亡。",
            "image": "images/rank1_伊朗报复性袭_20260301_061939.jpg"
        },
        {
            "rank": 2,
            "title": "伊朗袭击暴露美军中东防空漏洞",
            "original_title": "Iran retaliation raises questions about US air defences",
            "source_platform": "BBC News",
            "source_url": "https://www.bbc.com/news/articles/cg5nm6v2p4no",
            "content": "伊朗成功袭击美军巴林海军基地，凸显美国及其盟友在该地区的防空系统存在薄弱环节，引发担忧。",
            "image": "images/rank2_伊朗袭击暴露_20260301_061939.jpg"
        },
        {
            "rank": 3,
            "title": "国际社会对美以打击伊朗反应不一",
            "original_title": "How the world has reacted to US and Israeli strikes on Iran",
            "source_platform": "BBC News",
            "source_url": "https://www.bbc.com/news/articles/c5yj9kr31y7o",
            "content": "美以联合打击伊朗后，联合国、欧洲多国及沙特等谴责军事升级，呼吁克制。俄罗斯称此举“鲁莽”。",
            "image": "images/rank3_国际社会对美_20260301_061939.jpg"
        },
        {
            "rank": 4,
            "title": "特朗普称伊朗最高领袖哈梅内伊已身亡",
            "original_title": "What we know so far: Supreme Leader Khamenei killed, Trump says, as Iran launches retaliatory strikes",
            "source_platform": "BBC News",
            "source_url": "https://www.bbc.com/news/articles/cx2dyz6p3weo",
            "content": "特朗普宣布伊朗最高领袖哈梅内伊在美以联合打击中死亡。伊朗发动区域报复，袭击以色列及多个美军基地。",
            "image": "images/rank4_特朗普称伊朗_20260301_061939.jpg"
        },
        {
            "rank": 5,
            "title": "特朗普授权向古巴私营企业出售石油",
            "original_title": "Trump Gives Green Light to Private Oil Sales to Cuba",
            "source_platform": "New York Times",
            "source_url": "https://www.nytimes.com/2026/02/28/world/americas/trump-cuba-oil-sales.html",
            "content": "特朗普政府开始允许美国公司向古巴私营企业出售燃料，旨在绕过古巴政府，扶持其私营经济。",
            "image": "images/rank5_特朗普授权向_20260301_061939.jpg"
        },
        {
            "rank": 6,
            "title": "OpenAI与五角大楼达成AI军事应用协议",
            "original_title": "OpenAI strikes deal with Pentagon hours after Trump admin bans Anthropic",
            "source_platform": "CNN",
            "source_url": "https://edition.cnn.com/2026/02/27/tech/openai-pentagon-deal-ai-systems",
            "content": "OpenAI宣布与五角大楼达成协议，其AI工具将用于美军机密系统，但设定了使用限制。",
            "image": "images/rank6_OpenAI_20260301_061939.jpg"
        },
        {
            "rank": 7,
            "title": "古巴称击毙四名武装渗透者",
            "original_title": "Cuba says its forces kill four in gunfight after Florida speedboat tries to ‘infiltrate’ island",
            "source_platform": "CNN",
            "source_url": "https://edition.cnn.com/2026/02/25/americas/cuba-florida-speedboat-intl-latam",
            "content": "古巴称其边防部队击毙四名试图从佛罗里达乘快艇“渗透”的武装人员，另有六人受伤被捕。",
            "image": "images/rank7_古巴称击毙四_20260301_061939.jpg"
        },
        {
            "rank": 8,
            "title": "布里斯班公布23亿美元奥运主场馆设计",
            "original_title": "Plans for $2.3 billion stadium ignite debate in 2032 Olympics host city",
            "source_platform": "CNN",
            "source_url": "https://edition.cnn.com/2026/01/07/style/australia-brisbane-olympic-stadium-victoria-park-hnk-intl",
            "content": "澳大利亚布里斯班公布2032年奥运会主场馆设计，灵感源于当地住宅风格，耗资23亿美元，引发争议。",
            "image": "images/rank8_布里斯班公布_20260301_061939.jpg"
        },
        {
            "rank": 9,
            "title": "英国跳伞者在德文郡坠亡",
            "original_title": "Skydiver dies after jump in Devon",
            "source_platform": "Sky News",
            "source_url": "https://news.sky.com/story/skydiver-dies-after-jump-in-devon-13511188",
            "content": "一名49岁男子在英国德文郡进行跳伞活动后不幸身亡，警方和急救人员已介入调查。",
            "image": "images/rank9_英国跳伞者在_20260301_061939.jpg"
        }
    ],
    "timestamp": "20260301_061939"
}