{
    "news": [
        {
            "rank": 0,
            "title": "【轰动】风波再起！众明星卷入，谁能独善其身？",
            "original_title": "",
            "source_platform": "",
            "source_url": "",
            "content": "",
            "image": ""
        },
        {
            "rank": 1,
            "title": "2026湖南春晚“杀疯了”！一晚诞生4大神级现场",
            "original_title": "",
            "source_platform": "腾讯娱乐",
            "source_url": "https://news.qq.com/rain/a/20260212V045PU00",
            "content": "2026湖南春晚“杀疯了”！一晚诞生4大神级现场",
            "image": "images/rank1_2026湖南_20260212_185604.jpg"
        },
        {
            "rank": 2,
            "title": "德云社陶阳大婚，郭德纲于谦到场，郭麒麟被催婚",
            "original_title": "",
            "source_platform": "腾讯娱乐",
            "source_url": "https://news.qq.com/rain/a/20260212V02ZMU00",
            "content": "德云社陶阳大婚，郭德纲于谦到场，郭麒麟被催婚",
            "image": "images/rank2_德云社陶阳大_20260212_185604.jpg"
        },
        {
            "rank": 3,
            "title": "历史剧回归，正当其时",
            "original_title": "",
            "source_platform": "腾讯娱乐",
            "source_url": "https://news.qq.com/rain/a/20260211A06C5U00",
            "content": "历史剧回归，正当其时",
            "image": "images/rank3_历史剧回归__20260212_185604.jpg"
        },
        {
            "rank": 4,
            "title": "姚冠宇科普钢架雪车：解锁“贴地飞行”",
            "original_title": "",
            "source_platform": "腾讯娱乐",
            "source_url": "https://news.qq.com/rain/a/20260212V01LBT00",
            "content": "姚冠宇科普钢架雪车：解锁“贴地飞行”",
            "image": "images/rank4_姚冠宇科普钢_20260212_185604.jpg"
        },
        {
            "rank": 5,
            "title": "阚清子发长文告别乔海伦",
            "original_title": "",
            "source_platform": "腾讯娱乐",
            "source_url": "https://news.qq.com/rain/a/20260212A01MUJ00",
            "content": "阚清子发长文告别乔海伦",
            "image": "images/rank5_阚清子发长文_20260212_185604.jpg"
        },
        {
            "rank": 6,
            "title": "安妮海瑟薇陈慧琳叶童亮相纽约时装周",
            "original_title": "",
            "source_platform": "腾讯娱乐",
            "source_url": "https://news.qq.com/rain/a/20260211A06LEI00",
            "content": "安妮海瑟薇陈慧琳叶童亮相纽约时装周",
            "image": "images/rank6_安妮海瑟薇陈_20260212_185604.jpg"
        },
        {
            "rank": 7,
            "title": "知名相声演员失联，被法院悬赏1万元",
            "original_title": "",
            "source_platform": "腾讯娱乐",
            "source_url": "https://news.qq.com/rain/a/20260212A02A0I00",
            "content": "知名相声演员失联，被法院悬赏1万元",
            "image": "images/rank7_知名相声演员_20260212_185604.jpg"
        },
        {
            "rank": 8,
            "title": "豆包即梦上线视频模型Seedance2.0",
            "original_title": "",
            "source_platform": "抖音热榜",
            "source_url": "https://www.douyin.com/hot/2398024",
            "content": "豆包即梦上线视频模型Seedance2.0",
            "image": "images/rank8_豆包即梦上线_20260212_185604.jpg"
        },
        {
            "rank": 9,
            "title": "郑钦文惜败莱巴金娜",
            "original_title": "",
            "source_platform": "抖音热榜",
            "source_url": "https://www.douyin.com/hot/2397719",
            "content": "郑钦文惜败莱巴金娜",
            "image": "images/rank9_郑钦文惜败莱_20260212_185604.jpg"
        }
    ],
    "timestamp": "20260212_185604"
}