{
    "news": [
        {
            "rank": 0,
            "title": "美欧裂痕，关税谁买单？",
            "original_title": "",
            "source_platform": "",
            "source_url": "",
            "content": "",
            "image": ""
        },
        {
            "rank": 1,
            "title": "美防毒行动首现美军士兵死亡",
            "original_title": "Troop who fell overboard becomes first American killed in drug boat targeting operation",
            "source_platform": "BBC News",
            "source_url": "https://www.bbc.com/news/articles/c9q5lr59e8go",
            "content": "一名美国海军陆战队员在加勒比海执行打击毒品走私船任务时落水身亡，成为该行动中首位已知的美军伤亡人员。",
            "image": "images/rank1_美防毒行动首_20260213_185123.jpg"
        },
        {
            "rank": 2,
            "title": "药物副作用致患者盗窃成瘾，家庭破碎",
            "original_title": "'My husband stole £600k for sex and antiques' - drug side effects tearing families apart",
            "source_platform": "BBC News",
            "source_url": "https://www.bbc.com/news/articles/clym0g4rlr2o",
            "content": "多巴胺激动剂药物可能导致患者产生赌博、购物、色情成瘾等冲动控制障碍，有患者因此盗用客户60万英镑，导致家庭悲剧。",
            "image": "images/rank2_药物副作用致_20260213_185123.jpg"
        },
        {
            "rank": 3,
            "title": "泰勒·斯威夫特起诉阻止“Swift Home”商标",
            "original_title": "Taylor Swift asks US government to block 'Swift Home' trademark",
            "source_platform": "BBC News",
            "source_url": "https://www.bbc.com/news/articles/cr5lmg9l1y7o",
            "content": "流行歌手泰勒·斯威夫特要求美国政府阻止一家床上用品公司注册“Swift Home”商标，称其可能误导消费者认为她已为该品牌背书。",
            "image": "images/rank3_泰勒_斯威夫_20260213_185123.jpg"
        },
        {
            "rank": 4,
            "title": "FBI公布女主播母亲绑架案嫌犯新细节",
            "original_title": "FBI releases description of suspect in Nancy Guthrie kidnapping",
            "source_platform": "BBC News",
            "source_url": "https://www.bbc.com/news/articles/cnv63jljnz0o",
            "content": "FBI公布了涉嫌绑架美国新闻主播萨凡纳·格思里母亲的男子体貌特征，并悬赏10万美元征集线索。",
            "image": "images/rank4_FBI公布女_20260213_185123.jpg"
        },
        {
            "rank": 5,
            "title": "美国夫妇斥资百万在意大利购置农庄",
            "original_title": "This American man spent $1 million on a new home in Italy. Here’s what he got for his money",
            "source_platform": "CNN",
            "source_url": "https://edition.cnn.com/travel/american-man-1-million-new-home-italy",
            "content": "一名美国律师花费超过100万美元在意大利托斯卡纳购置了一座贵族农庄，举家从丹佛迁回祖辈离开的故土。",
            "image": "images/rank5_美国夫妇斥资_20260213_185123.jpg"
        },
        {
            "rank": 6,
            "title": "佛罗里达乡村俱乐部因匹克球规则纠纷引发斗殴",
            "original_title": "Pickleball dispute sparks brawl at Florida country club",
            "source_platform": "CNN",
            "source_url": "https://edition.cnn.com/2026/02/13/sport/brawl-pickleball-game-couple-charged-intl-scli-spt",
            "content": "美国佛罗里达州一乡村俱乐部内，匹克球运动员因规则纠纷爆发斗殴，一名男子用球拍击打对手面部，其妻也参与其中。",
            "image": "images/rank6_佛罗里达乡村_20260213_185123.jpg"
        },
        {
            "rank": 7,
            "title": "英国高等法院裁定禁巴勒斯坦行动组织不合法",
            "original_title": "U.K. Ban on Pro-Palestinian Group Is Unlawful, Court Finds",
            "source_platform": "New York Times",
            "source_url": "https://www.nytimes.com/2026/02/13/world/europe/uk-palestine-action-ban-court-ruling.html",
            "content": "英国高等法院裁定，政府将亲巴勒斯坦抗议组织“巴勒斯坦行动”列为恐怖组织的决定不合法，这对首相斯塔默政府构成打击。",
            "image": "images/rank7_英国高等法院_20260213_185123.jpg"
        },
        {
            "rank": 8,
            "title": "伊朗利用数字监控工具追踪抗议者",
            "original_title": "Iran Turns to Digital Surveillance Tools to Track Down Protesters",
            "source_platform": "New York Times",
            "source_url": "https://www.nytimes.com/2026/02/13/technology/iran-protests-surveillance-facial-recognition.html",
            "content": "伊朗当局利用手机定位数据等数字监控基础设施，向参与近期反政府示威的民众发送警告短信，以追踪和压制异议人士。",
            "image": "images/rank8_伊朗利用数字_20260213_185123.jpg"
        },
        {
            "rank": 9,
            "title": "罗伯特·肯尼迪自曝曾用马桶座圈吸食可卡因",
            "original_title": "Robert F Kennedy Jr admits he used to 'snort cocaine off toilet seats'",
            "source_platform": "Sky News",
            "source_url": "https://news.sky.com/story/robert-f-kennedy-jr-admits-he-used-to-snort-cocaine-off-toilet-seats-13506969",
            "content": "美国卫生部长罗伯特·肯尼迪在播客中承认，自己过去曾“用马桶座圈吸食可卡因”，并称因此“不害怕细菌”。",
            "image": "images/rank9_罗伯特_肯尼_20260213_185123.jpg"
        }
    ],
    "timestamp": "20260213_185123"
}