{
    "news": [
        {
            "rank": 0,
            "title": "【轰动】风波再起！众明星卷入，谁能独善其身？",
            "original_title": "",
            "source_platform": "",
            "source_url": "",
            "content": "",
            "image": ""
        },
        {
            "rank": 1,
            "title": "杨幂杨紫内场热聊",
            "original_title": "",
            "source_platform": "腾讯娱乐",
            "source_url": "https://news.qq.com/rain/a/20260205V06U9K00",
            "content": "杨幂杨紫内场热聊",
            "image": "images/rank1_杨幂杨紫内场_20260207_062043.jpg"
        },
        {
            "rank": 2,
            "title": "《飞驰人生3》发“张驰之道”预告",
            "original_title": "",
            "source_platform": "腾讯娱乐",
            "source_url": "https://news.qq.com/rain/a/20260206V02JX500",
            "content": "《飞驰人生3》发“张驰之道”预告",
            "image": "images/rank2__飞驰人生3_20260207_062043.jpg"
        },
        {
            "rank": 3,
            "title": "70秒回顾苏翊鸣影视作品",
            "original_title": "",
            "source_platform": "腾讯娱乐",
            "source_url": "https://news.qq.com/rain/a/20260206V0344000",
            "content": "70秒回顾苏翊鸣影视作品",
            "image": "images/rank3_70秒回顾苏_20260207_062043.jpg"
        },
        {
            "rank": 4,
            "title": "米兰冬奥会开幕式",
            "original_title": "",
            "source_platform": "抖音热榜",
            "source_url": "https://www.douyin.com/hot/2391677",
            "content": "米兰冬奥会开幕式",
            "image": "images/rank4_米兰冬奥会开_20260207_062043.jpg"
        },
        {
            "rank": 5,
            "title": "杭州夺浙BA总冠军",
            "original_title": "",
            "source_platform": "抖音热榜",
            "source_url": "https://www.douyin.com/hot/2391983",
            "content": "杭州夺浙BA总冠军",
            "image": "images/rank5_杭州夺浙BA_20260207_062043.jpg"
        },
        {
            "rank": 6,
            "title": "新国补落地首月",
            "original_title": "",
            "source_platform": "抖音热榜",
            "source_url": "https://www.douyin.com/hot/2392319",
            "content": "新国补落地首月",
            "image": "images/rank6_新国补落地首_20260207_062043.jpg"
        },
        {
            "rank": 7,
            "title": "橘时到吉时到",
            "original_title": "",
            "source_platform": "抖音热榜",
            "source_url": "https://www.douyin.com/hot/2391320",
            "content": "橘时到吉时到",
            "image": "images/rank7_橘时到吉时到_20260207_062043.jpg"
        },
        {
            "rank": 8,
            "title": "俄国防部一中将在莫斯科遭枪击",
            "original_title": "",
            "source_platform": "抖音热榜",
            "source_url": "https://www.douyin.com/hot/2391785",
            "content": "俄国防部一中将在莫斯科遭枪击",
            "image": "images/rank8_俄国防部一中_20260207_062043.jpg"
        },
        {
            "rank": 9,
            "title": "《绝区零》千夏角色PV｜认真「记仇」中！",
            "original_title": "",
            "source_platform": "绝区零",
            "source_url": "https://www.bilibili.com/video/BV1gUFYzfEC7",
            "content": "《绝区零》千夏角色PV｜认真「记仇」中！",
            "image": "images/rank9__绝区零_千_20260207_062043.jpg"
        }
    ],
    "timestamp": "20260207_062043"
}