{
    "news": [
        {
            "rank": 0,
            "title": "巧克力成硬通货？",
            "original_title": "",
            "source_platform": "",
            "source_url": "",
            "content": "",
            "image": ""
        },
        {
            "rank": 1,
            "title": "英国巧克力被锁进防盗盒，零售商称其为“订单式盗窃”",
            "original_title": "Chocolate kept in anti-theft boxes as shops warn it's being stolen to order",
            "source_platform": "BBC News",
            "source_url": "https://www.bbc.com/news/articles/ce3gqr7p0lqo",
            "content": "英国部分商店将巧克力棒锁入塑料防盗盒。零售商和警方警告称，窃贼正按“订单”盗窃巧克力，然后通过非法市场转售。",
            "image": "images/rank1_英国巧克力被_20260224_185730.jpg"
        },
        {
            "rank": 2,
            "title": "法国外长要求禁止美特使库什纳接触政府",
            "original_title": "French minister moves to block US envoy Kushner from government access",
            "source_platform": "BBC News",
            "source_url": "https://www.bbc.com/news/articles/c8d5eg5pl34o",
            "content": "因美国特使查尔斯·库什纳未就法国暴力“上升”言论作出解释，法国外长要求禁止其直接接触政府部长，引发外交风波。",
            "image": "images/rank2_法国外长要求_20260224_185730.jpg"
        },
        {
            "rank": 3,
            "title": "俄士兵向BBC披露：曾目睹指挥官下令处决拒战同袍",
            "original_title": "Russian soldiers tell BBC they saw fellow troops executed on commanders' orders",
            "source_platform": "BBC News",
            "source_url": "https://www.bbc.com/news/articles/cz7gw3l395ro",
            "content": "四名俄罗斯士兵向BBC揭露前线残酷内幕，称曾目睹指挥官下令处决拒绝执行“自杀式”突击命令的士兵。",
            "image": "images/rank3_俄士兵向BB_20260224_185730.jpg"
        },
        {
            "rank": 4,
            "title": "特朗普新关税生效，税率低于此前宣称",
            "original_title": "Trump's new tariff comes into effect at lower than expected rate",
            "source_platform": "BBC News",
            "source_url": "https://www.bbc.com/news/articles/cd6zn3ly22yo",
            "content": "美国总统特朗普的新全球关税已生效，税率为10%，低于其此前宣称的15%。此举引发贸易伙伴国反弹担忧。",
            "image": "images/rank4_特朗普新关税_20260224_185730.jpg"
        },
        {
            "rank": 5,
            "title": "《留级之王》男星罗伯特·卡拉丁去世，享年71岁",
            "original_title": "Robert Carradine, Lizzie McGuire and Revenge of the Nerds star, dies aged 71",
            "source_platform": "BBC News",
            "source_url": "https://www.bbc.com/news/articles/cy0dqpjjprno",
            "content": "美国演员罗伯特·卡拉丁去世，享年71岁。其家人称他因长期与双相情感障碍斗争后自杀，希望借此消除对精神疾病的污名。",
            "image": "images/rank5__留级之王__20260224_185730.jpg"
        },
        {
            "rank": 6,
            "title": "悉尼八旬老人被误绑遇害，警方寻获遗骸",
            "original_title": "Police ask how Sydney grandpa was kidnapped and killed by mistake as remains found",
            "source_platform": "BBC News",
            "source_url": "https://www.bbc.com/news/articles/c0q3lgv3x7do",
            "content": "澳大利亚警方在悉尼郊外寻获人体遗骸，相信是近两周前被误绑的85岁老人克里斯·巴格萨里安。警方称此案极可能为身份误认。",
            "image": "images/rank6_悉尼八旬老人_20260224_185730.jpg"
        },
        {
            "rank": 7,
            "title": "英国动物园同日安乐死亲密动物伙伴",
            "original_title": "Much-loved unlikely animal friends die on same day",
            "source_platform": "BBC News",
            "source_url": "https://www.bbc.com/news/articles/c363jnd4p51o",
            "content": "英国纽基动物园一只貘和一只水豚因年迈健康问题，被安排在同一天实施安乐死，以确保任何一方都不会在伴侣离世后感到孤独。",
            "image": "images/rank7_英国动物园同_20260224_185730.jpg"
        },
        {
            "rank": 8,
            "title": "盲人攀岩者征服500英尺巨石",
            "original_title": "‘Giving fate the middle finger’: How blind climber Jesse Dufton scaled a 500-foot monolith",
            "source_platform": "CNN",
            "source_url": "https://edition.cnn.com/sport/blind-climber-jesse-dufton-el-matador-spt",
            "content": "盲人攀岩者杰西·达夫顿在妻子的语音引导下，成功登顶500英尺高的“斗牛士”岩壁，完成了一次非凡的挑战。",
            "image": "images/rank8_盲人攀岩者征_20260224_185730.jpg"
        },
        {
            "rank": 9,
            "title": "英国诞生首例死亡供体子宫移植婴儿",
            "original_title": "'Simply a miracle': Baby boy born from dead donor womb transplant in UK first",
            "source_platform": "Sky News",
            "source_url": "https://news.sky.com/story/simply-a-miracle-baby-boy-born-from-dead-donor-womb-transplant-in-uk-first-13511093",
            "content": "英国首例通过死亡供体子宫移植诞生的男婴在伦敦医院降生，重约3.1公斤，被其母亲称为“奇迹”。",
            "image": "images/rank9_英国诞生首例_20260224_185730.jpg"
        }
    ],
    "timestamp": "20260224_185730"
}