{
    "news": [
        {
            "rank": 0,
            "title": "涨价、生病、被割韭菜 你中招了吗？",
            "original_title": "",
            "source_platform": "",
            "source_url": "",
            "content": "",
            "image": ""
        },
        {
            "rank": 1,
            "title": "多校撤销艺术专业",
            "original_title": "",
            "source_platform": "第一财经",
            "source_url": "https://baijiahao.baidu.com/s?id=1854559780174386037",
            "content": "多所高校撤销艺术类专业，吉林大学停招19个专业中6个为艺术学类。",
            "image": "images/rank1_多校撤销艺术_20260118_024810.jpg"
        },
        {
            "rank": 2,
            "title": "“两个西红柿就要10块钱”",
            "original_title": "",
            "source_platform": "身边24小时",
            "source_url": "https://baijiahao.baidu.com/s?id=1854546470619753934",
            "content": "全国多地西红柿价格明显上涨，专家分析高价态势可能持续至3月下旬。",
            "image": "images/rank2__两个西红柿_20260118_024810.jpg"
        },
        {
            "rank": 3,
            "title": "男子从喉咙痛到进ICU只用1小时",
            "original_title": "",
            "source_platform": "大象新闻",
            "source_url": "https://baijiahao.baidu.com/s?id=1854577108121077756",
            "content": "陕西一男子因喉咙剧痛，1小时内发展至ICU抢救，诊断为急性会厌炎。",
            "image": "images/rank3_男子从喉咙痛_20260118_024810.jpg"
        },
        {
            "rank": 4,
            "title": "佛山一中学103人感染诺如病毒",
            "original_title": "",
            "source_platform": "红星新闻",
            "source_url": "https://news.qq.com/rain/a/20260117A05A8100",
            "content": "佛山一中学103名学生感染诺如病毒，均病情稳定，校方正排查病毒源头。",
            "image": "images/rank4_佛山一中学1_20260118_024810.jpg"
        },
        {
            "rank": 5,
            "title": "房地产去库存再加速",
            "original_title": "",
            "source_platform": "第一财经",
            "source_url": "https://news.qq.com/rain/a/20260117A0547J00",
            "content": "商业用房购房贷款最低首付比例降至30%，以支持构建房地产发展新模式。",
            "image": "images/rank5_房地产去库存_20260118_024810.jpg"
        },
        {
            "rank": 6,
            "title": "宁夏装死小羊身价暴涨至30万",
            "original_title": "",
            "source_platform": "极目新闻",
            "source_url": "https://www.toutiao.com/video/7595898125025247278/",
            "content": "宁夏一只装死小羊因网络走红，身价暴涨至30万元，引发关注。",
            "image": "images/rank6_宁夏装死小羊_20260118_024810.jpg"
        },
        {
            "rank": 7,
            "title": "花市“热”起来涌动节前消费暖流",
            "original_title": "",
            "source_platform": "央视网",
            "source_url": "https://www.toutiao.com/article/7596221194584605236",
            "content": "春节临近，广州岭南花卉市场热闹起来，年花交易逐渐升温。",
            "image": "images/rank7_花市_热_起_20260118_024810.jpg"
        },
        {
            "rank": 8,
            "title": "2000万成年人患ADHD存过早死亡风险",
            "original_title": "",
            "source_platform": "众播视频",
            "source_url": "https://baijiahao.baidu.com/s?id=1854581667407362445",
            "content": "国内2000万成年人患ADHD，症状持续至成年，存在过早死亡风险。",
            "image": "images/rank8_2000万成_20260118_024810.jpg"
        },
        {
            "rank": 9,
            "title": "本轮寒潮与08年冰灾范围相似",
            "original_title": "",
            "source_platform": "南方+客户端",
            "source_url": "https://www.toutiao.com/video/7595923325990207526/",
            "content": "本轮寒潮影响范围与2008年冰灾相似，中东部将出现大范围雨雪天气。",
            "image": "images/rank9_本轮寒潮与0_20260118_024810.jpg"
        }
    ],
    "timestamp": "20260118_024810"
}