{
    "news": [
        {
            "rank": 0,
            "title": "欧洲慌了！特朗普新秩序逼盟友",
            "original_title": "",
            "source_platform": "",
            "source_url": "",
            "content": "",
            "image": ""
        },
        {
            "rank": 1,
            "title": "美航母战斗群集结伊朗附近，卫星图像证实军事施压",
            "original_title": "US build-up of warships and fighter jets tracked near Iran",
            "source_platform": "BBC News",
            "source_url": "https://www.bbc.com/news/articles/c1d64p3q2d0o",
            "content": "BBC通过卫星图像确认美国航母“林肯号”已部署在伊朗附近海域，美军正通过集结舰机向伊朗施加军事压力。",
            "image": "images/rank1_美航母战斗群_20260217_062455.jpg"
        },
        {
            "rank": 2,
            "title": "好莱坞传奇罗伯特·杜瓦尔去世，享年95岁",
            "original_title": "Actor Robert Duvall, who starred in The Godfather, dies aged 95",
            "source_platform": "BBC News",
            "source_url": "https://www.bbc.com/news/articles/ce3g41z58vno",
            "content": "曾主演《教父》、《现代启示录》的奥斯卡影帝罗伯特·杜瓦尔在家中安详离世，享年95岁。",
            "image": "images/rank2_好莱坞传奇罗_20260217_062455.jpg"
        },
        {
            "rank": 3,
            "title": "奥巴马澄清外星人言论：存在但未造访地球",
            "original_title": "Obama clarifies views on aliens after saying 'they're real' on podcast",
            "source_platform": "BBC News",
            "source_url": "https://www.bbc.com/news/articles/cx2g4qglzz8o",
            "content": "美国前总统奥巴马澄清，宇宙中存在外星生命的概率很高，但他在任期间未发现外星人造访地球的证据。",
            "image": "images/rank3_奥巴马澄清外_20260217_062455.jpg"
        },
        {
            "rank": 4,
            "title": "女运动员回击针对其外貌的“怪异”评论",
            "original_title": "Female athletes hit back at 'weird' and 'derogatory' comments about their appearance",
            "source_platform": "BBC News",
            "source_url": "https://www.bbc.com/news/articles/c24g1jyl3vmo",
            "content": "多位国际女运动员表示，她们常在网上遭遇针对其外貌的贬损性评论，并强调运动表现与外表无关。",
            "image": "images/rank4_女运动员回击_20260217_062455.jpg"
        },
        {
            "rank": 5,
            "title": "意大利“情人拱门”在情人节当天坍塌入海",
            "original_title": "Italy's 'Lovers’ Arch' collapses into sea on Valentine's Day",
            "source_platform": "BBC News",
            "source_url": "https://www.bbc.com/news/articles/cpd8elz20jpo",
            "content": "意大利普利亚大区著名的天然岩石拱门“情人拱门”在情人节当天因恶劣天气坍塌入海，当地旅游业受打击。",
            "image": "images/rank5_意大利_情人_20260217_062455.jpg"
        },
        {
            "rank": 6,
            "title": "古象骨或证实汉尼拔率战象翻越阿尔卑斯山",
            "original_title": "Ancient bone may prove legendary war elephant crossing of Alps",
            "source_platform": "BBC News",
            "source_url": "https://www.bbc.com/news/articles/cdr2xl1e41eo",
            "content": "考古学家在西班牙发现一块大象足骨，可能为迦太基名将汉尼拔率战象军团远征欧洲的传说提供首个实物证据。",
            "image": "images/rank6_古象骨或证实_20260217_062455.jpg"
        },
        {
            "rank": 7,
            "title": "法国学生遇害案令极左翼政党承压",
            "original_title": "Student death puts French far-left under pressure",
            "source_platform": "BBC News",
            "source_url": "https://www.bbc.com/news/articles/c3630g3e802o",
            "content": "法国里昂一名学生遭“反法西斯”分子袭击身亡，事件引发政治风波，极左翼政党“不屈法国”面临巨大压力。",
            "image": "images/rank7_法国学生遇害_20260217_062455.jpg"
        },
        {
            "rank": 8,
            "title": "洛根·保罗稀有宝可梦卡拍出1650万美元天价",
            "original_title": "Logan Paul’s ‘holy grail’ of Pokémon cards sells for $16.5 million, with a diamond necklace thrown in",
            "source_platform": "CNN",
            "source_url": "https://edition.cnn.com/2026/02/16/americas/pokemon-card-logan-paul-record-auction-intl-hnk",
            "content": "网红兼摔角手洛根·保罗收藏的一张稀有“皮卡丘插画家”宝可梦卡以1650万美元成交，创下新纪录并附赠钻石项链。",
            "image": "images/rank8_洛根_保罗稀_20260217_062455.jpg"
        },
        {
            "rank": 9,
            "title": "叙利亚政府军挺进北部，试图弥合内战最大裂痕",
            "original_title": "Syria Crosses a Threshold",
            "source_platform": "New York Times",
            "source_url": "https://www.nytimes.com/2026/02/16/world/middleeast/syria-army-kurds-war.html",
            "content": "叙利亚政府军进入北部大片新区域，旨在消除内战遗留的最大裂痕，当地面临严重的人道需求与深刻分裂。",
            "image": "images/rank9_叙利亚政府军_20260217_062455.jpg"
        }
    ],
    "timestamp": "20260217_062455"
}