{
    "news": [
        {
            "rank": 0,
            "title": "白发真能变黑吗？",
            "original_title": "",
            "source_platform": "",
            "source_url": "",
            "content": "",
            "image": ""
        },
        {
            "rank": 1,
            "title": "体检报告这些异常只是看起来可怕",
            "original_title": "",
            "source_platform": "新华社客户端",
            "source_url": "https://baijiahao.baidu.com/s?id=1855530904329823671",
            "content": "专家指出，体检报告中部分“异常”指标可能只是暂时性或良性变化，无需过度担忧。",
            "image": "images/rank1_体检报告这些_20260129_062355.jpg"
        },
        {
            "rank": 2,
            "title": "宝马下月起全面启用新Logo",
            "original_title": "",
            "source_platform": "驱动之家",
            "source_url": "https://baijiahao.baidu.com/s?id=1855557850895202114",
            "content": "宝马将于2026年2月起在全系车型启用第七代品牌标识，取消镀铬元素，统一燃油与电动车型标识。",
            "image": "images/rank2_宝马下月起全_20260129_062355.jpg"
        },
        {
            "rank": 3,
            "title": "小学老师给交白卷的学生发奖状",
            "original_title": "",
            "source_platform": "凤凰网",
            "source_url": "https://baijiahao.baidu.com/s?id=1855588994074463757",
            "content": "山西运城一班主任为近期考试交白卷的学生颁发奖状，因其是班级“小太阳”，常主动帮助他人。",
            "image": "images/rank3_小学老师给交_20260129_062355.jpg"
        },
        {
            "rank": 4,
            "title": "AI将替代9200万工作岗位",
            "original_title": "",
            "source_platform": "红星视频",
            "source_url": "https://baijiahao.baidu.com/s?id=1855563833528525856",
            "content": "世界经济论坛报告预测，到2030年AI将替代9200万个工作岗位，我国将出台文件应对影响。",
            "image": "images/rank4_AI将替代9_20260129_062355.jpg"
        },
        {
            "rank": 5,
            "title": "第1个被“财神爷”锁定的孩子出现了",
            "original_title": "",
            "source_platform": "北京日报客户端",
            "source_url": "https://baijiahao.baidu.com/s?id=1855563673274958417",
            "content": "义乌一男童头部卡入“财神爷”雕塑双手空隙，消防员成功救援，男孩身体无大碍。",
            "image": "images/rank5_第1个被_财_20260129_062355.jpg"
        },
        {
            "rank": 6,
            "title": "景区日薪800元招不到“项羽”演员",
            "original_title": "",
            "source_platform": "经视直播",
            "source_url": "https://baijiahao.baidu.com/s?id=1855585899286710954",
            "content": "江苏徐州方特景区招聘项羽角色演员，日薪500-800元，因身高要求190cm以上仍未招到合适人选。",
            "image": "images/rank6_景区日薪80_20260129_062355.jpg"
        },
        {
            "rank": 7,
            "title": "春节9天免收小型客车通行费",
            "original_title": "",
            "source_platform": "上观新闻",
            "source_url": "https://news.qq.com/rain/a/20260128A0642D00",
            "content": "交通运输部通知，2026年春节假期共9天，期间免收7座及以下小型客车通行费。",
            "image": "images/rank7_春节9天免收_20260129_062355.jpg"
        },
        {
            "rank": 8,
            "title": "武汉理工毕业的保安称已被开除",
            "original_title": "",
            "source_platform": "大河报",
            "source_url": "https://news.qq.com/rain/a/20260128A06C1600",
            "content": "武汉理工大学毕业生当保安，因在互联网分享经历被母校约谈，近日自称已被保安岗位开除。",
            "image": "images/rank8_武汉理工毕业_20260129_062355.jpg"
        },
        {
            "rank": 9,
            "title": "马化腾：腾讯已退出京东美团投资",
            "original_title": "",
            "source_platform": "观察者网",
            "source_url": "https://www.toutiao.com/w/1855482451259395/",
            "content": "马化腾在腾讯年会上透露，公司已从京东、美团等外卖大战相关投资中退出，避免烧钱竞争。",
            "image": "images/rank9_马化腾_腾讯_20260129_062355.jpg"
        }
    ],
    "timestamp": "20260129_062355"
}