{
    "news": [
        {
            "rank": 0,
            "title": "特朗普关税大棒砸向欧洲！格陵兰主权争夺战全面升级？",
            "original_title": "",
            "source_platform": "",
            "source_url": "",
            "content": "",
            "image": ""
        },
        {
            "rank": 1,
            "title": "伊朗最高领袖首次承认数千人在抗议中死亡",
            "original_title": "Iran supreme leader admits thousands killed during recent protests",
            "source_platform": "BBC News",
            "source_url": "https://www.bbc.com/news/articles/ckglee733wno",
            "content": "伊朗最高领袖哈梅内伊首次公开承认，近期抗议中有数千人死亡，并将责任归咎于美国。",
            "image": "images/rank1_伊朗最高领袖_20260118_024810.jpg"
        },
        {
            "rank": 2,
            "title": "加拿大哈钦森家族购得苏格兰斯凯岛2万英亩半岛",
            "original_title": "Canadian family buys Skye's 20,000-acre Sleat Peninsula",
            "source_platform": "BBC News",
            "source_url": "https://www.bbc.com/news/articles/cdrekvr63v8o",
            "content": "一个加拿大家族购得苏格兰斯凯岛2万英亩的斯利特半岛及历史悠久的阿马代尔城堡遗址。",
            "image": "images/rank2_加拿大哈钦森_20260118_024810.jpg"
        },
        {
            "rank": 3,
            "title": "格陵兰与丹麦爆发抗议，反对特朗普购岛计划",
            "original_title": "Protests in Greenland and Denmark against Trump plans",
            "source_platform": "BBC News",
            "source_url": "https://www.bbc.com/news/articles/c338rm41y88o",
            "content": "格陵兰和丹麦数千人抗议美国总统特朗普计划接管格陵兰，特朗普威胁对反对其计划的欧洲国家加征关税。",
            "image": "images/rank3_格陵兰与丹麦_20260118_024810.png"
        },
        {
            "rank": 4,
            "title": "美国法官限制ICE对明尼阿波利斯抗议者的处置方式",
            "original_title": "US judge restricts ICE response to Minneapolis protesters",
            "source_platform": "BBC News",
            "source_url": "https://www.bbc.com/news/articles/cvgprwlplqwo",
            "content": "美国联邦法官发布命令，限制移民海关执法局对明尼阿波利斯“和平”抗议者使用逮捕和胡椒喷雾等战术。",
            "image": "images/rank4_美国法官限制_20260118_024810.jpg"
        },
        {
            "rank": 5,
            "title": "瑞士酒吧火灾遇难员工家属称其未获安全培训",
            "original_title": "Swiss bar employee who reportedly held sparkler unaware of dangers, family says",
            "source_platform": "BBC News",
            "source_url": "https://www.bbc.com/news/articles/ckgvjnxpp9zo",
            "content": "瑞士酒吧火灾遇难员工家属律师称，该员工未接受安全培训，不知晓天花板易燃的危险。",
            "image": "images/rank5_瑞士酒吧火灾_20260118_024810.jpg"
        },
        {
            "rank": 6,
            "title": "黄牛党夫妇被勒令归还300万英镑否则将入狱",
            "original_title": "Sheeran touts ordered to pay back £3m or face jail",
            "source_platform": "BBC News",
            "source_url": "https://www.bbc.com/news/articles/cr57vyv27mno",
            "content": "一对从事数百万英镑门票欺诈的夫妇被勒令在三个月内归还300万英镑，否则将面临监禁。",
            "image": "images/rank6_黄牛党夫妇被_20260118_024810.jpg"
        },
        {
            "rank": 7,
            "title": "OpenAI将在ChatGPT免费版中测试基于对话的广告",
            "original_title": "ChatGPT to start showing users ads based on their conversations",
            "source_platform": "CNN",
            "source_url": "https://edition.cnn.com/2026/01/16/tech/chatgpt-ads-openai",
            "content": "OpenAI宣布将在ChatGPT免费版中测试广告，根据用户对话内容推荐产品。",
            "image": "images/rank7_OpenAI_20260118_024810.jpg"
        },
        {
            "rank": 8,
            "title": "NASA阿尔忒弥斯任务巨型火箭缓慢移向发射台",
            "original_title": "Artemis mission live: NASA's mega-rocket painstakingly crawls towards launch pad",
            "source_platform": "Sky News",
            "source_url": "https://news.sky.com/story/artemis-mission-live-nasa-mega-rocket-to-be-rolled-onto-launch-pad-13494699",
            "content": "NASA用于载人绕月测试飞行的巨型火箭正缓慢移向肯尼迪航天中心的发射台。",
            "image": "images/rank8_NASA阿尔_20260118_024810.jpg"
        },
        {
            "rank": 9,
            "title": "俄罗斯“弗兰肯斯坦坦克”引发军方对无人机时代战术的辩论",
            "original_title": "Is the Russian Military Adapting Effectively to the Drone Age?",
            "source_platform": "New York Times",
            "source_url": "https://www.nytimes.com/2026/01/17/world/europe/russia-debate-drones-battle-tactics.html",
            "content": "乌克兰战场视频显示俄罗斯改装坦克遭无人机多次打击，引发俄军方对无人机时代战术有效性的激烈辩论。",
            "image": "images/rank9_俄罗斯_弗兰_20260118_024810.jpg"
        }
    ],
    "timestamp": "20260118_024810"
}