{
    "news": [
        {
            "rank": 0,
            "title": "首相道歉！AI震市！",
            "original_title": "",
            "source_platform": "",
            "source_url": "",
            "content": "",
            "image": ""
        },
        {
            "rank": 1,
            "title": "美副总统称欧洲盟友在格陵兰问题上对美让步更多",
            "original_title": "Europeans don't admit Greenland concessions, JD Vance says",
            "source_platform": "BBC News",
            "source_url": "https://www.bbc.com/news/articles/cdx41r62601o",
            "content": "美国副总统万斯称，欧洲盟友在格陵兰问题上对美国的让步比公开承认的要多，暗示美方已获得比最初更多的利益。",
            "image": "images/rank1_美副总统称欧_20260206_062340.jpg"
        },
        {
            "rank": 2,
            "title": "加拿大歌手为美国奥运队宣传遭本国网民抨击",
            "original_title": "Canadian  singer Tate McRae faces backlash for promoting Team USA",
            "source_platform": "BBC News",
            "source_url": "https://www.bbc.com/news/articles/czx1v91rqxzo",
            "content": "加拿大流行歌手泰特·麦克雷因在宣传视频中为美国奥运队助威而引发本国网民强烈不满，被批“背叛”。",
            "image": "images/rank2_加拿大歌手为_20260206_062340.jpg"
        },
        {
            "rank": 3,
            "title": "日本富士山脚下樱花节因游客行为不端被取消",
            "original_title": "Japanese city cancels cherry blossom festival over badly behaved tourists",
            "source_platform": "BBC News",
            "source_url": "https://www.bbc.com/news/articles/c1wzrlndzjro",
            "content": "日本富士吉田市因游客激增导致交通拥堵、乱扔垃圾甚至擅闯私宅，决定取消今年的樱花节以保护居民生活环境。",
            "image": "images/rank3_日本富士山脚_20260206_062340.jpg"
        },
        {
            "rank": 4,
            "title": "波多黎各歌手Bad Bunny坦言因超级碗中场秀失眠",
            "original_title": "Bad Bunny says he's losing sleep over the Super Bowl",
            "source_platform": "BBC News",
            "source_url": "https://www.bbc.com/news/articles/clyzwd2n75no",
            "content": "波多黎各说唱歌手Bad Bunny承认，在即将到来的超级碗中场秀表演前压力巨大，甚至凌晨四点醒来思考。",
            "image": "images/rank4_波多黎各歌手_20260206_062340.jpg"
        },
        {
            "rank": 5,
            "title": "索马里一地区罕见对一名谋杀女童的妇女执行死刑",
            "original_title": "Somali woman executed for murdering a child in a case that sparked outrage",
            "source_platform": "BBC News",
            "source_url": "https://www.bbc.com/news/articles/c3r15929grwo",
            "content": "索马里邦特兰地区一名妇女因谋杀一名14岁女童被判处死刑并已执行，此案在当地引发了对儿童保护的广泛呼吁。",
            "image": "images/rank5_索马里一地区_20260206_062340.jpg"
        },
        {
            "rank": 6,
            "title": "NHL选秀热门新星被控重罪袭击",
            "original_title": "Top NHL draft prospect Gavin McKenna charged with assault",
            "source_platform": "BBC News",
            "source_url": "https://www.bbc.com/news/articles/cvgr2vnmg5jo",
            "content": "被预测为NHL选秀状元的加拿大冰球新星加文·麦肯纳在美国宾夕法尼亚州被控重罪袭击和骚扰，已获保释。",
            "image": "images/rank6_NHL选秀热_20260206_062340.jpg"
        },
        {
            "rank": 7,
            "title": "范思哲任命新设计师引品牌风格争议",
            "original_title": "Is Versace’s new designer too brainy for this sexy brand?",
            "source_platform": "CNN",
            "source_url": "https://edition.cnn.com/2026/02/05/style/versace-prada-group-names-pieter-mulier-new-designer",
            "content": "以性感著称的意大利奢侈品牌范思哲任命皮特·穆利尔为新设计师，外界质疑其“脑力型”风格是否适合该品牌。",
            "image": "images/rank7_范思哲任命新_20260206_062340.jpg"
        },
        {
            "rank": 8,
            "title": "新AI模型引发华尔街软件股震荡",
            "original_title": "The AI that spooked the stock market just got a big update",
            "source_platform": "CNN",
            "source_url": "https://edition.cnn.com/2026/02/05/tech/anthropic-opus-update-software-stocks",
            "content": "Anthropic公司发布Claude Opus 4.6模型，其AI助手功能引发市场对专业软件被替代的担忧，导致相关股票大跌。",
            "image": "images/rank8_新AI模型引_20260206_062340.jpg"
        },
        {
            "rank": 9,
            "title": "研究首次表明类人猿也具有假装游戏能力",
            "original_title": "At a ‘Tea Party’ With Scientists, This Ape Showed Some Imagination",
            "source_platform": "New York Times",
            "source_url": "https://www.nytimes.com/2026/02/05/science/bonobos-apes-imagination.html",
            "content": "科学家研究发现，倭黑猩猩能够进行假装游戏，这表明想象力可能源于人类与类人猿的共同祖先。",
            "image": "images/rank9_研究首次表明_20260206_062340.jpg"
        }
    ],
    "timestamp": "20260206_062340"
}