{
    "news": [
        {
            "rank": 0,
            "title": "【轰动】风波再起！众明星卷入，谁能独善其身？",
            "original_title": "",
            "source_platform": "",
            "source_url": "",
            "content": "",
            "image": ""
        },
        {
            "rank": 1,
            "title": "央视2026年春晚完成第四次彩排",
            "original_title": "",
            "source_platform": "腾讯娱乐",
            "source_url": "https://news.qq.com/rain/a/20260208A05LD700",
            "content": "央视2026年春晚完成第四次彩排",
            "image": "images/rank1_央视2026_20260209_062403.jpg"
        },
        {
            "rank": 2,
            "title": "2026中国网络视听盛典：魏大勋化身时光行者",
            "original_title": "",
            "source_platform": "腾讯娱乐",
            "source_url": "https://news.qq.com/rain/a/20260207V072Z700",
            "content": "2026中国网络视听盛典：魏大勋化身时光行者",
            "image": "images/rank2_2026中国_20260209_062403.jpg"
        },
        {
            "rank": 3,
            "title": "Ella陈嘉桦南宁演唱会魅力四射",
            "original_title": "",
            "source_platform": "腾讯娱乐",
            "source_url": "https://news.qq.com/rain/a/20260208V03YYJ00",
            "content": "Ella陈嘉桦南宁演唱会魅力四射",
            "image": "images/rank3_Ella陈嘉_20260209_062403.jpg"
        },
        {
            "rank": 4,
            "title": "赵心童世界大奖赛夺冠",
            "original_title": "",
            "source_platform": "抖音热榜",
            "source_url": "https://www.douyin.com/hot/2394272",
            "content": "赵心童世界大奖赛夺冠",
            "image": "images/rank4_赵心童世界大_20260209_062403.jpg"
        },
        {
            "rank": 5,
            "title": "亚洲杯孙颖莎4:3王曼昱夺冠",
            "original_title": "",
            "source_platform": "抖音热榜",
            "source_url": "https://www.douyin.com/hot/2394011",
            "content": "亚洲杯孙颖莎4:3王曼昱夺冠",
            "image": "images/rank5_亚洲杯孙颖莎_20260209_062403.jpg"
        },
        {
            "rank": 6,
            "title": "年货快递春节不停",
            "original_title": "",
            "source_platform": "抖音热榜",
            "source_url": "https://www.douyin.com/hot/2394225",
            "content": "年货快递春节不停",
            "image": "images/rank6_年货快递春节_20260209_062403.jpg"
        },
        {
            "rank": 7,
            "title": "亚洲杯王楚钦夺冠",
            "original_title": "",
            "source_platform": "抖音热榜",
            "source_url": "https://www.douyin.com/hot/2393979",
            "content": "亚洲杯王楚钦夺冠",
            "image": "images/rank7_亚洲杯王楚钦_20260209_062403.jpg"
        },
        {
            "rank": 8,
            "title": "新年流光贵女妆",
            "original_title": "",
            "source_platform": "抖音热榜",
            "source_url": "https://www.douyin.com/hot/2393939",
            "content": "新年流光贵女妆",
            "image": "images/rank8_新年流光贵女_20260209_062403.jpg"
        },
        {
            "rank": 9,
            "title": "新年马“甲”变装挑战",
            "original_title": "",
            "source_platform": "抖音热榜",
            "source_url": "https://www.douyin.com/hot/2393674",
            "content": "新年马“甲”变装挑战",
            "image": "images/rank9_新年马_甲__20260209_062403.jpg"
        }
    ],
    "timestamp": "20260209_062403"
}