{
    "news": [
        {
            "rank": 0,
            "title": "毒枭毙命，全球炸锅！",
            "original_title": "",
            "source_platform": "",
            "source_url": "",
            "content": "",
            "image": ""
        },
        {
            "rank": 1,
            "title": "特朗普怒斥军方高层对伊朗动武警告",
            "original_title": "Trump hits out at reports that top US general warned against attacking Iran",
            "source_platform": "BBC News",
            "source_url": "https://www.bbc.com/news/articles/cn0zrwzr519o",
            "content": "特朗普驳斥了其最高军事顾问警告对伊朗空袭风险的报道，称该将军认为战争将“轻易获胜”。",
            "image": "images/rank1_特朗普怒斥军_20260225_063003.jpg"
        },
        {
            "rank": 2,
            "title": "英国巧克力被锁进防盗盒防“订单式盗窃”",
            "original_title": "Chocolate kept in anti-theft boxes as shops warn it's being stolen to order",
            "source_platform": "BBC News",
            "source_url": "https://www.bbc.com/news/articles/ce3gqr7p0lqo",
            "content": "英国部分商店将巧克力棒锁入塑料盒，零售商和警方警告称，窃贼正按订单进行盗窃。",
            "image": "images/rank2_英国巧克力被_20260225_063003.jpg"
        },
        {
            "rank": 3,
            "title": "俄士兵向BBC披露曾目睹指挥官下令处决拒战同袍",
            "original_title": "Russian soldiers tell BBC they saw fellow troops executed on commanders' orders",
            "source_platform": "BBC News",
            "source_url": "https://www.bbc.com/news/articles/cz7gw3l395ro",
            "content": "四名俄罗斯士兵向BBC讲述了前线目睹的恐怖与残酷，包括指挥官下令处决拒绝命令的士兵。",
            "image": "images/rank3_俄士兵向BB_20260225_063003.jpg"
        },
        {
            "rank": 4,
            "title": "美政府撤销对民主党议员“非法命令”视频案指控",
            "original_title": "US government drops case against Democrats in 'illegal orders' video",
            "source_platform": "BBC News",
            "source_url": "https://www.bbc.com/news/articles/c20z7yplp7po",
            "content": "联邦检察官撤销了对六名民主党议员的指控，他们曾发布视频呼吁军人拒绝执行非法命令。",
            "image": "images/rank4_美政府撤销对_20260225_063003.jpg"
        },
        {
            "rank": 5,
            "title": "美驻法大使与法外长通话缓和外交风波",
            "original_title": "US ambassador to France set for talks with foreign minister after row",
            "source_platform": "BBC News",
            "source_url": "https://www.bbc.com/news/articles/c8d5eg5pl34o",
            "content": "美驻法大使库什纳与法外长通话，承诺不干涉法国内政，双方同意未来几日会面。",
            "image": "images/rank5_美驻法大使与_20260225_063003.jpg"
        },
        {
            "rank": 6,
            "title": "巴黎圣日耳曼球星哈基米被下令就强奸案受审",
            "original_title": "Judge orders PSG soccer star Achraf Hakimi to stand trial in rape case, lawyer says appeal planned",
            "source_platform": "CNN",
            "source_url": "https://edition.cnn.com/2026/02/24/sport/achraf-hakimi-psg-rape-trial",
            "content": "巴黎圣日耳曼和摩洛哥后卫阿什拉夫·哈基米被法官下令就强奸案接受审判，其律师表示将上诉。",
            "image": "images/rank6_巴黎圣日耳曼_20260225_063003.jpg"
        },
        {
            "rank": 7,
            "title": "五角大楼威胁AI公司若不解除安全限制将遭封杀",
            "original_title": "Pentagon threatens to make Anthropic a pariah if it refuses to drop AI guardrails",
            "source_platform": "CNN",
            "source_url": "https://edition.cnn.com/2026/02/24/tech/hegseth-anthropic-ai-military-amodei",
            "content": "美国防部威胁AI公司Anthropic，若不在期限内解除其AI模型的安全限制，将终止合同并可能将其列入黑名单。",
            "image": "images/rank7_五角大楼威胁_20260225_063003.jpg"
        },
        {
            "rank": 8,
            "title": "卢浮宫馆长在王室珠宝失窃案后辞职",
            "original_title": "Louvre Director Resigns, Months After Burglars Stole Crown Jewels",
            "source_platform": "New York Times",
            "source_url": "https://www.nytimes.com/2026/02/24/world/europe/louvre-director-resigns-heist.html",
            "content": "卢浮宫首位女馆长劳伦斯·德·卡尔斯在博物馆发生王室珠宝失窃案后辞职，法国总统已接受其辞呈。",
            "image": "images/rank8_卢浮宫馆长在_20260225_063003.jpg"
        },
        {
            "rank": 9,
            "title": "伊朗民众在战争威胁下囤积物资准备逃离",
            "original_title": "Iranians Brace for War Beneath Veneer of Normalcy",
            "source_platform": "New York Times",
            "source_url": "https://www.nytimes.com/2026/02/24/world/middleeast/iran-preparations-war.html",
            "content": "随着美伊谈判进入关键阶段，部分伊朗民众开始打包应急物资、购买发电机，或计划逃往乡村及国外。",
            "image": "images/rank9_伊朗民众在战_20260225_063003.jpg"
        }
    ],
    "timestamp": "20260225_063003"
}