{
    "news": [
        {
            "rank": 0,
            "title": "娱乐资讯精选 | 01月10日热点",
            "content": "今日娱乐资讯精选：闫学晶多个平台账号被禁止关注、《人之初》惊艳收官、曾志伟辞任TVB总经理等热点话题"
        },
        {
            "rank": 1,
            "title": "闫学晶多个平台账号被禁止关注",
            "source_platform": "腾讯娱乐",
            "source_url": "https://news.qq.com/rain/a/20260110A01MZR00",
            "content": "闫学晶多个平台账号被禁止关注",
            "image": "images/rank1_闫学晶多_20260110_221739.jpg"
        },
        {
            "rank": 2,
            "title": "《人之初》惊艳收官",
            "source_platform": "腾讯娱乐",
            "source_url": "https://news.qq.com/rain/a/20260109A019IR00",
            "content": "《人之初》惊艳收官",
            "image": "images/rank2_《人之初_20260110_221739.jpg"
        },
        {
            "rank": 3,
            "title": "曾志伟辞任TVB总经理",
            "source_platform": "腾讯娱乐",
            "source_url": "https://news.qq.com/rain/a/20260110A0306C00",
            "content": "曾志伟辞任TVB总经理",
            "image": "images/rank3_曾志伟辞_20260110_221739.jpg"
        },
        {
            "rank": 4,
            "title": "俄罗斯回应特朗普释放俄船员",
            "source_platform": "抖音",
            "source_url": "https://www.douyin.com/hot/2362921",
            "content": "俄罗斯回应特朗普释放俄船员",
            "image": "images/rank4_俄罗斯回_20260110_221739_resized.jpg"
        },
        {
            "rank": 5,
            "title": "印度拟考虑取消中企竞标限制",
            "source_platform": "抖音",
            "source_url": "https://www.douyin.com/hot/2362975",
            "content": "印度拟考虑取消中企竞标限制",
            "image": "images/rank5_印度拟考_20260110_221739_resized.jpg"
        },
        {
            "rank": 6,
            "title": "小票根背后的千亿级产业链",
            "source_platform": "抖音",
            "source_url": "https://www.douyin.com/hot/2363732",
            "content": "小票根背后的千亿级产业链",
            "image": "images/rank6_小票根背_20260110_221739_resized.jpg"
        },
        {
            "rank": 7,
            "title": "《原神》哥伦比娅角色PV——「存于何处」",
            "source_platform": "哔哩哔哩",
            "source_url": "https://www.bilibili.com/video/BV1ZHiyBkExG",
            "content": "《原神》哥伦比娅角色PV——「存于何处」",
            "image": "images/rank7_《原神》_20260110_221739_resized.jpg"
        },
        {
            "rank": 8,
            "title": "史上最燃的一场比赛！！！《下一个是谁6》03",
            "source_platform": "哔哩哔哩",
            "source_url": "https://www.bilibili.com/video/BV1nDi9ByELu",
            "content": "史上最燃的一场比赛！！！《下一个是谁6》03",
            "image": "images/rank8_史上最燃_20260110_221739_resized.jpg"
        },
        {
            "rank": 9,
            "title": "羊村第五季（2）",
            "source_platform": "哔哩哔哩",
            "source_url": "https://www.bilibili.com/video/BV1DDiXBREQK",
            "content": "羊村第五季（2）",
            "image": "images/rank9_羊村第五_20260110_221739_resized.jpg"
        }
    ],
    "timestamp": "20260110_221739"
}