{
    "news": [
        {
            "rank": 0,
            "title": "黄金跌破1500元？",
            "original_title": "",
            "source_platform": "",
            "source_url": "",
            "content": "",
            "image": ""
        },
        {
            "rank": 1,
            "title": "腾讯元宝DAU超5000万",
            "original_title": "",
            "source_platform": "腾讯科技",
            "source_url": "https://news.qq.com/rain/a/20260218A05TCO00",
            "content": "腾讯宣布其AI产品元宝日活跃用户超5000万，月活达1.14亿，春节期间用户参与度极高。",
            "image": "images/rank1_腾讯元宝DA_20260219_062944.jpg"
        },
        {
            "rank": 2,
            "title": "水贝黄金克价跌破1500元",
            "original_title": "",
            "source_platform": "红星新闻",
            "source_url": "https://news.qq.com/rain/a/20260218A06NSZ00",
            "content": "春节深圳水贝黄金市场持续营业，多品牌足金饰品克价跌破1500元，吸引大量外省游客购买。",
            "image": "images/rank2_水贝黄金克价_20260219_062944.jpg"
        },
        {
            "rank": 3,
            "title": "湖北52口人自办家庭春晚",
            "original_title": "",
            "source_platform": "红星新闻",
            "source_url": "https://baijiahao.baidu.com/s?id=1857465106940954950",
            "content": "湖北恩施一大家族52名成员在自家院落举办第二届家庭春晚，表演农具走秀等22个乡土节目，获网友点赞。",
            "image": "images/rank3_湖北52口人_20260219_062944.jpg"
        },
        {
            "rank": 4,
            "title": "扛楼小伙回应年入35万",
            "original_title": "",
            "source_platform": "潇湘晨报",
            "source_url": "https://baijiahao.baidu.com/s?id=1857468957544202914",
            "content": "长沙04年扛楼工叶龙康回应年入35万质疑，称其中15万为扛楼收入，20万来自互联网账号收益。",
            "image": "images/rank4_扛楼小伙回应_20260219_062944.jpg"
        },
        {
            "rank": 5,
            "title": "99.9%人选错最佳观影位",
            "original_title": "",
            "source_platform": "人民日报",
            "source_url": "https://baijiahao.baidu.com/s?id=1857450353846309935",
            "content": "最佳观影位置并非简单选择最中间，需结合电影类型、影厅规格、屏幕大小等多因素综合考量。",
            "image": "images/rank5_99_9_人_20260219_062944.jpg"
        },
        {
            "rank": 6,
            "title": "中国中东部将现极端气温",
            "original_title": "",
            "source_platform": "央视新闻",
            "source_url": "https://baijiahao.baidu.com/s?id=1857457556121294248",
            "content": "2月20日至21日，中国中东部将出现极端气温震荡，河北、山东等地最高气温较常年偏高10-15℃。",
            "image": "images/rank6_中国中东部将_20260219_062944.jpg"
        },
        {
            "rank": 7,
            "title": "春晚主持人刘心悦体重93斤",
            "original_title": "",
            "source_platform": "光明网",
            "source_url": "https://www.toutiao.com/article/7607989156572086820/",
            "content": "央视春晚主持人刘心悦在社交平台透露体重仅93斤，其沉稳大气的主持风格被赞为“空降黑马”。",
            "image": "images/rank7_春晚主持人刘_20260219_062944.jpg"
        },
        {
            "rank": 8,
            "title": "“去中国过年”成全球新风尚",
            "original_title": "",
            "source_platform": "央视新闻",
            "source_url": "https://www.toutiao.com/article/7608104369107501568",
            "content": "今年春节外国游客机票预订量同比激增超4倍，入境游持续升温，“去中国过年”成为全球新风尚。",
            "image": "images/rank8__去中国过年_20260219_062944.jpg"
        },
        {
            "rank": 9,
            "title": "初三记得睡懒觉迎好运",
            "original_title": "",
            "source_platform": "菜邮",
            "source_url": "https://baijiahao.baidu.com/s?id=1822718596834406791",
            "content": "大年初三赤狗日，传统习俗讲究睡懒觉、不出门以避是非，寓意马年健康顺遂。",
            "image": "images/rank9_初三记得睡懒_20260219_062944.jpg"
        }
    ],
    "timestamp": "20260219_062944"
}