{
    "news": [
        {
            "rank": 0,
            "title": "【翻车】人设崩塌？争议不断的明星们经历了什么",
            "original_title": "",
            "source_platform": "",
            "source_url": "",
            "content": "",
            "image": ""
        },
        {
            "rank": 1,
            "title": "春节档次日票房8亿 四部新片开分",
            "original_title": "",
            "source_platform": "腾讯娱乐",
            "source_url": "https://news.qq.com/rain/a/20260218A06NN300",
            "content": "春节档次日票房8亿 四部新片开分",
            "image": "images/rank1_春节档次日票_20260219_062944.jpg"
        },
        {
            "rank": 2,
            "title": "王菲化妆师回应造型翻车：问就是AI",
            "original_title": "",
            "source_platform": "腾讯娱乐",
            "source_url": "https://news.qq.com/rain/a/20260218A01NOI00",
            "content": "王菲化妆师回应造型翻车：问就是AI",
            "image": "images/rank2_王菲化妆师回_20260219_062944.jpg"
        },
        {
            "rank": 3,
            "title": "徐梦桃曾在《浪姐》谈夺冠心情",
            "original_title": "",
            "source_platform": "腾讯娱乐",
            "source_url": "https://news.qq.com/rain/a/20260218V06MSO00",
            "content": "徐梦桃曾在《浪姐》谈夺冠心情",
            "image": "images/rank3_徐梦桃曾在__20260219_062944.jpg"
        },
        {
            "rank": 4,
            "title": "朱一龙杨幂谈对手戏印象：过瘾！享受！",
            "original_title": "",
            "source_platform": "腾讯娱乐",
            "source_url": "https://news.qq.com/rain/a/20260218V03HI700",
            "content": "朱一龙杨幂谈对手戏印象：过瘾！享受！",
            "image": "images/rank4_朱一龙杨幂谈_20260219_062944.jpg"
        },
        {
            "rank": 5,
            "title": "苏翊鸣摘米兰冬奥会中国队首金",
            "original_title": "",
            "source_platform": "抖音热榜",
            "source_url": "https://www.douyin.com/hot/2404758",
            "content": "苏翊鸣摘米兰冬奥会中国队首金",
            "image": "images/rank5_苏翊鸣摘米兰_20260219_062944.jpg"
        },
        {
            "rank": 6,
            "title": "春晚机器人幕后花絮大放送",
            "original_title": "",
            "source_platform": "抖音热榜",
            "source_url": "https://www.douyin.com/hot/2404782",
            "content": "春晚机器人幕后花絮大放送",
            "image": "images/rank6_春晚机器人幕_20260219_062944.jpg"
        },
        {
            "rank": 7,
            "title": "空中技巧徐梦桃邵琪分获冠季军",
            "original_title": "",
            "source_platform": "抖音热榜",
            "source_url": "https://www.douyin.com/hot/2405190",
            "content": "空中技巧徐梦桃邵琪分获冠季军",
            "image": "images/rank7_空中技巧徐梦_20260219_062944.jpg"
        },
        {
            "rank": 8,
            "title": "“2026”春晚小品《心病》-网络烂梗篇",
            "original_title": "",
            "source_platform": "惜缘、过去",
            "source_url": "https://www.bilibili.com/video/BV1wzZKBPEwd",
            "content": "“2026”春晚小品《心病》-网络烂梗篇",
            "image": "images/rank8__2026__20260219_062944.jpg"
        },
        {
            "rank": 9,
            "title": "【星穹铁道乐子大会】斯科特同人单曲《孤狼》",
            "original_title": "",
            "source_platform": "星穹餐车茶话会",
            "source_url": "https://www.bilibili.com/video/BV1ZLchziEDB",
            "content": "【星穹铁道乐子大会】斯科特同人单曲《孤狼》",
            "image": "images/rank9__星穹铁道乐_20260219_062944.jpg"
        }
    ],
    "timestamp": "20260219_062944"
}