{
    "news": [
        {
            "rank": 0,
            "title": "羽绒服会爆炸？",
            "original_title": "",
            "source_platform": "",
            "source_url": "",
            "content": "",
            "image": ""
        },
        {
            "rank": 1,
            "title": "暴雪天22名演员为唯一观众唱完全场",
            "original_title": "",
            "source_platform": "济南日报",
            "source_url": "https://baijiahao.baidu.com/s?id=1855297651093568715",
            "content": "近日，一段“暴雪天22名曲剧演员为唯一观众唱完全场”的视频引发关注。视频中，大雪纷飞，戏台上曲剧演员挥舞衣袖，戏台下一名老人身上落满了雪，却仍在认真看戏。",
            "image": "images/rank1_暴雪天22名_20260126_061807.jpg"
        },
        {
            "rank": 2,
            "title": "羽绒服这样洗可能会爆炸",
            "original_title": "",
            "source_platform": "央视新闻",
            "source_url": "https://baijiahao.baidu.com/s?id=1855305168734794041",
            "content": "机洗羽绒服存在爆炸风险，尤其在老式波轮洗衣机中，因防水涂层和高速脱水导致气体积聚，可能引发爆炸事故，需高度重视。",
            "image": "images/rank2_羽绒服这样洗_20260126_061807.jpg"
        },
        {
            "rank": 3,
            "title": "00后月薪9000 花5000买“秒回”",
            "original_title": "",
            "source_platform": "湖南日报",
            "source_url": "https://baijiahao.baidu.com/s?id=1855254823997672233",
            "content": "当下，一种名为“秒回师”的新职业在社交平台悄然兴起。消费者可以像订外卖一样，将情绪与困扰“下单”给屏幕另一端的陌生人，并获得全天候的倾听与即时回应。",
            "image": "images/rank3_00后月薪9_20260126_061807.jpg"
        },
        {
            "rank": 4,
            "title": "10个月宝宝35斤 姥姥累到大喘气",
            "original_title": "",
            "source_platform": "star星视频",
            "source_url": "https://baijiahao.baidu.com/s?id=1855310711778111413",
            "content": "黑龙江一名10个月大的婴儿体重达35斤，其姥姥因抱不动而累到大喘气。婴儿出生时体重8斤6两，一直采用纯母乳喂养。",
            "image": "images/rank4_10个月宝宝_20260126_061807.jpg"
        },
        {
            "rank": 5,
            "title": "11岁儿子在小区创业 2个月赚了6千元",
            "original_title": "",
            "source_platform": "都市快报橙柿互动",
            "source_url": "https://baijiahao.baidu.com/s?id=1855275839788553034",
            "content": "杭州一位妈妈在网上发帖称，自己11岁的儿子因为要“还债”，在小区创业赚钱，2个月赚了6000元。帖子阅读量达20多万，网友纷纷催更追问后续。",
            "image": "images/rank5_11岁儿子在_20260126_061807.jpg"
        },
        {
            "rank": 6,
            "title": "贾国龙最新发声：“将回归一线，不再打造个人IP”",
            "original_title": "",
            "source_platform": "每日经济新闻",
            "source_url": "https://news.qq.com/rain/a/20260125A060S300",
            "content": "西贝餐饮集团创始人贾国龙近日接受专访时表示，将回归一线、聚焦主业，不再打造个人IP。他更愿意回归一线搞好服务，选食材、做菜。",
            "image": "images/rank6_贾国龙最新发_20260126_061807.jpg"
        },
        {
            "rank": 7,
            "title": "张伯礼：身体出现这4个信号该重视了",
            "original_title": "",
            "source_platform": "人民日报健康客户端",
            "source_url": "https://www.toutiao.com/article/7598155686240862774/",
            "content": "中国工程院院士张伯礼在接受采访时，指出了科研人员中常见的4类亚健康信号，提醒大家学会倾听身体的声音，用更好的状态迎接新的一年。",
            "image": "images/rank7_张伯礼_身体_20260126_061807.jpg"
        },
        {
            "rank": 8,
            "title": "被丈夫和闺蜜背叛女子回应白头",
            "original_title": "",
            "source_platform": "深圳新闻网",
            "source_url": "https://www.toutiao.com/article/7599206410106454580/",
            "content": "备受关注的“原配告第三者重婚案”在陕西省安康市中级人民法院开庭。二审认定第三者需全额返还原配丈夫在婚姻期间擅自赠与的4万余元。",
            "image": "images/rank8_被丈夫和闺蜜_20260126_061807.jpg"
        },
        {
            "rank": 9,
            "title": "春运2月2日开始",
            "original_title": "",
            "source_platform": "今日头条",
            "source_url": "https://www.toutiao.com/article/7599206500816454194/",
            "content": "2026年铁路春运将从2月2日开始，至3月13日结束，为期40天。",
            "image": "images/rank9_春运2月2日_20260126_061807.jpg"
        }
    ],
    "timestamp": "20260126_061807"
}