{
    "news": [
        {
            "rank": 0,
            "title": "美俄乌和谈，伊朗战云密布",
            "original_title": "",
            "source_platform": "",
            "source_url": "",
            "content": "",
            "image": ""
        },
        {
            "rank": 1,
            "title": "美俄乌三方在阿布扎比举行首次和平会谈",
            "original_title": "Ukrainian, Russian and U.S. Officials Meet in Abu Dhabi for Peace Talks",
            "source_platform": "New York Times",
            "source_url": "https://www.nytimes.com/2026/01/23/world/europe/ukraine-russia-war-us-peace-talks-abu-dhabi.html",
            "content": "乌克兰、俄罗斯和美国官员在阿联酋举行三方会谈，这是自战争爆发以来的首次，标志着特朗普推动结束冲突的努力取得进展。",
            "image": "images/rank1_美俄乌三方在_20260124_121559.jpg"
        },
        {
            "rank": 2,
            "title": "特朗普称美“舰队”正驶向伊朗施压",
            "original_title": "Trump Says U.S. ‘Armada’ Is Heading to Iran, Raising Pressure on Regime",
            "source_platform": "New York Times",
            "source_url": "https://www.nytimes.com/2026/01/23/world/middleeast/trump-armada-iran-naval-force.html",
            "content": "特朗普称一支大型海军力量正驶向伊朗，继续对伊朗政府施压。伊朗高级官员警告，任何攻击都将被视为“全面战争”。",
            "image": "images/rank2_特朗普称美__20260124_121559.jpg"
        },
        {
            "rank": 3,
            "title": "美国海军老兵因“走私武器”在俄被判五年",
            "original_title": "Russia Jails U.S. Navy Veteran for Five Years",
            "source_platform": "New York Times",
            "source_url": "https://www.nytimes.com/2026/01/23/world/europe/russia-jails-american-sailor-chuck-zimmerman.html",
            "content": "一名美国冒险家因帆船上携带的步枪、手枪和弹药，被俄罗斯法院以“武器走私”罪判处五年监禁，成为“人质外交”的最新案例。",
            "image": "images/rank3_美国海军老兵_20260124_121559.jpg"
        },
        {
            "rank": 4,
            "title": "印度与欧盟将达成“世纪贸易协议”",
            "original_title": "India and EU set for 'mother of all deals' as Trump's tariff uncertainty looms",
            "source_platform": "BBC News",
            "source_url": "https://www.bbc.com/news/articles/ckgyz1ejw9no",
            "content": "印度与欧盟正加速推进自由贸易协定谈判，以应对美国关税政策的不确定性，该协议有望创造覆盖20亿人口的巨大市场。",
            "image": "images/rank4_印度与欧盟将_20260124_121559.jpg"
        },
        {
            "rank": 5,
            "title": "前奥运选手涉跨国贩毒在墨西哥被捕",
            "original_title": "Alleged drug kingpin and ex-Olympian Ryan Wedding arrested after years on the run",
            "source_platform": "BBC News",
            "source_url": "https://www.bbc.com/news/articles/cj0nd8z1z59o",
            "content": "前加拿大奥运滑雪板选手、被控为跨国贩毒集团头目的瑞安·韦丁在墨西哥被捕，将被引渡至美国。他被指控每年走私约60吨可卡因。",
            "image": "images/rank5_前奥运选手涉_20260124_121559.jpg"
        },
        {
            "rank": 6,
            "title": "加拿大女背包客在澳海滩死亡，疑为溺水",
            "original_title": "Canadian woman found dead on Australian beach likely died of drowning, autopsy finds",
            "source_platform": "BBC News",
            "source_url": "https://www.bbc.com/news/articles/c8rmmzr87x0o",
            "content": "一名19岁加拿大背包客在澳大利亚海滩被发现死亡，尸检初步结果显示死因可能为溺水，尸体周围有野狗群。",
            "image": "images/rank6_加拿大女背包_20260124_121559.jpg"
        },
        {
            "rank": 7,
            "title": "法国高铁新设“禁止儿童”高级车厢引争议",
            "original_title": "Outcry after France’s famed TGV rail service bans children from new premium-class carriage",
            "source_platform": "CNN",
            "source_url": "https://edition.cnn.com/2026/01/23/travel/tgv-rail-bans-children-france-intl-scli",
            "content": "法国高速铁路TGV INOUI推出禁止儿童进入的新高级车厢“Optimum”，旨在提供安静私密空间，此举引发公众强烈批评。",
            "image": "images/rank7_法国高铁新设_20260124_121559.jpg"
        },
        {
            "rank": 8,
            "title": "18岁高尔夫神童创纪录，并列美巡赛榜首",
            "original_title": "A teenage golfer is taking The American Express field by storm after historic second round",
            "source_platform": "CNN",
            "source_url": "https://edition.cnn.com/2026/01/23/sport/golf-pga-tour-blades-brown-the-american-express",
            "content": "18岁高尔夫新星布莱兹·布朗在美巡赛美国运通赛第二轮打出低于标准杆12杆的60杆，创球场纪录，与世界第一斯科蒂·舍夫勒并列领先。",
            "image": "images/rank8_18岁高尔夫_20260124_121559.jpg"
        },
        {
            "rank": 9,
            "title": "皮草时尚在争议中悄然回归",
            "original_title": "Everyone’s trying to feel good about wearing fur",
            "source_platform": "CNN",
            "source_url": "https://edition.cnn.com/2026/01/23/style/vintage-fur-shearling-trend",
            "content": "曾长期被视为不道德的皮草时尚正悄然回归，在纽约等城市街头，穿着真皮草外套的女性身影再次增多，引发关于可持续与道德的讨论。",
            "image": "images/rank9_皮草时尚在争_20260124_121559.jpg"
        }
    ],
    "timestamp": "20260124_121559"
}