{
    "news": [
        {
            "rank": 0,
            "title": "前总统终身监禁！",
            "original_title": "",
            "source_platform": "",
            "source_url": "",
            "content": "",
            "image": ""
        },
        {
            "rank": 1,
            "title": "英国夫妇在伊朗被判十年监禁",
            "original_title": "Detained Briton describes life in Iran jail to BBC hours before sentencing",
            "source_platform": "BBC News",
            "source_url": "https://www.bbc.com/news/articles/c747nqply93o",
            "content": "一对英国夫妇在伊朗因间谍罪被判处十年监禁，其家人称判决“令人心碎”。",
            "image": "images/rank1_英国夫妇在伊_20260219_185414.jpg"
        },
        {
            "rank": 2,
            "title": "美主播母亲失踪案调查转向墨西哥",
            "original_title": "Desperate hunt for breakthrough in Nancy Guthrie case turns to Mexico",
            "source_platform": "BBC News",
            "source_url": "https://www.bbc.com/news/articles/c4gq2k8220go",
            "content": "美国主播萨凡纳·格思里的母亲失踪案进入第三周，调查人员已联系墨西哥当局寻求协助。",
            "image": "images/rank2_美主播母亲失_20260219_185414.jpg"
        },
        {
            "rank": 3,
            "title": "澳奥运记者直播口齿不清后道歉",
            "original_title": "Australian presenter apologises for drinking before slurred Olympics report",
            "source_platform": "BBC News",
            "source_url": "https://www.bbc.com/news/articles/cdxgnrr11rwo",
            "content": "澳大利亚体育记者在冬奥会直播中口齿不清，事后道歉称饮酒、高海拔和未吃晚餐是原因。",
            "image": "images/rank3_澳奥运记者直_20260219_185414.jpg"
        },
        {
            "rank": 4,
            "title": "比尔·盖茨退出印度AI峰会",
            "original_title": "Bill Gates pulls out of India's AI summit over Epstein files controversy",
            "source_platform": "BBC News",
            "source_url": "https://www.bbc.com/news/articles/c309qv9zglno",
            "content": "比尔·盖茨在最后一刻决定不参加印度AI影响峰会并发表主旨演讲，其基金会称是为确保会议重点。",
            "image": "images/rank4_比尔_盖茨退_20260219_185414.jpg"
        },
        {
            "rank": 5,
            "title": "韩国前总统因兵变未遂被判终身监禁",
            "original_title": "South Korea's ex-president jailed for life over martial law attempt",
            "source_platform": "BBC News",
            "source_url": "https://www.bbc.com/news/articles/cx28y8xd1vjo",
            "content": "韩国前总统尹锡悦因试图实施戒严令颠覆宪法，被首尔法院判处终身监禁。",
            "image": "images/rank5_韩国前总统因_20260219_185414.jpg"
        },
        {
            "rank": 6,
            "title": "卡塔尔打造空调“森林”应对酷暑",
            "original_title": "The island with an air-conditioned ‘forest’ to cope with scorching summers",
            "source_platform": "CNN",
            "source_url": "https://edition.cnn.com/travel/gewan-island-qatar-air-conditioned-forest",
            "content": "卡塔尔在人工岛杰万岛上建造了一个空调“森林”，让游客能在夏日酷暑中舒适地在户外漫步。",
            "image": "images/rank6_卡塔尔打造空_20260219_185414.jpg"
        },
        {
            "rank": 7,
            "title": "美加边境野火面积已达芝加哥两倍",
            "original_title": "Plains megafire grows to nearly twice the size of Chicago with more dangerous weather to come",
            "source_platform": "CNN",
            "source_url": "https://edition.cnn.com/2026/02/18/weather/ranger-road-wildfire-wind-forecast-climate",
            "content": "美国平原地区“游侠路”特大野火已蔓延至28.3万英亩，面积接近芝加哥市的两倍，且危险天气仍在持续。",
            "image": "images/rank7_美加边境野火_20260219_185414.jpg"
        },
        {
            "rank": 8,
            "title": "欧洲担忧特朗普在科技领域再掀波澜",
            "original_title": "Europe Worries About Another Trump Blowup, This One on Tech",
            "source_platform": "New York Times",
            "source_url": "https://www.nytimes.com/2026/02/19/world/europe/europe-united-states-trump-digital-services-act.html",
            "content": "欧盟官员担忧美国可能因《数字服务法》对欧洲科技监管进行报复，引发新一轮跨大西洋贸易紧张。",
            "image": "images/rank8_欧洲担忧特朗_20260219_185414.jpg"
        },
        {
            "rank": 9,
            "title": "美国南极科考因资金削减而“靠边站”",
            "original_title": "On an Ambitious Antarctic Quest, One Nation Is on the Sidelines",
            "source_platform": "New York Times",
            "source_url": "https://www.nytimes.com/2026/02/19/climate/antarctica-science-funding.html",
            "content": "美国科学家参与南极科考主要依赖私人资助，因政府削减预算导致其唯一南极破冰船退役。",
            "image": "images/rank9_美国南极科考_20260219_185414.jpg"
        }
    ],
    "timestamp": "20260219_185414"
}