{
    "news": [
        {
            "rank": 0,
            "title": "【轰动】风波再起！众明星卷入，谁能独善其身？",
            "original_title": "",
            "source_platform": "",
            "source_url": "",
            "content": "",
            "image": ""
        },
        {
            "rank": 1,
            "title": "韩东揭秘专辑《AtsnstA 镜界》幕后",
            "original_title": "",
            "source_platform": "腾讯娱乐",
            "source_url": "https://news.qq.com/rain/a/20260203V01R2R00",
            "content": "韩东揭秘专辑《AtsnstA 镜界》幕后",
            "image": "images/rank1_韩东揭秘专辑_20260203_185224.jpg"
        },
        {
            "rank": 2,
            "title": "Lady Gaga、比伯夫妇亮相格莱美红毯",
            "original_title": "",
            "source_platform": "腾讯娱乐",
            "source_url": "https://news.qq.com/rain/a/20260202V03ROW00",
            "content": "Lady Gaga、比伯夫妇亮相格莱美红毯",
            "image": "images/rank2_Lady_G_20260203_185224.jpg"
        },
        {
            "rank": 3,
            "title": "泰山陪爬男演员向媒体借羽绒服",
            "original_title": "",
            "source_platform": "腾讯娱乐",
            "source_url": "https://news.qq.com/rain/a/20260202V073KV00",
            "content": "泰山陪爬男演员向媒体借羽绒服",
            "image": "images/rank3_泰山陪爬男演_20260203_185224.jpg"
        },
        {
            "rank": 4,
            "title": "国投瑞银回应白银LOF巨震",
            "original_title": "",
            "source_platform": "抖音热榜",
            "source_url": "https://www.douyin.com/hot/2388153",
            "content": "国投瑞银回应白银LOF巨震",
            "image": "images/rank4_国投瑞银回应_20260203_185224.jpg"
        },
        {
            "rank": 5,
            "title": "城市“超级充电宝”是怎样建的",
            "original_title": "",
            "source_platform": "抖音热榜",
            "source_url": "https://www.douyin.com/hot/2388413",
            "content": "城市“超级充电宝”是怎样建的",
            "image": "images/rank5_城市_超级充_20260203_185224.jpg"
        },
        {
            "rank": 6,
            "title": "春节美食挑战赛轮番开场啦",
            "original_title": "",
            "source_platform": "抖音热榜",
            "source_url": "https://www.douyin.com/hot/2388159",
            "content": "春节美食挑战赛轮番开场啦",
            "image": "images/rank6_春节美食挑战_20260203_185224.jpg"
        },
        {
            "rank": 7,
            "title": "记录我的春运返乡故事",
            "original_title": "",
            "source_platform": "抖音热榜",
            "source_url": "https://www.douyin.com/hot/2388095",
            "content": "记录我的春运返乡故事",
            "image": "images/rank7_记录我的春运_20260203_185224.jpg"
        },
        {
            "rank": 8,
            "title": "走过属于我们的冬天",
            "original_title": "",
            "source_platform": "抖音热榜",
            "source_url": "https://www.douyin.com/hot/2387866",
            "content": "走过属于我们的冬天",
            "image": "images/rank8_走过属于我们_20260203_185224.jpg"
        },
        {
            "rank": 9,
            "title": "2026中央一号文件发布",
            "original_title": "",
            "source_platform": "抖音热榜",
            "source_url": "https://www.douyin.com/hot/2388571",
            "content": "2026中央一号文件发布",
            "image": "images/rank9_2026中央_20260203_185224.jpg"
        }
    ],
    "timestamp": "20260203_185224"
}