{
    "news": [
        {
            "rank": 0,
            "title": "毒蛙杀政敌，手套藏DNA",
            "original_title": "",
            "source_platform": "",
            "source_url": "",
            "content": "",
            "image": ""
        },
        {
            "rank": 1,
            "title": "乌克兰前能源部长试图离境时被捕",
            "original_title": "Ukraine's ex-energy minister detained while attempting to leave country",
            "source_platform": "BBC News",
            "source_url": "https://www.bbc.com/news/articles/c4g5380xwqjo",
            "content": "乌克兰前能源部长加卢申科在试图乘火车离境时被拘留，他涉嫌卷入一起价值1亿美元的能源部门腐败案。",
            "image": "images/rank1_乌克兰前能源_20260216_062031.jpg"
        },
        {
            "rank": 2,
            "title": "FBI分析疑似绑架案嫌犯手套DNA",
            "original_title": "FBI analysing recovered glove that appears to match those worn in Guthrie suspect video",
            "source_platform": "BBC News",
            "source_url": "https://www.bbc.com/news/articles/c5yrv2g16e2o",
            "content": "FBI在距受害者家两英里处发现一只手套，其DNA与监控视频中嫌犯所戴手套相符，正等待最终确认。",
            "image": "images/rank2_FBI分析疑_20260216_062031.jpg"
        },
        {
            "rank": 3,
            "title": "奥巴马回应特朗普分享种族主义视频",
            "original_title": "Obama addresses racist video shared by Trump depicting him as an ape",
            "source_platform": "BBC News",
            "source_url": "https://www.bbc.com/news/articles/c74754j7qwgo",
            "content": "美国前总统奥巴马间接回应特朗普分享的将其描绘成猿猴的视频，称曾经约束公职人员的“羞耻感”和“礼仪”现已丧失。",
            "image": "images/rank3_奥巴马回应特_20260216_062031.jpg"
        },
        {
            "rank": 4,
            "title": "美司法部称爱泼斯坦文件已全部公布",
            "original_title": "Bondi criticised after saying all Epstein files have been released",
            "source_platform": "BBC News",
            "source_url": "https://www.bbc.com/news/articles/cz7genjx9njo",
            "content": "美国司法部称已依法公布所有爱泼斯坦相关文件，但国会议员批评其披露不充分，要求公布内部备忘录。",
            "image": "images/rank4_美司法部称爱_20260216_062031.jpg"
        },
        {
            "rank": 5,
            "title": "英欧指控俄用箭毒蛙毒素杀害纳瓦尔尼",
            "original_title": "What is the dart frog toxin allegedly used to kill Alexei Navalny?",
            "source_platform": "BBC News",
            "source_url": "https://www.bbc.com/news/articles/cm289we7jzdo",
            "content": "英国及欧洲盟友称，在纳瓦尔尼体内发现南美箭毒蛙毒素“epibatidine”，并称只有俄罗斯国家有动机和能力使用此罕见毒素。",
            "image": "images/rank5_英欧指控俄用_20260216_062031.jpg"
        },
        {
            "rank": 6,
            "title": "亚马逊货车被困“英国最致命步道”",
            "original_title": "Delivery van 'stuck on deadliest mudflat footpath'",
            "source_platform": "BBC News",
            "source_url": "https://www.bbc.com/news/articles/cn9e32yv9g5o",
            "content": "一辆亚马逊送货货车因跟随GPS路线，被困在被称为“英国最致命步道”的埃塞克斯郡泥滩上，司机已安全撤离。",
            "image": "images/rank6_亚马逊货车被_20260216_062031.jpg"
        },
        {
            "rank": 7,
            "title": "特朗普政府撤走关键气候研究中心超算",
            "original_title": "Trump admin is pulling supercomputers out of key weather and climate research center",
            "source_platform": "CNN",
            "source_url": "https://edition.cnn.com/2026/02/13/weather/trump-colorado-lab-ncar-supercomputer-climate",
            "content": "特朗普政府计划将关键超算设施从美国国家大气研究中心移走，该中心被视为气候变化警报的来源。",
            "image": "images/rank7_特朗普政府撤_20260216_062031.jpg"
        },
        {
            "rank": 8,
            "title": "孟加拉国反对党大选获胜，前统治者之子将任总理",
            "original_title": "Bangladesh’s BNP wins big in first election since Gen Z uprising, son of former ruler set to become prime minister",
            "source_platform": "CNN",
            "source_url": "https://edition.cnn.com/2026/02/12/asia/bangladesh-election-results-rahman-bnp-win-intl-hnk",
            "content": "孟加拉国民族主义党在近二十年后赢得议会选举，其领导人、前总理之子塔里克·拉赫曼将出任总理。",
            "image": "images/rank8_孟加拉国反对_20260216_062031.jpg"
        },
        {
            "rank": 9,
            "title": "英国队冬奥单日夺两金创历史",
            "original_title": "Team GB enjoy record-breaking day at Winter Olympics, with two gold medals",
            "source_platform": "Sky News",
            "source_url": "https://news.sky.com/story/team-gb-enjoy-record-breaking-day-at-winter-olympics-with-two-gold-medals-13508033",
            "content": "英国队在冬奥会混合团体单板滑雪和混合团体钢架雪车项目中夺冠，首次实现单日收获两枚金牌。",
            "image": "images/rank9_英国队冬奥单_20260216_062031.jpg"
        }
    ],
    "timestamp": "20260216_062031"
}