{
    "news": [
        {
            "rank": 0,
            "title": "垃圾不够烧了？",
            "original_title": "",
            "source_platform": "",
            "source_url": "",
            "content": "",
            "image": ""
        },
        {
            "rank": 1,
            "title": "垃圾不够烧了",
            "original_title": "",
            "source_platform": "21世纪经济报道",
            "source_url": "https://baijiahao.baidu.com/s?id=1855370978257325790",
            "content": "我国垃圾焚烧发电技术成熟，已取代填埋成为主流处理方式。珠三角、长三角地区甚至出现垃圾供应不足的情况。",
            "image": "images/rank1_垃圾不够烧了_20260127_061948.jpg"
        },
        {
            "rank": 2,
            "title": "木薯成新茶饮爆款食材",
            "original_title": "",
            "source_platform": "扬子晚报",
            "source_url": "https://baijiahao.baidu.com/s?id=1855372129251563489",
            "content": "继羽衣甘蓝后，木薯被新茶饮品牌带火，以其为原料的甜品占据奶茶店醒目位置，吸引年轻消费者尝鲜。",
            "image": "images/rank2_木薯成新茶饮_20260127_061948.jpg"
        },
        {
            "rank": 3,
            "title": "2025年国内出游超65亿人次",
            "original_title": "",
            "source_platform": "新华网",
            "source_url": "https://baijiahao.baidu.com/s?id=1855373515761773112",
            "content": "文旅部数据显示，2025年国内居民出游65.22亿人次，同比增长16.2%，比上年增加9.07亿人次。",
            "image": "images/rank3_2025年国_20260127_061948.jpg"
        },
        {
            "rank": 4,
            "title": "男子中800万淡定上班",
            "original_title": "",
            "source_platform": "大象新闻",
            "source_url": "https://baijiahao.baidu.com/s?id=1855389268203491215",
            "content": "广东佛山王先生彩票中836万元，第一时间将中奖票交给妻子后返回工作岗位，奖金全由妻子管理。",
            "image": "images/rank4_男子中800_20260127_061948.jpg"
        },
        {
            "rank": 5,
            "title": "全球最薄电池极片中国造",
            "original_title": "",
            "source_platform": "央视财经",
            "source_url": "https://baijiahao.baidu.com/s?id=1855366837925318075",
            "content": "中国制造全球最薄电池极片，耐高温抗极寒，已为全球300万台车节能减排，八年减碳近千万吨。",
            "image": "images/rank5_全球最薄电池_20260127_061948.jpg"
        },
        {
            "rank": 6,
            "title": "小孩头卡财神爷雕塑",
            "original_title": "",
            "source_platform": "都市快报橙柿互动",
            "source_url": "https://baijiahao.baidu.com/s?id=1855407579788853505",
            "content": "义乌一男孩钻进财神爷雕塑玩耍头部被卡，消防员迅速救援成功脱困，提醒家长注意孩子安全。",
            "image": "images/rank6_小孩头卡财神_20260127_061948.jpg"
        },
        {
            "rank": 7,
            "title": "50万亿存款将到期",
            "original_title": "",
            "source_platform": "21世纪经济报道",
            "source_url": "https://baijiahao.baidu.com/s?id=1855374314848586815",
            "content": "2026年将有50万亿元定期存款到期，银行理财密集推出“固收+”等产品，争夺这笔寻找更高收益的资金。",
            "image": "images/rank7_50万亿存款_20260127_061948.jpg"
        },
        {
            "rank": 8,
            "title": "马化腾：AI元宝分10亿",
            "original_title": "",
            "source_platform": "华尔街见闻",
            "source_url": "https://www.toutiao.com/article/7599643207986627126/",
            "content": "腾讯马化腾宣布AI应用“元宝”将于2月1日启动春节分10亿元现金活动，希望重现微信红包盛况。",
            "image": "images/rank8_马化腾_AI_20260127_061948.jpg"
        },
        {
            "rank": 9,
            "title": "睡眠不足影响寿命",
            "original_title": "",
            "source_platform": "保健时报",
            "source_url": "https://www.toutiao.com/article/7599276763931492883/",
            "content": "研究显示经常睡眠不足可能与寿命缩短密切相关，其影响程度仅次于吸烟，远超不良饮食和缺乏运动。",
            "image": "images/rank9_睡眠不足影响_20260127_061948.jpg"
        }
    ],
    "timestamp": "20260127_061948"
}