{
    "news": [
        {
            "rank": 0,
            "title": "毒蛙杀政敌，银行被掏空",
            "original_title": "",
            "source_platform": "",
            "source_url": "",
            "content": "",
            "image": ""
        },
        {
            "rank": 1,
            "title": "美民主党高层安抚欧洲：特朗普三年后就走人",
            "original_title": "'Trump will be gone in three years': Top Democrats try to reassure Europe",
            "source_platform": "BBC News",
            "source_url": "https://www.bbc.com/news/articles/cjrq2r9y278o",
            "content": "美国民主党高层在慕尼黑安全会议上安抚欧洲盟友，称特朗普总统是暂时的，美国将继续是欧洲的坚定伙伴。",
            "image": "images/rank1_美民主党高层_20260215_183623.jpg"
        },
        {
            "rank": 2,
            "title": "奥巴马回应特朗普分享将其比作猿猴的种族主义视频",
            "original_title": "Obama addresses racist video shared by Trump depicting him as an ape",
            "source_platform": "BBC News",
            "source_url": "https://www.bbc.com/news/articles/c74754j7qwgo",
            "content": "美国前总统奥巴马间接回应了特朗普分享的种族主义视频，称曾经约束公职人员的“羞耻感”和“礼仪”如今已不复存在。",
            "image": "images/rank2_奥巴马回应特_20260215_183623.jpg"
        },
        {
            "rank": 3,
            "title": "伊朗称愿为达成核协议做出妥协",
            "original_title": "Iran ready to discuss compromises to reach nuclear deal, minister tells BBC in Tehran",
            "source_platform": "BBC News",
            "source_url": "https://www.bbc.com/news/articles/clyz4y3zwz5o",
            "content": "伊朗副外长表示，如果美国愿意讨论解除制裁，伊朗准备考虑妥协以达成核协议。",
            "image": "images/rank3_伊朗称愿为达_20260215_183623.jpg"
        },
        {
            "rank": 4,
            "title": "俄“搭讪艺术家”被控在加纳偷拍女性并分享视频",
            "original_title": "Russian 'pick-up artist' accused of secretly filming women in Ghana",
            "source_platform": "BBC News",
            "source_url": "https://www.bbc.com/news/articles/c9wn5p299eko",
            "content": "加纳要求引渡一名俄罗斯男子，指控其非法录制与多名女性的性接触视频，并在未经同意的情况下在线分享。",
            "image": "images/rank4_俄_搭讪艺术_20260215_183623.jpg"
        },
        {
            "rank": 5,
            "title": "英国等多国指控俄用箭毒蛙毒素杀害纳瓦尔尼",
            "original_title": "Russia killed opposition leader Alexei Navalny using dart frog toxin, UK says",
            "source_platform": "BBC News",
            "source_url": "https://www.bbc.com/news/articles/cwyk4lz4e3eo",
            "content": "英国及欧洲多国称，俄罗斯反对派领袖纳瓦尔尼是被一种从箭毒蛙毒素中提取的毒物杀害的。",
            "image": "images/rank5_英国等多国指_20260215_183623.jpg"
        },
        {
            "rank": 6,
            "title": "德国发生“最壮观”银行劫案，数千保险箱被洗劫",
            "original_title": "The spectacular multimillion-euro heist nobody noticed",
            "source_platform": "BBC News",
            "source_url": "https://www.bbc.com/news/articles/cm2y2538lz8o",
            "content": "德国盖尔森基兴一家银行遭窃贼钻孔破墙，超过3000个保险箱被洗劫一空，损失或达数千万欧元。",
            "image": "images/rank6_德国发生_最_20260215_183623.jpg"
        },
        {
            "rank": 7,
            "title": "曼迪·摩尔夫妇在洛杉矶山火后重建梦想家园",
            "original_title": "Mandy Moore and Taylor Goldsmith nearly lost their dream home in the LA fires. Here’s how they rebuilt",
            "source_platform": "CNN",
            "source_url": "https://edition.cnn.com/2026/02/11/style/mandy-moore-home-altadena-ad",
            "content": "美国演员曼迪·摩尔夫妇在洛杉矶山火中几乎失去梦想家园，目前正进行重建，并分享了他们的心路历程。",
            "image": "images/rank7_曼迪_摩尔夫_20260215_183623.jpg"
        },
        {
            "rank": 8,
            "title": "布里斯班公布23亿美元奥运场馆设计引争议",
            "original_title": "Plans for $2.3 billion stadium ignite debate in 2032 Olympics host city",
            "source_platform": "CNN",
            "source_url": "https://edition.cnn.com/2026/01/07/style/australia-brisbane-olympic-stadium-victoria-park-hnk-intl",
            "content": "澳大利亚布里斯班公布2032年奥运会主场馆设计，灵感源于当地住宅风格，但耗资23亿美元在遗产公园内建新馆引发争议。",
            "image": "images/rank8_布里斯班公布_20260215_183623.jpg"
        },
        {
            "rank": 9,
            "title": "AI公司Anthropic投入2000万美元推动技术监管",
            "original_title": "Why OpenAI says it isn’t spending on Super PACs",
            "source_platform": "CNN",
            "source_url": "https://edition.cnn.com/2026/02/13/tech/openai-political-spending-super-pacs",
            "content": "AI公司Anthropic宣布投入2000万美元支持推动AI技术监管的政治团体，而其竞争对手OpenAI则表示暂无类似捐款计划。",
            "image": "images/rank9_AI公司An_20260215_183623.jpg"
        }
    ],
    "timestamp": "20260215_183623"
}