{
    "news": [
        {
            "rank": 0,
            "title": "女婿过年都这样？",
            "original_title": "",
            "source_platform": "",
            "source_url": "",
            "content": "",
            "image": ""
        },
        {
            "rank": 1,
            "title": "全国女婿到丈母娘家都这样",
            "original_title": "",
            "source_platform": "爱济南客户端",
            "source_url": "https://baijiahao.baidu.com/s?id=1857375672769872551",
            "content": "春节期间，全国多地出现女婿在丈母娘家行为模式高度一致的现象，表现为坐立不安、度日如年等。",
            "image": "images/rank1_全国女婿到丈_20260218_062747.jpg"
        },
        {
            "rank": 2,
            "title": "《飞驰人生3》成大年初一票房冠军",
            "original_title": "",
            "source_platform": "界面新闻",
            "source_url": "https://baijiahao.baidu.com/s?id=1857108822520099177",
            "content": "《飞驰人生3》成为大年初一票房冠军，领跑春节档电影市场。",
            "image": "images/rank2__飞驰人生3_20260218_062747.jpg"
        },
        {
            "rank": 3,
            "title": "春晚钟声来自唐代景云钟",
            "original_title": "",
            "source_platform": "人民日报",
            "source_url": "https://baijiahao.baidu.com/s?id=1857327764768010110",
            "content": "央视春晚辞旧迎新的钟声来自唐代铸造的景云钟，自20世纪80年代起其录音被定为新年钟声。",
            "image": "images/rank3_春晚钟声来自_20260218_062747.jpg"
        },
        {
            "rank": 4,
            "title": "北京台春晚：上热搜才叫火",
            "original_title": "",
            "source_platform": "BRTV北京卫视",
            "source_url": "https://baijiahao.baidu.com/s?id=1796032295737740325",
            "content": "在北京台春晚上，悦悦表演时称上过百度热搜才叫“火”，引发观众共鸣。",
            "image": "images/rank4_北京台春晚__20260218_062747.jpg"
        },
        {
            "rank": 5,
            "title": "屠洪刚春晚开嗓江湖味十足",
            "original_title": "",
            "source_platform": "BRTV北京卫视",
            "source_url": "https://baijiahao.baidu.com/s?id=1857402267242381946",
            "content": "在北京台春晚上，屠洪刚演唱《人生得意须尽欢》，一开嗓就展现豪情万丈的江湖味。",
            "image": "images/rank5_屠洪刚春晚开_20260218_062747.jpg"
        },
        {
            "rank": 6,
            "title": "关晓彤金靖王玉雯三美同台",
            "original_title": "",
            "source_platform": "BRTV北京卫视",
            "source_url": "https://baijiahao.baidu.com/s?id=1857370438950854438",
            "content": "在北京春晚上，关晓彤、金靖、王玉雯三美同台，演绎东方百态，绽放茉莉芬芳。",
            "image": "images/rank6_关晓彤金靖王_20260218_062747.jpg"
        },
        {
            "rank": 7,
            "title": "中国队速滑男团夺铜创历史",
            "original_title": "",
            "source_platform": "央视新闻",
            "source_url": "https://www.toutiao.com/article/7607855902967743014/",
            "content": "在米兰冬奥会速度滑冰男子团体追逐比赛中，中国队夺得铜牌，创造该项目冬奥会历史最好成绩。",
            "image": "images/rank7_中国队速滑男_20260218_062747.jpg"
        },
        {
            "rank": 8,
            "title": "俄罗斯民众冒雪看中国春晚",
            "original_title": "",
            "source_platform": "国际在线",
            "source_url": "https://baijiahao.baidu.com/s?id=1857338648237325236",
            "content": "莫斯科市政府举办“莫斯科春节”活动，设置户外大屏直播中国春晚，大量俄罗斯民众冒雪观看。",
            "image": "images/rank8_俄罗斯民众冒_20260218_062747.jpg"
        },
        {
            "rank": 9,
            "title": "八岁小姨给晚辈发红包",
            "original_title": "",
            "source_platform": "赛尔先锋小队",
            "source_url": "https://www.toutiao.com/w/1857367008998410/",
            "content": "重庆一家庭中，八岁小姨给年龄更大的晚辈们发红包，跪拜领红包成为节日独特氛围。",
            "image": "images/rank9_八岁小姨给晚_20260218_062747.jpg"
        }
    ],
    "timestamp": "20260218_062747"
}