{
    "news": [
        {
            "rank": 0,
            "title": "拼多多被罚10万？",
            "original_title": "",
            "source_platform": "",
            "source_url": "",
            "content": "",
            "image": ""
        },
        {
            "rank": 1,
            "title": "拼多多被税务部门处罚",
            "original_title": "",
            "source_platform": "新华网",
            "source_url": "https://baijiahao.baidu.com/s?id=1854912361460053470",
            "content": "拼多多因未按要求报送涉税信息，被税务机关责令限期改正并罚款10万元。",
            "image": "images/rank1_拼多多被税务_20260121_183827.jpg"
        },
        {
            "rank": 2,
            "title": "中国第二个5万亿城市诞生",
            "original_title": "",
            "source_platform": "国民经略",
            "source_url": "https://baijiahao.baidu.com/s?id=1854891918587335473",
            "content": "2025年北京GDP达5.2万亿元，成为继上海之后中国第二个经济规模突破5万亿元的城市。",
            "image": "images/rank2_中国第二个5_20260121_183827.jpg"
        },
        {
            "rank": 3,
            "title": "消费贷“国补”重磅升级",
            "original_title": "",
            "source_platform": "央视新闻",
            "source_url": "https://baijiahao.baidu.com/s?id=1854913734560881626",
            "content": "个人消费贷款贴息政策期限延长至12月31日，覆盖范围扩大至信用卡分期等。",
            "image": "images/rank3_消费贷_国补_20260121_183827.jpg"
        },
        {
            "rank": 4,
            "title": "女子雪地冻8小时被救",
            "original_title": "",
            "source_platform": "伍视频",
            "source_url": "https://baijiahao.baidu.com/s?id=1854919640991100040",
            "content": "安徽蚌埠一女子在雪地中被冻僵8小时，民警误以为是假人，救出后无生命危险。",
            "image": "images/rank4_女子雪地冻8_20260121_183827.jpg"
        },
        {
            "rank": 5,
            "title": "内蒙古现-44.6℃极寒天气",
            "original_title": "",
            "source_platform": "环球网",
            "source_url": "https://baijiahao.baidu.com/s?id=1854893172019580215",
            "content": "内蒙古呼伦贝尔多地气温低至-40℃，陈巴尔虎旗站点达-44.6℃，为全国最低。",
            "image": "images/rank5_内蒙古现-4_20260121_183827.jpg"
        },
        {
            "rank": 6,
            "title": "原来两千多年前就有高压锅",
            "original_title": "",
            "source_platform": "央视新闻",
            "source_url": "https://baijiahao.baidu.com/s?id=1854903353772495975",
            "content": "河北博物院收藏的西汉三熊足铜鼎因密封设计独特，被称为“古代高压锅”。",
            "image": "images/rank6_原来两千多年_20260121_183827.jpg"
        },
        {
            "rank": 7,
            "title": "张小泉剪刀剪鲜鱼时手柄断裂",
            "original_title": "",
            "source_platform": "经视直播",
            "source_url": "https://baijiahao.baidu.com/s?id=1854914343280695390",
            "content": "网友称张小泉厨房剪刀剪鲜鱼时塑料手柄断裂，客服回应将补寄新剪刀。",
            "image": "images/rank7_张小泉剪刀剪_20260121_183827.jpg"
        },
        {
            "rank": 8,
            "title": "U23国足首进亚洲杯决赛",
            "original_title": "",
            "source_platform": "我爱英超",
            "source_url": "https://news.qq.com/rain/a/20260120A027UJ00",
            "content": "U23亚洲杯半决赛，中国U23男足3-0战胜越南，队史首次闯入决赛将与日本争冠。",
            "image": "images/rank8_U23国足首_20260121_183827.jpg"
        },
        {
            "rank": 9,
            "title": "油价上调，加满一箱多花3.5元",
            "original_title": "",
            "source_platform": "央视新闻",
            "source_url": "https://news.qq.com/rain/a/20260120A05FLU00",
            "content": "1月20日24时起国内成品油价格上调，92号汽油加满50升油箱多花3.5元。",
            "image": "images/rank9_油价上调_加_20260121_183827.jpg"
        }
    ],
    "timestamp": "20260121_183827"
}