{
    "news": [
        {
            "rank": 0,
            "title": "【婚变】01月15日娱乐圈感情线又崩了！多位明星卷入感情风波",
            "original_title": "",
            "source_platform": "",
            "source_url": "",
            "content": "",
            "image": ""
        },
        {
            "rank": 1,
            "title": "邓莎疑似官宣离婚",
            "original_title": "",
            "source_platform": "腾讯娱乐",
            "source_url": "https://news.qq.com/rain/a/20260115V05R2Q00",
            "content": "邓莎疑似官宣离婚",
            "image": "images/rank1_邓莎疑似官宣_20260115_183952.jpg"
        },
        {
            "rank": 2,
            "title": "郭有才中式婚礼比电视剧还震撼",
            "original_title": "",
            "source_platform": "腾讯娱乐",
            "source_url": "https://news.qq.com/rain/a/20260115V06JV000",
            "content": "郭有才中式婚礼比电视剧还震撼",
            "image": "images/rank2_郭有才中式婚_20260115_183952.jpg"
        },
        {
            "rank": 3,
            "title": "闫学晶哭穷风波后现身机场",
            "original_title": "",
            "source_platform": "腾讯娱乐",
            "source_url": "https://news.qq.com/rain/a/20260115V03VJR00",
            "content": "闫学晶哭穷风波后现身机场",
            "image": "images/rank3_闫学晶哭穷风_20260115_183952.jpg"
        },
        {
            "rank": 4,
            "title": "李施嬅与车崇健分手",
            "original_title": "",
            "source_platform": "腾讯娱乐",
            "source_url": "https://news.qq.com/rain/a/20260115V04I3G00",
            "content": "李施嬅与车崇健分手",
            "image": "images/rank4_李施嬅与车崇_20260115_183952.jpg"
        },
        {
            "rank": 5,
            "title": "李玉刚悼念贺娇龙",
            "original_title": "",
            "source_platform": "腾讯娱乐",
            "source_url": "https://news.qq.com/rain/a/20260115V02L1J00",
            "content": "李玉刚悼念贺娇龙",
            "image": "images/rank5_李玉刚悼念贺_20260115_183952.jpg"
        },
        {
            "rank": 6,
            "title": "《御赐小仵作2》今晚开播",
            "original_title": "",
            "source_platform": "腾讯娱乐",
            "source_url": "https://news.qq.com/rain/a/20260115A046D400",
            "content": "《御赐小仵作2》今晚开播",
            "image": "images/rank6__御赐小仵作_20260115_183952.jpg"
        },
        {
            "rank": 7,
            "title": "春晚路透有哪些惊喜",
            "original_title": "",
            "source_platform": "腾讯娱乐",
            "source_url": "https://news.qq.com/rain/a/20260114A04TGE00",
            "content": "春晚路透有哪些惊喜",
            "image": "images/rank7_春晚路透有哪_20260115_183952.jpg"
        },
        {
            "rank": 8,
            "title": "保剑锋被前妻指控出轨：20年旧账真假难断",
            "original_title": "",
            "source_platform": "腾讯娱乐",
            "source_url": "https://news.qq.com/rain/a/20260115V04F5100",
            "content": "保剑锋被前妻指控出轨：20年旧账真假难断",
            "image": "images/rank8_保剑锋被前妻_20260115_183952.jpg"
        },
        {
            "rank": 9,
            "title": "各类再贷款一年期利率降至1.25%",
            "original_title": "",
            "source_platform": "抖音热榜",
            "source_url": "https://www.douyin.com/hot/2368572",
            "content": "各类再贷款一年期利率降至1.25%",
            "image": "images/rank9_各类再贷款一_20260115_183952.jpg"
        }
    ],
    "timestamp": "20260115_183952"
}