{
    "news": [
        {
            "rank": 0,
            "title": "【婚变】感情线崩盘！明星爱情童话为何碎了一地？",
            "original_title": "",
            "source_platform": "",
            "source_url": "",
            "content": "",
            "image": ""
        },
        {
            "rank": 1,
            "title": "黄晓明Baby离婚后带儿子游迪士尼",
            "original_title": "",
            "source_platform": "腾讯娱乐",
            "source_url": "https://news.qq.com/rain/a/20260126V006HJ00",
            "content": "黄晓明Baby离婚后带儿子游迪士尼",
            "image": "images/rank1_黄晓明Bab_20260126_142635.jpg"
        },
        {
            "rank": 2,
            "title": "张雨绮被前夫前妻实名举报",
            "original_title": "",
            "source_platform": "腾讯娱乐",
            "source_url": "https://news.qq.com/rain/a/20260126A01XAS00",
            "content": "张雨绮被前夫前妻实名举报",
            "image": "images/rank2_张雨绮被前夫_20260126_142635.jpg"
        },
        {
            "rank": 3,
            "title": "梁小龙追悼会举行周星驰送花圈",
            "original_title": "",
            "source_platform": "腾讯娱乐",
            "source_url": "https://news.qq.com/rain/a/20260126V02P8F00",
            "content": "梁小龙追悼会举行周星驰送花圈",
            "image": "images/rank3_梁小龙追悼会_20260126_142635.jpg"
        },
        {
            "rank": 4,
            "title": "向太喊话李亚鹏“放过自己”",
            "original_title": "",
            "source_platform": "腾讯娱乐",
            "source_url": "https://news.qq.com/rain/a/20260125V04L6D00",
            "content": "向太喊话李亚鹏“放过自己”",
            "image": "images/rank4_向太喊话李亚_20260126_142635.jpg"
        },
        {
            "rank": 5,
            "title": "戚薇一家四口看演唱会",
            "original_title": "",
            "source_platform": "腾讯娱乐",
            "source_url": "https://news.qq.com/rain/a/20260126V024QR00",
            "content": "戚薇一家四口看演唱会",
            "image": "images/rank5_戚薇一家四口_20260126_142635.jpg"
        },
        {
            "rank": 6,
            "title": "何健麒前女友再回应举报涉毒：愿接受核查",
            "original_title": "",
            "source_platform": "腾讯娱乐",
            "source_url": "https://news.qq.com/rain/a/20260126V02GKK00",
            "content": "何健麒前女友再回应举报涉毒：愿接受核查",
            "image": "images/rank6_何健麒前女友_20260126_142635.jpg"
        },
        {
            "rank": 7,
            "title": "陈汉典Lulu举办婚礼",
            "original_title": "",
            "source_platform": "腾讯娱乐",
            "source_url": "https://news.qq.com/rain/a/20260126V01TQV00",
            "content": "陈汉典Lulu举办婚礼",
            "image": "images/rank7_陈汉典Lul_20260126_142635.jpg"
        },
        {
            "rank": 8,
            "title": "专项资金为电影高质量发展赋能",
            "original_title": "",
            "source_platform": "抖音热榜",
            "source_url": "https://www.douyin.com/hot/2379905",
            "content": "专项资金为电影高质量发展赋能",
            "image": "images/rank8_专项资金为电_20260126_142635.jpg"
        },
        {
            "rank": 9,
            "title": "英媒：英国首相周二访华",
            "original_title": "",
            "source_platform": "抖音热榜",
            "source_url": "https://www.douyin.com/hot/2379859",
            "content": "英媒：英国首相周二访华",
            "image": "images/rank9_英媒_英国首_20260126_142635.jpg"
        }
    ],
    "timestamp": "20260126_142635"
}