{
    "news": [
        {
            "rank": 0,
            "title": "70亿分红说没就没？",
            "original_title": "",
            "source_platform": "",
            "source_url": "",
            "content": "",
            "image": ""
        },
        {
            "rank": 1,
            "title": "大批中成药将退出市场",
            "original_title": "",
            "source_platform": "21世纪经济报道",
            "source_url": "https://baijiahao.baidu.com/s?id=1855466660185719024",
            "content": "国家药监局新规落地，约5.7万个中成药批文中超70%因安全信息标注问题面临淘汰，2026年7月1日前为最后窗口期。",
            "image": "images/rank1_大批中成药将_20260128_062054.jpg"
        },
        {
            "rank": 2,
            "title": "暴雪大暴雪登场 哪天雪最强",
            "original_title": "",
            "source_platform": "极目新闻",
            "source_url": "https://baijiahao.baidu.com/s?id=1855465288610878442",
            "content": "新一轮冷空气和大范围雨雪即将来袭，29日至31日北方多地将有中到大雪，局地高海拔山区有暴雪。",
            "image": "images/rank2_暴雪大暴雪登_20260128_062054.jpg"
        },
        {
            "rank": 3,
            "title": "社区过年每人发11000元和半只猪",
            "original_title": "",
            "source_platform": "极目新闻",
            "source_url": "https://baijiahao.baidu.com/s?id=1855472882799266115",
            "content": "河北一社区在腊八节为居民发放过年福利，每人可领11000元现金和半只猪，引发关注。",
            "image": "images/rank3_社区过年每人_20260128_062054.jpg"
        },
        {
            "rank": 4,
            "title": "1岁半宝宝装睡逃避医生检查",
            "original_title": "",
            "source_platform": "大象新闻",
            "source_url": "https://baijiahao.baidu.com/s?id=1855489654995580108",
            "content": "河北廊坊一名1岁半萌娃在医院检查时装睡逃避，听见妈妈说“好啦”瞬间睁眼，变脸迅速逗乐网友。",
            "image": "images/rank4_1岁半宝宝装_20260128_062054.jpg"
        },
        {
            "rank": 5,
            "title": "澳大利亚气温逼近50摄氏度",
            "original_title": "",
            "source_platform": "央视新闻",
            "source_url": "https://baijiahao.baidu.com/s?id=1855469271973919996",
            "content": "澳大利亚东南部遭遇2009年以来最严重热浪，南澳大利亚州一地气温达49.6摄氏度，多地创高温纪录。",
            "image": "images/rank5_澳大利亚气温_20260128_062054.jpg"
        },
        {
            "rank": 6,
            "title": "监控拍下真实版“老鹰抓母鸡”",
            "original_title": "",
            "source_platform": "新京报",
            "source_url": "https://baijiahao.baidu.com/s?id=1832775263897350160",
            "content": "湖南溆浦一养殖场母鸡被老鹰捕食，监控拍下全过程，负责人称起初以为是狗咬，查监控才知真相。",
            "image": "images/rank6_监控拍下真实_20260128_062054.jpg"
        },
        {
            "rank": 7,
            "title": "小米店员展示手机防摔功能：真碎了",
            "original_title": "",
            "source_platform": "界面新闻",
            "source_url": "https://baijiahao.baidu.com/s?id=1855490913844265383",
            "content": "小米门店店员为展示手机防摔性能，将手机屏幕朝下抛掷，不料手机屏幕真摔碎，引发网友调侃。",
            "image": "images/rank7_小米店员展示_20260128_062054.jpg"
        },
        {
            "rank": 8,
            "title": "万科A：深铁集团提供不超过23.6亿元借款",
            "original_title": "",
            "source_platform": "界面新闻",
            "source_url": "https://news.qq.com/rain/a/20260127A07AIZ00",
            "content": "万科第一大股东深铁集团向公司提供不超过23.6亿元借款，用于偿还公开市场债券本息，期限36个月。",
            "image": "images/rank8_万科A_深铁_20260128_062054.jpg"
        },
        {
            "rank": 9,
            "title": "7岁女孩凭地震预警带太婆避险",
            "original_title": "",
            "source_platform": "西安晚报",
            "source_url": "https://www.toutiao.com/video/7599943367589363722/",
            "content": "一名7岁女孩凭借地震预警，成功带领太婆避险，展现了地震预警系统在关键时刻的重要作用。",
            "image": "images/rank9_7岁女孩凭地_20260128_062054.jpg"
        }
    ],
    "timestamp": "20260128_062054"
}