{
    "news": [
        {
            "rank": 0,
            "title": "民生热点与商业动态：九条精选新闻速览",
            "content": "",
            "image": ""
        },
        {
            "rank": 1,
            "title": "研究生教成人骑车两年赚27万元",
            "source_platform": "封面新闻",
            "source_url": "https://mbd.baidu.com/newspage/data/videolanding?nid=sv_10404851556577546816",
            "content": "上海体育大学研究生通过教成人骑自行车，两年累计收入约27万元，教授学员近700人。",
            "image": "images/rank1_研究生教成人骑车两年_20260108_222124.jpg"
        },
        {
            "rank": 2,
            "title": "辽宁规定农村办席百人以上需留菜样",
            "source_platform": "北京日报客户端",
            "source_url": "https://baijiahao.baidu.com/s?id=1853757300844957213",
            "content": "辽宁省要求农村集体聚餐人数超100人时，需提前报告并留菜样，以加强食品安全监管。",
            "image": "images/rank2_辽宁规定农村办席百人_20260108_222126.jpg"
        },
        {
            "rank": 3,
            "title": "高校高数成绩差或请家长陪读",
            "source_platform": "扬子晚报",
            "source_url": "https://baijiahao.baidu.com/s?id=1853750160315529726",
            "content": "南京理工大学通知称，高数成绩排名后30%的学生，年级将组织帮扶，必要时建议家长陪读。",
            "image": "images/rank3_高校高数成绩差或请家_20260108_222128.jpg"
        },
        {
            "rank": 4,
            "title": "双胞胎姐妹分别取名灿和烂",
            "source_platform": "潇湘晨报",
            "source_url": "https://mbd.baidu.com/newspage/data/videolanding?nid=sv_14625083387692653602",
            "content": "湖南双胞胎姐妹分别取名杨灿和杨烂，父母希望她们拥有“灿烂”人生，引发网友关注。",
            "image": "images/rank4_双胞胎姐妹分别取名灿_20260108_222130.jpg"
        },
        {
            "rank": 5,
            "title": "河南趴地菠菜走红网络",
            "source_platform": "红星新闻",
            "source_url": "https://baijiahao.baidu.com/s?id=1853734538329590649",
            "content": "河南趴地菠菜因视频走红，被称“菠菜中的爱马仕”，商家两天涨粉7000多，求购者众。",
            "image": "images/rank5_河南趴地菠菜走红网络_20260108_222131.jpg"
        },
        {
            "rank": 6,
            "title": "鼻病毒阳性率上升无特效药",
            "source_platform": "央视新闻",
            "source_url": "https://baijiahao.baidu.com/s?id=1853733520369074916",
            "content": "中国疾控中心提醒，鼻病毒检测阳性率上升，目前无特效药和疫苗，以非药物预防为主。",
            "image": "images/rank6_鼻病毒阳性率上升无特_20260108_222132.jpg"
        },
        {
            "rank": 7,
            "title": "中产涌入超市抢购300元羽绒服",
            "source_platform": "有意思报告",
            "source_url": "https://www.toutiao.com/article/7592951727000453684/",
            "content": "胖东来、Costco等超市的平价羽绒服成中产“过冬新宠”，热门款式出现断货现象。",
            "image": "images/rank7_中产涌入超市抢购30_20260108_222134.jpeg"
        },
        {
            "rank": 8,
            "title": "新一轮“双一流”高校建设将启动",
            "source_platform": "央视新闻",
            "source_url": "https://www.toutiao.com/article/7592926074154058280/",
            "content": "教育部将启动新一轮“双一流”高校建设，推动研究型、应用型和技能型高校分类发展。",
            "image": "images/rank8_新一轮双一流高校建设_20260108_222136.jpeg"
        },
        {
            "rank": 9,
            "title": "汇源集团重新接管品牌指控违约",
            "source_platform": "新黄河",
            "source_url": "https://news.qq.com/rain/a/20260108A069UJ00#to-comment",
            "content": "汇源集团声明称重整投资人上海文盛根本违约，拖欠投资款并生产假冒果汁，已重新接管品牌。",
            "image": "images/rank9_汇源集团重新接管品牌_20260108_222137.jpg"
        }
    ]
}