{
    "news": [
        {
            "rank": 0,
            "title": "静音车厢靠吼？",
            "original_title": "",
            "source_platform": "",
            "source_url": "",
            "content": "",
            "image": ""
        },
        {
            "rank": 1,
            "title": "“长城猫”火出圈 外国游客沦陷",
            "original_title": "",
            "source_platform": "参考消息",
            "source_url": "https://baijiahao.baidu.com/s?id=1856212451664612141",
            "content": "“长城猫”意外走红，外国游客纷纷前来撸猫，成为长城新景观。",
            "image": "images/rank1__长城猫_火_20260205_062417.jpg"
        },
        {
            "rank": 2,
            "title": "2月将有4次冷空气影响春运",
            "original_title": "",
            "source_platform": "央视新闻",
            "source_url": "https://baijiahao.baidu.com/s?id=1856154599396146818",
            "content": "2月我国将受4次冷空气影响，东北华北等地降水偏多，需关注春运出行安全。",
            "image": "images/rank2_2月将有4次_20260205_062417.jpg"
        },
        {
            "rank": 3,
            "title": "静音车厢是纯人工静音",
            "original_title": "",
            "source_platform": "极目新闻",
            "source_url": "https://baijiahao.baidu.com/s?id=1856196406113665241",
            "content": "铁路静音车厢服务扩展，静音效果主要依赖乘务员人工提醒，而非特殊隔音技术。",
            "image": "images/rank3_静音车厢是纯_20260205_062417.jpg"
        },
        {
            "rank": 4,
            "title": "男子自带折叠椅坐高铁引热议",
            "original_title": "",
            "source_platform": "极目新闻",
            "source_url": "https://baijiahao.baidu.com/s?id=1856185742731554644",
            "content": "浙江一男子在高铁车厢连接处自带折叠椅惬意玩手机，被网友称为“坐高铁正确方式”。",
            "image": "images/rank4_男子自带折叠_20260205_062417.jpg"
        },
        {
            "rank": 5,
            "title": "千元锦鲤跳缸身亡 老板含泪做酸菜鱼",
            "original_title": "",
            "source_platform": "齐鲁壹点",
            "source_url": "https://baijiahao.baidu.com/s?id=1856199432619245697",
            "content": "河南鱼店老板将价值千元跳缸死亡的锦鲤做成酸菜鱼，品尝后称口感与普通鱼无异。",
            "image": "images/rank5_千元锦鲤跳缸_20260205_062417.jpg"
        },
        {
            "rank": 6,
            "title": "小米回应辽宁营口起火事件",
            "original_title": "",
            "source_platform": "红星新闻",
            "source_url": "https://baijiahao.baidu.com/s?id=1856190091748664185",
            "content": "小米回应SU7起火事件，称系车内遗留火源引燃可燃物所致，非车辆自身原因。",
            "image": "images/rank6_小米回应辽宁_20260205_062417.jpg"
        },
        {
            "rank": 7,
            "title": "无人机机器人首次写入中央一号文件",
            "original_title": "",
            "source_platform": "新华社",
            "source_url": "https://www.toutiao.com/article/7602599255190094376",
            "content": "2026年中央一号文件首次写入无人机和机器人，提出拓展其在农业等领域的应用场景。",
            "image": "images/rank7_无人机机器人_20260205_062417.jpg"
        },
        {
            "rank": 8,
            "title": "天坛门口“随地大小躺”拍照火了",
            "original_title": "",
            "source_platform": "大象新闻",
            "source_url": "https://www.toutiao.com/video/7602849608024195115/",
            "content": "天坛门口出现游客“随地大小躺”拍照现象，相关视频在网络上引发关注和讨论。",
            "image": "images/rank8_天坛门口_随_20260205_062417.jpg"
        },
        {
            "rank": 9,
            "title": "九个姑姑参加大侄子婚礼",
            "original_title": "",
            "source_platform": "都市报道",
            "source_url": "https://www.toutiao.com/video/7602929591154802739/",
            "content": "一场婚礼上，新郎的九个姑姑集体出席，场面壮观，引发网友热议。",
            "image": "images/rank9_九个姑姑参加_20260205_062417.jpg"
        }
    ],
    "timestamp": "20260205_062417"
}