{
    "news": [
        {
            "rank": 0,
            "title": "欧洲怒了！",
            "original_title": "",
            "source_platform": "",
            "source_url": "",
            "content": "",
            "image": ""
        },
        {
            "rank": 1,
            "title": "特朗普前顾问：格陵兰将保持格陵兰",
            "original_title": "Greenland 'will stay Greenland', former Trump adviser declares",
            "source_platform": "BBC News",
            "source_url": "https://www.bbc.com/news/articles/c98p6m0r53no",
            "content": "特朗普前经济顾问称，美国无法强迫格陵兰易主，并暗示总统的言论可能是谈判策略。",
            "image": "images/rank1_特朗普前顾问_20260120_183727.jpg"
        },
        {
            "rank": 2,
            "title": "布鲁克林·贝克汉姆公开与父母决裂",
            "original_title": "I don't want to reconcile with family, says Brooklyn Peltz Beckham",
            "source_platform": "BBC News",
            "source_url": "https://www.bbc.com/news/articles/ce3ekq4z5dyo",
            "content": "贝克汉姆长子公开表示不愿与父母和解，并指责父母试图破坏他的婚姻。",
            "image": "images/rank2_布鲁克林_贝_20260120_183727.jpg"
        },
        {
            "rank": 3,
            "title": "英国海滩被泄漏薯条和洋葱覆盖",
            "original_title": "Volunteers clear washed-up bags of chips from beach",
            "source_platform": "BBC News",
            "source_url": "https://www.bbc.com/news/articles/c1m738pyvxjo",
            "content": "英国苏塞克斯郡海滩因货船集装箱泄漏，被数千袋薯条和洋葱覆盖，志愿者展开清理。",
            "image": "images/rank3_英国海滩被泄_20260120_183727.jpg"
        },
        {
            "rank": 4,
            "title": "加拿大女子在澳大利亚海滩遭野狗围尸",
            "original_title": "Canadian woman found dead surrounded by dingoes on Australian beach",
            "source_platform": "BBC News",
            "source_url": "https://www.bbc.com/news/articles/c3wz90n5vgeo",
            "content": "一名19岁加拿大女子在澳大利亚昆士兰州海滩被发现死亡，尸体被一群野狗包围。",
            "image": "images/rank4_加拿大女子在_20260120_183727.jpg"
        },
        {
            "rank": 5,
            "title": "澳大利亚48小时内发生四起鲨鱼袭人事件",
            "original_title": "Surfer injured in fourth shark attack in Australian state in 48 hours",
            "source_platform": "BBC News",
            "source_url": "https://www.bbc.com/news/articles/cqxy3523nq2o",
            "content": "澳大利亚新南威尔士州海岸48小时内发生四起鲨鱼袭击事件，一名冲浪者受伤，多片海滩关闭。",
            "image": "images/rank5_澳大利亚48_20260120_183727.jpg"
        },
        {
            "rank": 6,
            "title": "巴勒斯坦儿童足球场面临以色列强拆",
            "original_title": "Palestinian children's football pitch faces Israeli demolition ultimatum",
            "source_platform": "BBC News",
            "source_url": "https://www.bbc.com/news/articles/cjrz0j9p5jqo",
            "content": "约旦河西岸一处巴勒斯坦儿童足球俱乐部面临以色列当局的强拆令，引发国际关注。",
            "image": "images/rank6_巴勒斯坦儿童_20260120_183727.jpg"
        },
        {
            "rank": 7,
            "title": "米兰男装周：奥运热与“宿敌”首秀",
            "original_title": "A ‘Heated Rivalry’ runway debut and Olympics fever at Milan Men’s Fashion Week",
            "source_platform": "CNN",
            "source_url": "https://edition.cnn.com/2026/01/20/style/olympics-heated-rivalry-catwalk-milan-fashion-week-mens",
            "content": "米兰男装周充满奥运氛围，拉夫·劳伦举办专场秀，Dsquared2迎来热门剧集明星走秀。",
            "image": "images/rank7_米兰男装周__20260120_183727.jpg"
        },
        {
            "rank": 8,
            "title": "印尼发现失踪监视飞机残骸",
            "original_title": "Indonesia finds wreckage of missing surveillance plane carrying 10",
            "source_platform": "CNN",
            "source_url": "https://edition.cnn.com/2026/01/17/asia/indonesia-missing-surveillance-plane-intl",
            "content": "印尼当局在雾中山坡上找到失踪的渔业监视飞机残骸，机上10人中已发现一具遗体。",
            "image": "images/rank8_印尼发现失踪_20260120_183727.jpg"
        },
        {
            "rank": 9,
            "title": "马莎百货技术主管在遭网络攻击后离职",
            "original_title": "M&S technology chief quits less than a year after cyber attack",
            "source_platform": "Sky News",
            "source_url": "https://news.sky.com/story/mands-technology-chief-quits-less-than-a-year-after-cyberattack-13496516",
            "content": "英国马莎百货首席技术官在公司遭遇严重网络攻击后不到一年宣布离职。",
            "image": "images/rank9_马莎百货技术_20260120_183727.jpg"
        }
    ],
    "timestamp": "20260120_183727"
}