{
    "news": [
        {
            "rank": 0,
            "title": "美伊谈判破局？",
            "original_title": "",
            "source_platform": "",
            "source_url": "",
            "content": "",
            "image": ""
        },
        {
            "rank": 1,
            "title": "美伊核谈判获“重大进展”，下周继续",
            "original_title": "A Deal or War? Talks Will Continue Between U.S. and Iran Next Week",
            "source_platform": "New York Times",
            "source_url": "https://www.nytimes.com/2026/02/26/world/middleeast/iran-us-nuclear-talks.html",
            "content": "美伊在日内瓦结束关键会谈，双方称取得“重大进展”，技术团队将于下周在维也纳继续谈判，以避免冲突。",
            "image": "images/rank1_美伊核谈判获_20260227_184925.jpg"
        },
        {
            "rank": 2,
            "title": "巴基斯坦与阿富汗爆发跨境空袭",
            "original_title": "Afghanistan and Pakistan exchange cross-border strikes in escalating retaliatory attacks",
            "source_platform": "CNN",
            "source_url": "https://edition.cnn.com/2026/02/26/asia/afghanistan-pakistan-border-attack-intl-latam",
            "content": "巴基斯坦对阿富汗境内多个目标发动空袭，包括首都喀布尔。阿富汗塔利班称已开始反击，双方冲突升级。",
            "image": "images/rank2_巴基斯坦与阿_20260227_184925.jpg"
        },
        {
            "rank": 3,
            "title": "派拉蒙或1110亿美元收购华纳兄弟",
            "original_title": "Paramount set for $111bn Warner Bros takeover after Netflix drops bid",
            "source_platform": "BBC News",
            "source_url": "https://www.bbc.com/news/articles/c5y6p5ypgmzo",
            "content": "Netflix退出竞购，派拉蒙影业有望以约1110亿美元收购华纳兄弟探索公司，或将重塑好莱坞格局。",
            "image": "images/rank3_派拉蒙或11_20260227_184925.jpg"
        },
        {
            "rank": 4,
            "title": "AI芯片短缺致智能手机价格飙升",
            "original_title": "AI is gobbling up the world’s memory chips, sending smartphone prices to record highs, report says",
            "source_platform": "CNN",
            "source_url": "https://edition.cnn.com/2026/02/27/tech/ai-memory-chips-smartphones-intl-hnk",
            "content": "报告称，人工智能引发的全球内存芯片短缺对智能手机行业造成冲击，预计今年手机价格将创历史新高。",
            "image": "images/rank4_AI芯片短缺_20260227_184925.jpg"
        },
        {
            "rank": 5,
            "title": "印度AI峰会现“赤膊”抗议引风波",
            "original_title": "'Shirtless' protest at AI summit sparks political storm in India",
            "source_platform": "BBC News",
            "source_url": "https://www.bbc.com/news/articles/cp81w4dpx8yo",
            "content": "印度主要反对党青年成员在AI峰会上脱衣抗议，批评政府政策，导致八人被捕并引发政治风暴。",
            "image": "images/rank5_印度AI峰会_20260227_184925.jpg"
        },
        {
            "rank": 6,
            "title": "英国绿党赢得关键补选",
            "original_title": "Greens win Gorton and Denton by-election, dealing blow to Keir Starmer - follow latest",
            "source_platform": "Sky News",
            "source_url": "https://news.sky.com/story/politics-latest-mandelson-starmer-labour-farage-badenoch-12593360",
            "content": "英国绿党在戈顿和登顿选区补选中获胜，赢得其首个补选议席，对工党领袖斯塔默构成打击。",
            "image": "images/rank6_英国绿党赢得_20260227_184925.jpg"
        },
        {
            "rank": 7,
            "title": "丘吉尔雕像遭涂鸦“犹太复国主义战犯”",
            "original_title": "Man, 38, arrested after Churchill statue defaced with 'Zionist war criminal'",
            "source_platform": "Sky News",
            "source_url": "https://news.sky.com/story/churchill-statue-in-parliament-square-defaced-with-zionist-war-criminal-13512850",
            "content": "伦敦议会广场的丘吉尔雕像被涂鸦“犹太复国主义战犯”等字样，一名38岁男子因涉嫌刑事损害被捕。",
            "image": "images/rank7_丘吉尔雕像遭_20260227_184925.jpg"
        },
        {
            "rank": 8,
            "title": "大猩猩迁居新家数日后死亡",
            "original_title": "Gorilla dies days after moving to new home",
            "source_platform": "BBC News",
            "source_url": "https://www.bbc.com/news/articles/c5yr5n3p8j5o",
            "content": "一只42岁的西部低地大猩猩银背在迁至新家十天后健康状况恶化，被实施安乐死。",
            "image": "images/rank8_大猩猩迁居新_20260227_184925.jpg"
        },
        {
            "rank": 9,
            "title": "水下摄影师大奖赛展示惊人影像",
            "original_title": "Incredible images showcased in Underwater Photographer of the Year 2026 awards",
            "source_platform": "CNN",
            "source_url": "https://edition.cnn.com/2026/02/27/travel/underwater-photographer-year-2026-scli-intl",
            "content": "2026年度水下摄影师大奖赛结果揭晓，澳大利亚摄影师拍摄的福克兰群岛小海豹照片获得总冠军。",
            "image": "images/rank9_水下摄影师大_20260227_184925.jpg"
        }
    ],
    "timestamp": "20260227_184925"
}