{
    "news": [
        {
            "rank": 0,
            "title": "飞船票300万？",
            "original_title": "",
            "source_platform": "",
            "source_url": "",
            "content": "",
            "image": ""
        },
        {
            "rank": 1,
            "title": "中国商业飞船票预售300万",
            "original_title": "",
            "source_platform": "大象新闻",
            "source_url": "https://baijiahao.baidu.com/s?id=1855050781616693144",
            "content": "国内首艘商业载人飞船“穿越者壹号”计划2028年首飞，太空船票预售单价300万元，已签约20余位付费游客。",
            "image": "images/rank1_中国商业飞船_20260123_183432.jpg"
        },
        {
            "rank": 2,
            "title": "俄航班中国上空发求救信号",
            "original_title": "",
            "source_platform": "新京报",
            "source_url": "https://baijiahao.baidu.com/s?id=1855101042751987902",
            "content": "俄罗斯蓝色航空一架载238人客机从泰国飞往俄罗斯途中，在中国上空发出求救信号，后平安备降兰州。",
            "image": "images/rank2_俄航班中国上_20260123_183432.jpg"
        },
        {
            "rank": 3,
            "title": "多地中小学取消期末统考",
            "original_title": "",
            "source_platform": "央视频",
            "source_url": "https://baijiahao.baidu.com/s?id=1855093900441093472",
            "content": "成都、青岛、厦门等十余城取消中小学非毕业年级区域性或跨校际期末统考，覆盖超1.5亿学生，改由学校自主评价。",
            "image": "images/rank3_多地中小学取_20260123_183432.jpg"
        },
        {
            "rank": 4,
            "title": "家中霉菌致女童脑部被“啃”",
            "original_title": "",
            "source_platform": "央视新闻",
            "source_url": "https://baijiahao.baidu.com/s?id=1855086248170421389",
            "content": "河南一6岁女童持续发烧17天，检查发现脑部被烟曲霉菌感染形成多个空洞，该霉菌被世卫组织列为一类致癌物。",
            "image": "images/rank4_家中霉菌致女_20260123_183432.jpg"
        },
        {
            "rank": 5,
            "title": "《百家姓》钱姓为何排第二",
            "original_title": "",
            "source_platform": "央视新闻",
            "source_url": "https://baijiahao.baidu.com/s?id=1855076063376202329",
            "content": "因吴越国国王钱俶主动归宋，使江南免于战火，赢得民心，故在北宋初年编订的《百家姓》中，“钱”姓紧随“赵”姓位列第二。",
            "image": "images/rank5__百家姓_钱_20260123_183432.jpg"
        },
        {
            "rank": 6,
            "title": "嫣然医院欠租进入强制执行",
            "original_title": "",
            "source_platform": "南方都市报",
            "source_url": "https://news.qq.com/rain/a/20260122A05VWF00",
            "content": "李亚鹏创立的嫣然天使儿童医院陷入欠租风波，房东代理律师称正在起草说明，案件已进入法院强制执行阶段。",
            "image": "images/rank6_嫣然医院欠租_20260123_183432.jpg"
        },
        {
            "rank": 7,
            "title": "高铁犯困因二氧化碳超标？",
            "original_title": "",
            "source_platform": "潇湘晨报",
            "source_url": "https://news.qq.com/rain/a/20260122A05J1N00",
            "content": "有视频显示高铁车厢内二氧化碳浓度超2000ppm，旅客称导致犯困。铁路12306已就此事进行回应。",
            "image": "images/rank7_高铁犯困因二_20260123_183432.jpg"
        },
        {
            "rank": 8,
            "title": "9部门发文促药品零售发展",
            "original_title": "",
            "source_platform": "央视新闻",
            "source_url": "https://news.qq.com/rain/a/20260122A053H200",
            "content": "商务部等九部门联合发布意见，围绕完善药事服务、强化应急保供等五方面，提出18项举措促进药品零售行业高质量发展。",
            "image": "images/rank8_9部门发文促_20260123_183432.jpg"
        },
        {
            "rank": 9,
            "title": "Tim挑战雪地生存100小时",
            "original_title": "",
            "source_platform": "鲁中晨报",
            "source_url": "https://www.toutiao.com/article/7598101436472132137/",
            "content": "影视飓风创始人Tim在东北零下30℃雪地开启生存挑战，仅凭纸笔，通过AI识别画图来获取物资，计划持续100小时。",
            "image": "images/rank9_Tim挑战雪_20260123_183432.jpg"
        }
    ],
    "timestamp": "20260123_183432"
}