{
    "news": [
        {
            "rank": 0,
            "title": "美伊谈判，战争边缘？",
            "original_title": "",
            "source_platform": "",
            "source_url": "",
            "content": "",
            "image": ""
        },
        {
            "rank": 1,
            "title": "美伊核谈判获“重大进展”，下周继续",
            "original_title": "US-Iran talks end after 'significant progress', mediator says",
            "source_platform": "BBC News",
            "source_url": "https://www.bbc.com/news/articles/cvg1vd95nl9o",
            "content": "美伊在日内瓦举行核谈判，阿曼外长称取得“重大进展”，双方计划下周在维也纳恢复技术层面会谈。",
            "image": "images/rank1_美伊核谈判获_20260227_063029.jpg"
        },
        {
            "rank": 2,
            "title": "美司法部被控隐瞒特朗普关联爱泼斯坦文件",
            "original_title": "US justice department accused of withholding Trump-related Epstein files",
            "source_platform": "BBC News",
            "source_url": "https://www.bbc.com/news/articles/ckg3elr1dwpo",
            "content": "美国会调查爱泼斯坦案的民主党高层指控司法部隐瞒了包含对特朗普性侵未成年人指控的文件。",
            "image": "images/rank2_美司法部被控_20260227_063029.jpg"
        },
        {
            "rank": 3,
            "title": "FBI解雇约10名参与调查特朗普的探员",
            "original_title": "At least 10 FBI agents who worked on Trump investigation fired",
            "source_platform": "BBC News",
            "source_url": "https://www.bbc.com/news/articles/c4gq7vdld80o",
            "content": "美国联邦调查局解雇了约10名曾参与调查特朗普处理机密文件案的探员，引发相关协会谴责。",
            "image": "images/rank3_FBI解雇约_20260227_063029.jpg"
        },
        {
            "rank": 4,
            "title": "巴基斯坦称两名士兵在阿塔袭击中身亡",
            "original_title": "Pakistan says two soldiers killed after attacks by Afghan Taliban",
            "source_platform": "BBC News",
            "source_url": "https://www.bbc.com/news/articles/c0j5qx9n887o",
            "content": "巴基斯坦称阿富汗塔利班在边境发动袭击，导致两名巴士兵死亡，双方均称给对方造成重大损失。",
            "image": "images/rank4_巴基斯坦称两_20260227_063029.jpg"
        },
        {
            "rank": 5,
            "title": "丹麦首相因格陵兰问题宣布提前大选",
            "original_title": "Danish PM calls snap election with Greenland issue centre-stage",
            "source_platform": "BBC News",
            "source_url": "https://www.bbc.com/news/articles/ckg3e63jwj8o",
            "content": "丹麦首相弗雷泽里克森宣布于3月24日提前举行大选，称未来四年对丹麦“至关重要”，格陵兰问题成为焦点。",
            "image": "images/rank5_丹麦首相因格_20260227_063029.jpg"
        },
        {
            "rank": 6,
            "title": "研究称人类最早书写或比认知早4万年",
            "original_title": "First writing may be 40,000 years earlier than thought",
            "source_platform": "BBC News",
            "source_url": "https://www.bbc.com/news/articles/cvgknj7yyv2o",
            "content": "考古学家在德国洞穴发现4.5万年前的猛犸象牙刻痕，认为其信息密度堪比早期文字，或将书写史提前数万年。",
            "image": "images/rank6_研究称人类最_20260227_063029.jpg"
        },
        {
            "rank": 7,
            "title": "纽约市长因雪仗事件与警方高层产生分歧",
            "original_title": "A New York City snowball fight gone wrong leaves Mayor Mamdani at odds with police",
            "source_platform": "BBC News",
            "source_url": "https://www.bbc.com/news/articles/cwyxlgkj0k3o",
            "content": "纽约一场雪仗演变为袭警事件，市长称不应起诉参与者，引发警方高层强烈不满，双方关系紧张。",
            "image": "images/rank7_纽约市长因雪_20260227_063029.jpg"
        },
        {
            "rank": 8,
            "title": "曼迪·摩尔夫妇在洛杉矶山火后重建梦想家园",
            "original_title": "Mandy Moore and Taylor Goldsmith nearly lost their dream home in the LA fires. Here’s how they rebuilt",
            "source_platform": "CNN",
            "source_url": "https://edition.cnn.com/2026/02/11/style/mandy-moore-home-altadena-ad",
            "content": "美国女星曼迪·摩尔夫妇在洛杉矶山火中几乎失去梦想家园，目前已完成主屋重建，音乐工作室等仍在施工。",
            "image": "images/rank8_曼迪_摩尔夫_20260227_063029.jpg"
        },
        {
            "rank": 9,
            "title": "英国O2率先接入星链卫星提供移动服务",
            "original_title": "UK connects first mobile network to Elon Musk's Starlink satellites",
            "source_platform": "Sky News",
            "source_url": "https://news.sky.com/story/uk-connects-first-mobile-network-to-elon-musks-starlink-satellites-13512387",
            "content": "英国移动运营商O2成为首个接入星链卫星的网络，旨在为偏远地区用户在没有4G信号时提供移动数据连接。",
            "image": "images/rank9_英国O2率先_20260227_063029.jpg"
        }
    ],
    "timestamp": "20260227_063029"
}