{
    "news": [
        {
            "rank": 0,
            "title": "【轰动】风波再起！众明星卷入，谁能独善其身？",
            "original_title": "",
            "source_platform": "",
            "source_url": "",
            "content": "",
            "image": ""
        },
        {
            "rank": 1,
            "title": "《小城大事》大结局",
            "original_title": "",
            "source_platform": "腾讯娱乐",
            "source_url": "https://news.qq.com/rain/a/20260126A07G0N00",
            "content": "《小城大事》大结局",
            "image": "images/rank1__小城大事__20260127_061948.jpg"
        },
        {
            "rank": 2,
            "title": "鲁豫范晓萱拒绝浪姐的原因",
            "original_title": "",
            "source_platform": "腾讯娱乐",
            "source_url": "https://news.qq.com/rain/a/20260126V05ULW00",
            "content": "鲁豫范晓萱拒绝浪姐的原因",
            "image": "images/rank2_鲁豫范晓萱拒_20260127_061948.jpg"
        },
        {
            "rank": 3,
            "title": "张雨绮被曝知三当三，辽视春晚节目被删",
            "original_title": "",
            "source_platform": "腾讯娱乐",
            "source_url": "https://news.qq.com/rain/a/20260126V009YR00",
            "content": "张雨绮被曝知三当三，辽视春晚节目被删",
            "image": "images/rank3_张雨绮被曝知_20260127_061948.jpg"
        },
        {
            "rank": 4,
            "title": "陈星旭自曝三个月不发朋友圈",
            "original_title": "",
            "source_platform": "腾讯娱乐",
            "source_url": "https://news.qq.com/rain/a/20260126V034M900",
            "content": "陈星旭自曝三个月不发朋友圈",
            "image": "images/rank4_陈星旭自曝三_20260127_061948.jpg"
        },
        {
            "rank": 5,
            "title": "外交部提醒春节避免前往日本",
            "original_title": "",
            "source_platform": "抖音热榜",
            "source_url": "https://www.douyin.com/hot/2380271",
            "content": "外交部提醒春节避免前往日本",
            "image": "images/rank5_外交部提醒春_20260127_061948.jpg"
        },
        {
            "rank": 6,
            "title": "国投白银LOF将暂停申购",
            "original_title": "",
            "source_platform": "抖音热榜",
            "source_url": "https://www.douyin.com/hot/2380548",
            "content": "国投白银LOF将暂停申购",
            "image": "images/rank6_国投白银LO_20260127_061948.jpg"
        },
        {
            "rank": 7,
            "title": "全国机动车保有量达4.69亿辆",
            "original_title": "",
            "source_platform": "抖音热榜",
            "source_url": "https://www.douyin.com/hot/2379767",
            "content": "全国机动车保有量达4.69亿辆",
            "image": "images/rank7_全国机动车保_20260127_061948.jpg"
        },
        {
            "rank": 8,
            "title": "尼帕病毒令赴泰游客进退两难",
            "original_title": "",
            "source_platform": "抖音热榜",
            "source_url": "https://www.douyin.com/hot/2380109",
            "content": "尼帕病毒令赴泰游客进退两难",
            "image": "images/rank8_尼帕病毒令赴_20260127_061948.jpg"
        },
        {
            "rank": 9,
            "title": "甘肃甘南5.5级地震",
            "original_title": "",
            "source_platform": "抖音热榜",
            "source_url": "https://www.douyin.com/hot/2380125",
            "content": "甘肃甘南5.5级地震",
            "image": "images/rank9_甘肃甘南5__20260127_061948.jpg"
        }
    ],
    "timestamp": "20260127_061948"
}