{
    "news": [
        {
            "rank": 0,
            "title": "【轰动】风波再起！众明星卷入，谁能独善其身？",
            "original_title": "",
            "source_platform": "",
            "source_url": "",
            "content": "",
            "image": ""
        },
        {
            "rank": 1,
            "title": "邰丽华：我没有离开舞台，心跟她们在一起",
            "original_title": "",
            "source_platform": "腾讯娱乐",
            "source_url": "https://news.qq.com/rain/a/20260218V02ROF00",
            "content": "邰丽华：我没有离开舞台，心跟她们在一起",
            "image": "images/rank1_邰丽华_我没_20260219_185414.jpg"
        },
        {
            "rank": 2,
            "title": "王鹤棣宋茜本色出演《星河入梦》",
            "original_title": "",
            "source_platform": "腾讯娱乐",
            "source_url": "https://news.qq.com/rain/a/20260219V02XYE00",
            "content": "王鹤棣宋茜本色出演《星河入梦》",
            "image": "images/rank2_王鹤棣宋茜本_20260219_185414.jpg"
        },
        {
            "rank": 3,
            "title": "沈腾《飞驰人生3》热血赛车上演逆袭",
            "original_title": "",
            "source_platform": "腾讯娱乐",
            "source_url": "https://news.qq.com/rain/a/20260218V02W4X00",
            "content": "沈腾《飞驰人生3》热血赛车上演逆袭",
            "image": "images/rank3_沈腾_飞驰人_20260219_185414.jpg"
        },
        {
            "rank": 4,
            "title": "“荷花花神”王阳祝大家开怀大笑",
            "original_title": "",
            "source_platform": "腾讯娱乐",
            "source_url": "https://news.qq.com/rain/a/20260218V04ZU200",
            "content": "“荷花花神”王阳祝大家开怀大笑",
            "image": "images/rank4__荷花花神__20260219_185414.jpg"
        },
        {
            "rank": 5,
            "title": "宁忠岩将冲击速滑1500米奖牌",
            "original_title": "",
            "source_platform": "抖音热榜",
            "source_url": "https://www.douyin.com/hot/2405807",
            "content": "宁忠岩将冲击速滑1500米奖牌",
            "image": "images/rank5_宁忠岩将冲击_20260219_185414.jpg"
        },
        {
            "rank": 6,
            "title": "兄弟姐妹这一页应是血脉羁绊",
            "original_title": "",
            "source_platform": "抖音热榜",
            "source_url": "https://www.douyin.com/hot/2404455",
            "content": "兄弟姐妹这一页应是血脉羁绊",
            "image": "images/rank6_兄弟姐妹这一_20260219_185414.jpg"
        },
        {
            "rank": 7,
            "title": "春节档票房突破25亿元",
            "original_title": "",
            "source_platform": "抖音热榜",
            "source_url": "https://www.douyin.com/hot/2405682",
            "content": "春节档票房突破25亿元",
            "image": "images/rank7_春节档票房突_20260219_185414.jpg"
        },
        {
            "rank": 8,
            "title": "第一次被鱼灯震撼到",
            "original_title": "",
            "source_platform": "抖音热榜",
            "source_url": "https://www.douyin.com/hot/2405647",
            "content": "第一次被鱼灯震撼到",
            "image": "images/rank8_第一次被鱼灯_20260219_185414.jpg"
        },
        {
            "rank": 9,
            "title": "拜年就要年味穿搭",
            "original_title": "",
            "source_platform": "抖音热榜",
            "source_url": "https://www.douyin.com/hot/2405258",
            "content": "拜年就要年味穿搭",
            "image": "images/rank9_拜年就要年味_20260219_185414.jpg"
        }
    ],
    "timestamp": "20260219_185414"
}