{
    "news": [
        {
            "rank": 0,
            "title": "【轰动】风波再起！众明星卷入，谁能独善其身？",
            "original_title": "",
            "source_platform": "",
            "source_url": "",
            "content": "",
            "image": ""
        },
        {
            "rank": 1,
            "title": "王鹤棣亮相巴黎时装周",
            "original_title": "",
            "source_platform": "腾讯娱乐",
            "source_url": "https://news.qq.com/rain/a/20260121V01RSQ00",
            "content": "王鹤棣亮相巴黎时装周",
            "image": "images/rank1_王鹤棣亮相巴_20260121_183827.jpg"
        },
        {
            "rank": 2,
            "title": "曝黄荷娜为减刑供述吸毒艺人",
            "original_title": "",
            "source_platform": "腾讯娱乐",
            "source_url": "https://news.qq.com/rain/a/20260121V03NW800",
            "content": "曝黄荷娜为减刑供述吸毒艺人",
            "image": "images/rank2_曝黄荷娜为减_20260121_183827.jpg"
        },
        {
            "rank": 3,
            "title": "向太曝萧敬腾19岁起追林有慧十几年",
            "original_title": "",
            "source_platform": "腾讯娱乐",
            "source_url": "https://news.qq.com/rain/a/20260121V01UR700",
            "content": "向太曝萧敬腾19岁起追林有慧十几年",
            "image": "images/rank3_向太曝萧敬腾_20260121_183827.jpg"
        },
        {
            "rank": 4,
            "title": "胡夏苏州演唱会收官：梁龙助阵，旺旺大礼包宠粉",
            "original_title": "",
            "source_platform": "腾讯娱乐",
            "source_url": "https://news.qq.com/rain/a/20260121V0387000",
            "content": "胡夏苏州演唱会收官：梁龙助阵，旺旺大礼包宠粉",
            "image": "images/rank4_胡夏苏州演唱_20260121_183827.jpg"
        },
        {
            "rank": 5,
            "title": "税务部门处罚拼多多",
            "original_title": "",
            "source_platform": "抖音热榜",
            "source_url": "https://www.douyin.com/hot/2375178",
            "content": "税务部门处罚拼多多",
            "image": "images/rank5_税务部门处罚_20260121_183827.jpg"
        },
        {
            "rank": 6,
            "title": "我国已启动第二阶段6G技术试验",
            "original_title": "",
            "source_platform": "抖音热榜",
            "source_url": "https://www.douyin.com/hot/2374812",
            "content": "我国已启动第二阶段6G技术试验",
            "image": "images/rank6_我国已启动第_20260121_183827.jpg"
        },
        {
            "rank": 7,
            "title": "一句话挑战全国方言",
            "original_title": "",
            "source_platform": "抖音热榜",
            "source_url": "https://www.douyin.com/hot/2375095",
            "content": "一句话挑战全国方言",
            "image": "images/rank7_一句话挑战全_20260121_183827.jpg"
        },
        {
            "rank": 8,
            "title": "社恐人就这么假装卖霉豆腐",
            "original_title": "",
            "source_platform": "抖音热榜",
            "source_url": "https://www.douyin.com/hot/2375026",
            "content": "社恐人就这么假装卖霉豆腐",
            "image": "images/rank8_社恐人就这么_20260121_183827.jpg"
        },
        {
            "rank": 9,
            "title": "此情此景的雪该怎么描述",
            "original_title": "",
            "source_platform": "抖音热榜",
            "source_url": "https://www.douyin.com/hot/2374585",
            "content": "此情此景的雪该怎么描述",
            "image": "images/rank9_此情此景的雪_20260121_183827.jpg"
        }
    ],
    "timestamp": "20260121_183827"
}