{
    "news": [
        {
            "rank": 0,
            "title": "冻伤截肢？婚礼撞脸？",
            "original_title": "",
            "source_platform": "",
            "source_url": "",
            "content": "",
            "image": ""
        },
        {
            "rank": 1,
            "title": "大学生东北游玩冻伤或截肢",
            "original_title": "",
            "source_platform": "红星新闻",
            "source_url": "https://baijiahao.baidu.com/s?id=1855637223294768764",
            "content": "21岁女大学生在黑龙江游玩时滑倒晕倒雪地，双手双脚冻伤，左手三根手指发黑可能面临截肢。",
            "image": "images/rank1_大学生东北游_20260129_184658.jpg"
        },
        {
            "rank": 2,
            "title": "婚礼现场婆婆亲妈撞脸惊呆宾客",
            "original_title": "",
            "source_platform": "潇湘晨报",
            "source_url": "https://baijiahao.baidu.com/s?id=1855565155131005442",
            "content": "山东滨州婚礼上，新郎母亲与新娘母亲长相高度相似，脸型、牙齿、发型和笑容几乎一模一样，宾客惊叹缘分使然。",
            "image": "images/rank2_婚礼现场婆婆_20260129_184658.jpg"
        },
        {
            "rank": 3,
            "title": "9岁男孩因一手好字走红网络",
            "original_title": "",
            "source_platform": "新华网",
            "source_url": "https://baijiahao.baidu.com/s?id=1855635711226822794",
            "content": "银川9岁男孩因一手好字走红，其母亲回应称孩子从三年级起每天练习书法30-40分钟，视写字为文化传承。",
            "image": "images/rank3_9岁男孩因一_20260129_184658.jpg"
        },
        {
            "rank": 4,
            "title": "期末考前教室现状老师吐槽",
            "original_title": "",
            "source_platform": "重庆生活资讯事",
            "source_url": "https://baijiahao.baidu.com/s?id=1855635869803981224",
            "content": "老师拍视频分享期末考前班级学生现状：有画眉毛、卷头发、刷牙的，老师吐槽只有自己在学习，网友调侃主课是美容美发。",
            "image": "images/rank4_期末考前教室_20260129_184658.jpg"
        },
        {
            "rank": 5,
            "title": "中国牌晶体获重大突破",
            "original_title": "",
            "source_platform": "央视新闻",
            "source_url": "https://baijiahao.baidu.com/s?id=1855585221225408086",
            "content": "中国科学院成功研制出氟化硼酸铵晶体，首次实现直接倍频真空紫外激光158.9纳米输出，将在精密制造等领域发挥战略作用。",
            "image": "images/rank5_中国牌晶体获_20260129_184658.jpg"
        },
        {
            "rank": 6,
            "title": "金价大涨投资者却血本无归",
            "original_title": "",
            "source_platform": "新京报",
            "source_url": "https://news.qq.com/rain/a/20260128A07H6T00",
            "content": "深圳水贝杰我睿珠宝公司因无法提现受关注，消费者尝试提现不成功，公司被指进行黄金对赌游戏，投资者面临损失。",
            "image": "images/rank6_金价大涨投资_20260129_184658.jpg"
        },
        {
            "rank": 7,
            "title": "15岁未成年人拉车门盗窃被行拘",
            "original_title": "",
            "source_platform": "封面新闻",
            "source_url": "https://news.qq.com/rain/a/20260128A05J7700",
            "content": "新修订《治安管理处罚法》实施后，两名15岁未成年人在成都简阳通过拉车门盗窃被行拘，两人均有前科记录。",
            "image": "images/rank7_15岁未成年_20260129_184658.jpg"
        },
        {
            "rank": 8,
            "title": "遗嘱外甥写成外孙亲戚对簿公堂",
            "original_title": "",
            "source_platform": "看看新闻",
            "source_url": "https://www.toutiao.com/video/7600373138232246818/",
            "content": "遗嘱中将外甥写成外孙，导致亲戚之间产生纠纷，最终对簿公堂，引发法律争议。",
            "image": "images/rank8_遗嘱外甥写成_20260129_184658.jpg"
        },
        {
            "rank": 9,
            "title": "茅台大涨超8%",
            "original_title": "",
            "source_platform": "极目新闻",
            "source_url": "https://www.toutiao.com/article/7600699450561921587/",
            "content": "1月29日A股市场，茅台股价大涨超8%，上证指数微涨0.16%，但全市超过3500只个股下跌，成交量达3.26万亿元。",
            "image": "images/rank9_茅台大涨超8_20260129_184658.jpg"
        }
    ],
    "timestamp": "20260129_184658"
}