{
    "news": [
        {
            "rank": 0,
            "title": "王室、政要、首富，全炸了！",
            "original_title": "",
            "source_platform": "",
            "source_url": "",
            "content": "",
            "image": ""
        },
        {
            "rank": 1,
            "title": "巴黎检方突袭马斯克旗下X公司法国办公室",
            "original_title": "Paris prosecutors raid France offices of Elon Musk's X",
            "source_platform": "BBC News",
            "source_url": "https://www.bbc.com/news/articles/ce3ex92557jo",
            "content": "法国巴黎检方突袭了埃隆·马斯克旗下社交媒体平台X在法国的办公室，调查其算法和推荐内容是否合规。",
            "image": "images/rank1_巴黎检方突袭_20260203_185224.jpg"
        },
        {
            "rank": 2,
            "title": "克林顿夫妇同意就爱泼斯坦案赴国会作证",
            "original_title": "Clintons agree to testify on Epstein as vote looms to hold them in contempt of Congress",
            "source_platform": "BBC News",
            "source_url": "https://www.bbc.com/news/articles/c14r685mne4o",
            "content": "美国前总统比尔·克林顿及前国务卿希拉里同意就爱泼斯坦案赴国会作证，此前国会正考虑以藐视国会罪起诉二人。",
            "image": "images/rank2_克林顿夫妇同_20260203_185224.jpg"
        },
        {
            "rank": 3,
            "title": "特朗普向哈佛大学索赔10亿美元",
            "original_title": "Trump seeks $1bn in damages from Harvard",
            "source_platform": "BBC News",
            "source_url": "https://www.bbc.com/news/articles/crkryely657o",
            "content": "美国总统特朗普宣布，将就其政府与哈佛大学的持续争端，向该校索赔10亿美元。",
            "image": "images/rank3_特朗普向哈佛_20260203_185224.jpg"
        },
        {
            "rank": 4,
            "title": "挪威王储之子强奸案开审，王室陷丑闻",
            "original_title": "Rape trial begins for son of Norway's crown princess in tense moment for royal family",
            "source_platform": "BBC News",
            "source_url": "https://www.bbc.com/news/articles/ckgn8dnxjgwo",
            "content": "挪威王储之子马里乌斯·博格·霍伊比因涉嫌强奸等38项指控出庭受审，其母王储妃亦卷入爱泼斯坦丑闻。",
            "image": "images/rank4_挪威王储之子_20260203_185224.jpg"
        },
        {
            "rank": 5,
            "title": "美国知名主播母亲疑似遭绑架",
            "original_title": "NBC anchor Savannah Guthrie's mother has been abducted, sheriff suspects",
            "source_platform": "BBC News",
            "source_url": "https://www.bbc.com/news/articles/c14rd1ny5gdo",
            "content": "美国NBC新闻主播萨凡纳·格思里的84岁母亲在家中失踪，警方怀疑其遭绑架，FBI介入调查。",
            "image": "images/rank5_美国知名主播_20260203_185224.jpg"
        },
        {
            "rank": 6,
            "title": "英国15岁少年承认谋杀12岁学童",
            "original_title": "Teen admits murdering schoolboy, 12, on walk home",
            "source_platform": "BBC News",
            "source_url": "https://www.bbc.com/news/articles/cz9vlj1zp87o",
            "content": "英国一名15岁少年承认去年在伯明翰谋杀一名12岁学童，并承认袭击三名老年妇女等多项罪名。",
            "image": "images/rank6_英国15岁少_20260203_185224.jpg"
        },
        {
            "rank": 7,
            "title": "马斯克SpaceX收购其AI公司xAI",
            "original_title": "Elon Musk’s SpaceX acquires xAI, merging his two most ambitious companies",
            "source_platform": "CNN",
            "source_url": "https://edition.cnn.com/2026/02/02/tech/spacex-acquires-xai-elon-musk",
            "content": "埃隆·马斯克的SpaceX宣布收购其人工智能公司xAI，合并后将成为全球估值最高的私人公司。",
            "image": "images/rank7_马斯克Spa_20260203_185224.jpg"
        },
        {
            "rank": 8,
            "title": "特朗普与哥伦比亚总统将举行关键会晤",
            "original_title": "From clash to dialogue: Petro arrives in Washington for key encounter with Trump after year of tensions",
            "source_platform": "CNN",
            "source_url": "https://edition.cnn.com/2026/02/02/americas/colombia-petro-president-trump-meeting-latam-intl",
            "content": "哥伦比亚总统佩特罗将赴华盛顿与特朗普会面，试图缓和两国持续一年的紧张关系与贸易争端。",
            "image": "images/rank8_特朗普与哥伦_20260203_185224.jpg"
        },
        {
            "rank": 9,
            "title": "南极冰川科考任务在最后一步失败",
            "original_title": "Deep Inside an Antarctic Glacier, a Mission Collapses at Its Final Step",
            "source_platform": "New York Times",
            "source_url": "https://www.nytimes.com/2026/02/02/climate/antarctica-thwaites-glacier-drilling.html",
            "content": "一项在南极思韦茨冰川安装监测设备的科考任务在最后阶段失败，设备被半英里厚的冰层困住。",
            "image": "images/rank9_南极冰川科考_20260203_185224.jpg"
        }
    ],
    "timestamp": "20260203_185224"
}