{
    "news": [
        {
            "rank": 0,
            "title": "【婚变】感情线崩盘！明星爱情童话为何碎了一地？",
            "original_title": "",
            "source_platform": "",
            "source_url": "",
            "content": "",
            "image": ""
        },
        {
            "rank": 1,
            "title": "谁将是2026春节档票房冠军",
            "original_title": "",
            "source_platform": "腾讯娱乐",
            "source_url": "https://news.qq.com/rain/a/20260204V06SSR00",
            "content": "谁将是2026春节档票房冠军",
            "image": "images/rank1_谁将是202_20260205_185215.jpg"
        },
        {
            "rank": 2,
            "title": "《唐宫奇案》预约破500万",
            "original_title": "",
            "source_platform": "腾讯娱乐",
            "source_url": "https://news.qq.com/rain/a/20260205V04O8E00",
            "content": "《唐宫奇案》预约破500万",
            "image": "images/rank2__唐宫奇案__20260205_185215.jpg"
        },
        {
            "rank": 3,
            "title": "马尔福成“中国马年吉祥物”，扮演者发帖",
            "original_title": "",
            "source_platform": "腾讯娱乐",
            "source_url": "https://news.qq.com/rain/a/20260204A06EKI00",
            "content": "马尔福成“中国马年吉祥物”，扮演者发帖",
            "image": "images/rank3_马尔福成_中_20260205_185215.jpg"
        },
        {
            "rank": 4,
            "title": "开年3对明星情侣分手",
            "original_title": "",
            "source_platform": "腾讯娱乐",
            "source_url": "https://news.qq.com/rain/a/20260204A06MZ900",
            "content": "开年3对明星情侣分手",
            "image": "images/rank4_开年3对明星_20260205_185215.jpg"
        },
        {
            "rank": 5,
            "title": "立陶宛承认对中国犯了巨大错误",
            "original_title": "",
            "source_platform": "抖音热榜",
            "source_url": "https://www.douyin.com/hot/2390025",
            "content": "立陶宛承认对中国犯了巨大错误",
            "image": "images/rank5_立陶宛承认对_20260205_185215.jpg"
        },
        {
            "rank": 6,
            "title": "加6成受访者支持进口中国电车",
            "original_title": "",
            "source_platform": "抖音热榜",
            "source_url": "https://www.douyin.com/hot/2390284",
            "content": "加6成受访者支持进口中国电车",
            "image": "images/rank6_加6成受访者_20260205_185215.jpg"
        },
        {
            "rank": 7,
            "title": "我国网民规模达11.25亿人",
            "original_title": "",
            "source_platform": "抖音热榜",
            "source_url": "https://www.douyin.com/hot/2390327",
            "content": "我国网民规模达11.25亿人",
            "image": "images/rank7_我国网民规模_20260205_185215.jpg"
        },
        {
            "rank": 8,
            "title": "小洛熙事件调查结果",
            "original_title": "",
            "source_platform": "抖音热榜",
            "source_url": "https://www.douyin.com/hot/2390541",
            "content": "小洛熙事件调查结果",
            "image": "images/rank8_小洛熙事件调_20260205_185215.jpg"
        },
        {
            "rank": 9,
            "title": "王者马限貂蝉美出长安盛世",
            "original_title": "",
            "source_platform": "抖音热榜",
            "source_url": "https://www.douyin.com/hot/2390203",
            "content": "王者马限貂蝉美出长安盛世",
            "image": "images/rank9_王者马限貂蝉_20260205_185215.jpg"
        }
    ],
    "timestamp": "20260205_185215"
}