{
    "news": [
        {
            "rank": 0,
            "title": "【轰动】风波再起！众明星卷入，谁能独善其身？",
            "original_title": "",
            "source_platform": "",
            "source_url": "",
            "content": "",
            "image": ""
        },
        {
            "rank": 1,
            "title": "金晨涉嫌肇事逃逸事故现场监控曝光",
            "original_title": "",
            "source_platform": "腾讯娱乐",
            "source_url": "https://news.qq.com/rain/a/20260129V048AM00",
            "content": "金晨涉嫌肇事逃逸事故现场监控曝光",
            "image": "images/rank1_金晨涉嫌肇事_20260129_184658.jpg"
        },
        {
            "rank": 2,
            "title": "薛佳凝自曝2013年开始攒黄金",
            "original_title": "",
            "source_platform": "腾讯娱乐",
            "source_url": "https://news.qq.com/rain/a/20260129A032ZY00",
            "content": "薛佳凝自曝2013年开始攒黄金",
            "image": "images/rank2_薛佳凝自曝2_20260129_184658.jpg"
        },
        {
            "rank": 3,
            "title": "阚清子近照状态",
            "original_title": "",
            "source_platform": "腾讯娱乐",
            "source_url": "https://news.qq.com/rain/a/20260129V02CMK00",
            "content": "阚清子近照状态",
            "image": "images/rank3_阚清子近照状_20260129_184658.jpg"
        },
        {
            "rank": 4,
            "title": "38岁刘亦菲北京逛街被偶遇",
            "original_title": "",
            "source_platform": "腾讯娱乐",
            "source_url": "https://news.qq.com/rain/a/20260128V07PYH00",
            "content": "38岁刘亦菲北京逛街被偶遇",
            "image": "images/rank4_38岁刘亦菲_20260129_184658.jpg"
        },
        {
            "rank": 5,
            "title": "《夜色正浓》开播：江疏影佟大为上演颠覆对决",
            "original_title": "",
            "source_platform": "腾讯娱乐",
            "source_url": "https://news.qq.com/rain/a/20260128V03O7600",
            "content": "《夜色正浓》开播：江疏影佟大为上演颠覆对决",
            "image": "images/rank5__夜色正浓__20260129_184658.jpg"
        },
        {
            "rank": 6,
            "title": "周也王玉雯巴黎同框",
            "original_title": "",
            "source_platform": "腾讯娱乐",
            "source_url": "https://news.qq.com/rain/a/20260128V07F2Q00",
            "content": "周也王玉雯巴黎同框",
            "image": "images/rank6_周也王玉雯巴_20260129_184658.jpg"
        },
        {
            "rank": 7,
            "title": "老外春节硬核挑战穿越中国",
            "original_title": "",
            "source_platform": "抖音热榜",
            "source_url": "https://www.douyin.com/hot/2382588",
            "content": "老外春节硬核挑战穿越中国",
            "image": "images/rank7_老外春节硬核_20260129_184658.jpg"
        },
        {
            "rank": 8,
            "title": "2026春运流动量将达95亿人次",
            "original_title": "",
            "source_platform": "抖音热榜",
            "source_url": "https://www.douyin.com/hot/2382717",
            "content": "2026春运流动量将达95亿人次",
            "image": "images/rank8_2026春运_20260129_184658.jpg"
        },
        {
            "rank": 9,
            "title": "内蒙古党委原书记孙绍骋被查",
            "original_title": "",
            "source_platform": "抖音热榜",
            "source_url": "https://www.douyin.com/hot/2383362",
            "content": "内蒙古党委原书记孙绍骋被查",
            "image": "images/rank9_内蒙古党委原_20260129_184658.jpg"
        }
    ],
    "timestamp": "20260129_184658"
}