{
    "news": [
        {
            "rank": 0,
            "title": "29元吃出珍珠？",
            "original_title": "",
            "source_platform": "",
            "source_url": "",
            "content": "",
            "image": ""
        },
        {
            "rank": 1,
            "title": "中国黄金调整回购规则",
            "original_title": "",
            "source_platform": "央广网",
            "source_url": "https://baijiahao.baidu.com/s?id=1856442776449721473",
            "content": "中国黄金公告，自2月7日起，在上海黄金交易所非交易日期间暂停办理贵金属回购业务。",
            "image": "images/rank1_中国黄金调整_20260207_183531.jpg"
        },
        {
            "rank": 2,
            "title": "谷爱凌冬奥首滑摔倒",
            "original_title": "",
            "source_platform": "咪咕体育",
            "source_url": "https://baijiahao.baidu.com/s?id=1856462194783279710",
            "content": "米兰冬奥会自由式滑雪女子坡面障碍技巧预赛中，谷爱凌第一滑出现失误摔倒，第二滑继续加油。",
            "image": "images/rank2_谷爱凌冬奥首_20260207_183531.jpg"
        },
        {
            "rank": 3,
            "title": "妈妈带三娃赶火车丢俩",
            "original_title": "",
            "source_platform": "长江云新闻",
            "source_url": "https://baijiahao.baidu.com/s?id=1856462074841113166",
            "content": "杭州东站一女子带三孩候车，大儿子跑开买零食致错过列车，训斥时又发现女儿走丢，民警20分钟内找回。",
            "image": "images/rank3_妈妈带三娃赶_20260207_183531.jpg"
        },
        {
            "rank": 4,
            "title": "生蚝老板首次开出蚝珠",
            "original_title": "",
            "source_platform": "国十社区",
            "source_url": "https://baijiahao.baidu.com/s?id=1856456584878066120",
            "content": "广东惠州一烤生蚝老板开店6年首次开出“蚝珠”，计划镶金做成项链给孩子佩戴。",
            "image": "images/rank4_生蚝老板首次_20260207_183531.jpg"
        },
        {
            "rank": 5,
            "title": "网友种草莓遭“报复”",
            "original_title": "",
            "source_platform": "科普中国",
            "source_url": "https://baijiahao.baidu.com/s?id=1856432829420136240",
            "content": "社交媒体上网友纷纷晒出自己种残的草莓，不是光长叶子不结果，就是只结几个歪瓜裂枣。",
            "image": "images/rank5_网友种草莓遭_20260207_183531.jpg"
        },
        {
            "rank": 6,
            "title": "29元菜吃出粉色珍珠",
            "original_title": "",
            "source_platform": "极目新闻",
            "source_url": "https://baijiahao.baidu.com/s?id=1856440639997299890",
            "content": "湖南网友在长沙一餐厅点29元韭菜炒蚌壳肉，吃出一颗珍珠，店家称属随机情况，顾客可免费拿走。",
            "image": "images/rank6_29元菜吃出_20260207_183531.jpg"
        },
        {
            "rank": 7,
            "title": "东北大姨排队烫头迎春节",
            "original_title": "",
            "source_platform": "闪电新闻",
            "source_url": "https://www.toutiao.com/article/7603782870032859684/",
            "content": "临近春节，东北大姨集体烫头，理发店满屋都是等待拆杠的“西蓝花”，场面热闹。",
            "image": "images/rank7_东北大姨排队_20260207_183531.jpg"
        },
        {
            "rank": 8,
            "title": "视障女生返乡获爱心接力",
            "original_title": "",
            "source_platform": "广州广播电视台",
            "source_url": "https://www.toutiao.com/video/7603757189275336755/",
            "content": "一名视障女生独自返乡，途中获得14人爱心接力帮助，顺利抵达目的地。",
            "image": "images/rank8_视障女生返乡_20260207_183531.jpg"
        },
        {
            "rank": 9,
            "title": "穿羽绒服可能伤肺？",
            "original_title": "",
            "source_platform": "上游新闻",
            "source_url": "https://www.toutiao.com/video/7603966853618565160/",
            "content": "有报道称穿羽绒服可能对肺部健康产生不良影响，引发公众关注和讨论。",
            "image": "images/rank9_穿羽绒服可能_20260207_183531.jpg"
        }
    ],
    "timestamp": "20260207_183531"
}