{
    "news": [
        {
            "rank": 0,
            "title": "【轰动】风波再起！众明星卷入，谁能独善其身？",
            "original_title": "",
            "source_platform": "",
            "source_url": "",
            "content": "",
            "image": ""
        },
        {
            "rank": 1,
            "title": "辽视春晚唐国强诸葛亮名场面回归",
            "original_title": "",
            "source_platform": "腾讯娱乐",
            "source_url": "https://news.qq.com/rain/a/20260216V03IZF00",
            "content": "辽视春晚唐国强诸葛亮名场面回归",
            "image": "images/rank1_辽视春晚唐国_20260216_185705.jpg"
        },
        {
            "rank": 2,
            "title": "央视《2026年春晚》节目单发布",
            "original_title": "",
            "source_platform": "腾讯娱乐",
            "source_url": "https://news.qq.com/rain/a/20260216A03WMV00",
            "content": "央视《2026年春晚》节目单发布",
            "image": "images/rank2_央视_202_20260216_185705.jpg"
        },
        {
            "rank": 3,
            "title": "春节档外8部电影：易烊千玺2部，黄渤3部",
            "original_title": "",
            "source_platform": "腾讯娱乐",
            "source_url": "https://news.qq.com/rain/a/20260215A079QC00",
            "content": "春节档外8部电影：易烊千玺2部，黄渤3部",
            "image": "images/rank3_春节档外8部_20260216_185705.jpg"
        },
        {
            "rank": 4,
            "title": "撒贝宁眉毛预定春晚热搜",
            "original_title": "",
            "source_platform": "腾讯娱乐",
            "source_url": "https://news.qq.com/rain/a/20260216V0424I00",
            "content": "撒贝宁眉毛预定春晚热搜",
            "image": "images/rank4_撒贝宁眉毛预_20260216_185705.jpg"
        },
        {
            "rank": 5,
            "title": "谭松韵送除夕祝福分享抢元宝年俗",
            "original_title": "",
            "source_platform": "腾讯娱乐",
            "source_url": "https://news.qq.com/rain/a/20260212V0505W00",
            "content": "谭松韵送除夕祝福分享抢元宝年俗",
            "image": "images/rank5_谭松韵送除夕_20260216_185705.jpg"
        },
        {
            "rank": 6,
            "title": "丞磊回应内娱眼技派，认证夏侯澹是纯爱暴君",
            "original_title": "",
            "source_platform": "腾讯娱乐",
            "source_url": "https://news.qq.com/rain/a/20260215V0396700",
            "content": "丞磊回应内娱眼技派，认证夏侯澹是纯爱暴君",
            "image": "images/rank6_丞磊回应内娱_20260216_185705.jpg"
        },
        {
            "rank": 7,
            "title": "过春节这些防火细节请注意",
            "original_title": "",
            "source_platform": "抖音热榜",
            "source_url": "https://www.douyin.com/hot/2403033",
            "content": "过春节这些防火细节请注意",
            "image": "images/rank7_过春节这些防_20260216_185705.jpg"
        },
        {
            "rank": 8,
            "title": "今年的春节祝福这样说",
            "original_title": "",
            "source_platform": "抖音热榜",
            "source_url": "https://www.douyin.com/hot/2401854",
            "content": "今年的春节祝福这样说",
            "image": "images/rank8_今年的春节祝_20260216_185705.jpg"
        },
        {
            "rank": 9,
            "title": "今日除夕",
            "original_title": "",
            "source_platform": "抖音热榜",
            "source_url": "https://www.douyin.com/hot/2402341",
            "content": "今日除夕",
            "image": "images/rank9_今日除夕_20260216_185705.jpg"
        }
    ],
    "timestamp": "20260216_185705"
}