{
    "news": [
        {
            "rank": 0,
            "title": "美伊谈判破裂？战争一触即发",
            "original_title": "",
            "source_platform": "",
            "source_url": "",
            "content": "",
            "image": ""
        },
        {
            "rank": 1,
            "title": "特朗普下令联邦机构停用Anthropic的AI技术",
            "original_title": "Trump orders government to stop using Anthropic in battle over AI use",
            "source_platform": "BBC News",
            "source_url": "https://www.bbc.com/news/articles/cn48jj3y8ezo",
            "content": "美国总统特朗普下令所有联邦机构立即停止使用AI公司Anthropic的技术，并要求在六个月内完成过渡。",
            "image": "images/rank1_特朗普下令联_20260228_062022.jpg"
        },
        {
            "rank": 2,
            "title": "NASA调整重返月球计划，增加新任务",
            "original_title": "Nasa announces change to its Moon landing plans",
            "source_platform": "BBC News",
            "source_url": "https://www.bbc.com/news/articles/c6270030neyo",
            "content": "美国宇航局宣布调整“阿尔忒弥斯”计划，将在首次载人登月前增加一次近地轨道任务，以测试对接技术。",
            "image": "images/rank2_NASA调整_20260228_062022.jpg"
        },
        {
            "rank": 3,
            "title": "巴基斯坦与阿富汗爆发激烈跨境冲突",
            "original_title": "Pakistan Strikes Afghanistan in ‘Open War’ Against Taliban Government",
            "source_platform": "New York Times",
            "source_url": "https://www.nytimes.com/2026/02/26/world/asia/pakistan-afghanistan-taliban.html",
            "content": "巴基斯坦对阿富汗首都喀布尔及多个省份发动空袭，阿富汗塔利班政府称已开始报复，双方冲突急剧升级。",
            "image": "images/rank3_巴基斯坦与阿_20260228_062022.jpg"
        },
        {
            "rank": 4,
            "title": "美驻以使馆建议工作人员尽快离境",
            "original_title": "U.S. Says Staff Can Leave Israel, Urging Speed, as Possible Iran Strike Looms",
            "source_platform": "New York Times",
            "source_url": "https://www.nytimes.com/2026/02/27/world/middleeast/us-embassy-jerusalem-authorized-departure.html",
            "content": "因美伊紧张局势升级，美国驻耶路撒冷大使馆建议非紧急工作人员及家属尽快离开以色列。",
            "image": "images/rank4_美驻以使馆建_20260228_062022.jpg"
        },
        {
            "rank": 5,
            "title": "特朗普一通电话加剧沙特与阿联酋紧张关系",
            "original_title": "How a Call From Trump Ignited a Bitter Feud Between Two U.S. Allies",
            "source_platform": "New York Times",
            "source_url": "https://www.nytimes.com/2026/02/27/world/middleeast/saudi-arabia-united-arab-emirates-feud-trump-call.html",
            "content": "特朗普向阿联酋总统透露，沙特王储曾要求美国对阿联酋实施制裁，加剧了这两个美国盟友间的紧张关系。",
            "image": "images/rank5_特朗普一通电_20260228_062022.jpg"
        },
        {
            "rank": 6,
            "title": "全球山火季重叠加剧，影响消防资源调配",
            "original_title": "Wildfire Seasons Are Starting to Overlap. That Spells Trouble for Firefighting.",
            "source_platform": "New York Times",
            "source_url": "https://www.nytimes.com/2026/02/27/climate/global-fire-weather.html",
            "content": "研究显示，气候变化导致全球各地极端山火天气天数增加，山火季重叠，影响各国间消防资源共享。",
            "image": "images/rank6_全球山火季重_20260228_062022.jpg"
        },
        {
            "rank": 7,
            "title": "韩国批准谷歌地图出口数据，服务将全面恢复",
            "original_title": "South Korea Clears Way for Google Maps to Fully Operate",
            "source_platform": "New York Times",
            "source_url": "https://www.nytimes.com/2026/02/27/world/asia/google-maps-south-korea.html",
            "content": "韩国批准谷歌出口详细地图数据，谷歌地图在韩国的实时导航等完整功能有望全面上线。",
            "image": "images/rank7_韩国批准谷歌_20260228_062022.jpg"
        },
        {
            "rank": 8,
            "title": "古驰时装秀前发布AI生成图引争议",
            "original_title": "Gucci asks: Can AI ever be luxury?",
            "source_platform": "CNN",
            "source_url": "https://edition.cnn.com/2026/02/27/style/demna-gucci-ai",
            "content": "古驰在时装秀前发布一系列AI生成的奢华场景图片，引发社交媒体用户对AI与奢侈品结合的讨论。",
            "image": "images/rank8_古驰时装秀前_20260228_062022.jpg"
        },
        {
            "rank": 9,
            "title": "水下摄影师大奖赛展示年度惊人影像",
            "original_title": "Incredible images showcased in Underwater Photographer of the Year 2026 awards",
            "source_platform": "CNN",
            "source_url": "https://edition.cnn.com/2026/02/27/travel/underwater-photographer-year-2026-scli-intl",
            "content": "2026年度水下摄影师大奖赛结果揭晓，澳大利亚摄影师拍摄的象海豹幼崽照片获得总冠军。",
            "image": "images/rank9_水下摄影师大_20260228_062022.jpg"
        }
    ],
    "timestamp": "20260228_062022"
}