{
    "news": [
        {
            "rank": 0,
            "title": "世界秩序，彻底变了",
            "original_title": "",
            "source_platform": "",
            "source_url": "",
            "content": "",
            "image": ""
        },
        {
            "rank": 1,
            "title": "加拿大总理警告：旧世界秩序不会回来",
            "original_title": "Carney says old world order 'is not coming back'",
            "source_platform": "BBC News",
            "source_url": "https://www.bbc.com/news/articles/cly3d28p4p8o",
            "content": "加拿大总理马克·卡尼在达沃斯论坛警告，旧秩序已一去不返，中等强国必须团结，否则将沦为“菜单上的菜”。",
            "image": "images/rank1_加拿大总理警_20260121_062040.jpg"
        },
        {
            "rank": 2,
            "title": "欧洲议会将暂停批准美欧关税协议",
            "original_title": "Europe to suspend approval of US tariffs deal",
            "source_platform": "BBC News",
            "source_url": "https://www.bbc.com/news/articles/c4gwp2me3gzo",
            "content": "因美国就格陵兰问题威胁加征关税，欧洲议会计划暂停批准去年七月达成的美欧关税协议，美欧贸易关系再度紧张。",
            "image": "images/rank2_欧洲议会将暂_20260121_062040.jpg"
        },
        {
            "rank": 3,
            "title": "美国副总统夫人宣布怀第四胎",
            "original_title": "Second lady Usha Vance announces she is pregnant with fourth child",
            "source_platform": "BBC News",
            "source_url": "https://www.bbc.com/news/articles/crkr7z7ky6po",
            "content": "美国副总统JD·万斯的妻子乌莎·万斯宣布怀上第四个孩子，预产期为七月末，母子状况良好。",
            "image": "images/rank3_美国副总统夫_20260121_062040.jpg"
        },
        {
            "rank": 4,
            "title": "奥地利奶牛被发现会使用工具",
            "original_title": "Cow astonishes scientists with rare use of tools",
            "source_platform": "BBC News",
            "source_url": "https://www.bbc.com/news/articles/cj0n127y74go",
            "content": "奥地利一头名为维罗妮卡的奶牛被发现能熟练使用扫帚等工具为自己挠痒，科学家称这是首次在牛身上记录到工具使用行为。",
            "image": "images/rank4_奥地利奶牛被_20260121_062040.jpg"
        },
        {
            "rank": 5,
            "title": "英国为查戈斯群岛协议辩护",
            "original_title": "UK defends Chagos deal after Trump calls it 'act of great stupidity'",
            "source_platform": "BBC News",
            "source_url": "https://www.bbc.com/news/articles/c0mkp021rvro",
            "content": "特朗普批评英国将查戈斯群岛主权移交毛里求斯的协议是“愚蠢之举”，英国政府则坚称该协议不会损害国家安全。",
            "image": "images/rank5_英国为查戈斯_20260121_062040.jpg"
        },
        {
            "rank": 6,
            "title": "布里斯班公布23亿美元奥运场馆设计",
            "original_title": "Plans for $2.3 billion stadium ignite debate in 2032 Olympics host city",
            "source_platform": "CNN",
            "source_url": "https://edition.cnn.com/2026/01/07/style/australia-brisbane-olympic-stadium-victoria-park-hnk-intl",
            "content": "澳大利亚布里斯班公布2032年奥运会主场馆设计，这座耗资23亿美元、灵感源于当地住宅的场馆引发争议。",
            "image": "images/rank6_布里斯班公布_20260121_062040.jpg"
        },
        {
            "rank": 7,
            "title": "ChatGPT将根据对话内容向用户展示广告",
            "original_title": "ChatGPT to start showing users ads based on their conversations",
            "source_platform": "CNN",
            "source_url": "https://edition.cnn.com/2026/01/16/tech/chatgpt-ads-openai",
            "content": "OpenAI宣布将在免费版ChatGPT中测试基于用户对话内容的广告，并推出每月8美元的“Go”订阅层级。",
            "image": "images/rank7_ChatGP_20260121_062040.jpg"
        },
        {
            "rank": 8,
            "title": "巴基斯坦商场大火致21死数十人失踪",
            "original_title": "Dozens missing, 21 killed after massive Pakistan mall fire",
            "source_platform": "CNN",
            "source_url": "https://edition.cnn.com/2026/01/18/asia/karachi-pakistan-fire-mall-deaths-intl-hnk",
            "content": "巴基斯坦卡拉奇一家大型购物中心发生大火，已造成至少21人死亡，超过60人失踪，为当地十余年来最严重火灾。",
            "image": "images/rank8_巴基斯坦商场_20260121_062040.jpg"
        },
        {
            "rank": 9,
            "title": "科学家在极寒南极冰川建立研究营地",
            "original_title": "Skies Clear, and a New Outpost Springs Up at the Bottom of the World",
            "source_platform": "New York Times",
            "source_url": "https://www.nytimes.com/2026/01/20/climate/antarctica-camping-thwaites-glacier.html",
            "content": "科学家克服恶劣天气，成功在南极思韦茨冰川建立营地，将钻探冰层以研究其融化对全球海平面的影响。",
            "image": "images/rank9_科学家在极寒_20260121_062040.jpg"
        }
    ],
    "timestamp": "20260121_062040"
}