{
    "news": [
        {
            "rank": 0,
            "title": "冬奥变时装周？",
            "original_title": "",
            "source_platform": "",
            "source_url": "",
            "content": "",
            "image": ""
        },
        {
            "rank": 1,
            "title": "德国代表团披“棉被”入场",
            "original_title": "",
            "source_platform": "咪咕体育",
            "source_url": "https://baijiahao.baidu.com/s?id=1855562830246066091",
            "content": "米兰冬奥会开幕式上，德国代表团服装因设计厚重，被网友调侃像披着棉被出场。",
            "image": "images/rank1_德国代表团披_20260207_062043.jpg"
        },
        {
            "rank": 2,
            "title": "91岁老人900万积蓄被挪用",
            "original_title": "",
            "source_platform": "深广电第一现场",
            "source_url": "https://baijiahao.baidu.com/s?id=1856390741316391908",
            "content": "深圳91岁老人将900万积蓄委托儿子保管，被儿子及儿媳挪用。法院判决儿子全额偿还。",
            "image": "images/rank2_91岁老人9_20260207_062043.jpg"
        },
        {
            "rank": 3,
            "title": "春节快递不停运",
            "original_title": "",
            "source_platform": "中新经纬",
            "source_url": "https://news.qq.com/rain/a/20260206A06A8800",
            "content": "针对“快递停运”传闻，多家快递公司回应称春节期间正常运营，且未收到加价通知。",
            "image": "images/rank3_春节快递不停_20260207_062043.jpg"
        },
        {
            "rank": 4,
            "title": "男子自制科幻战甲获外交部关注",
            "original_title": "",
            "source_platform": "潇湘晨报·晨视频",
            "source_url": "https://www.toutiao.com/video/7603388329887760422/",
            "content": "一名男子自制科幻风格战甲，外交部官方账号私信表示想转发其视频内容。",
            "image": "images/rank4_男子自制科幻_20260207_062043.jpg"
        },
        {
            "rank": 5,
            "title": "买包子2元停车10元",
            "original_title": "",
            "source_platform": "蓝鲸新闻",
            "source_url": "https://www.toutiao.com/video/7603674879292145707/",
            "content": "有门店因停车费过高影响生意，顾客反映买包子仅需2元，但停车费却要10元。",
            "image": "images/rank5_买包子2元停_20260207_062043.jpg"
        },
        {
            "rank": 6,
            "title": "6岁姐姐为妹妹买衣老板免单",
            "original_title": "",
            "source_platform": "一朵清心",
            "source_url": "https://www.toutiao.com/w/1856275538329609/",
            "content": "天津一童装店内，6岁姐姐用零花钱想给妹妹买棉衣，店主被感动直接免单。",
            "image": "images/rank6_6岁姐姐为妹_20260207_062043.jpg"
        },
        {
            "rank": 7,
            "title": "国投白银LOF暴跌引投资者愤怒",
            "original_title": "",
            "source_platform": "腾讯财经",
            "source_url": "https://news.qq.com/rain/a/20260206A06XX500",
            "content": "国投白银LOF基金连续跌停，因临时修改规则导致净值暴跌，引发投资者强烈不满。",
            "image": "images/rank7_国投白银LO_20260207_062043.jpg"
        },
        {
            "rank": 8,
            "title": "上海人大代表建议取消不必要黄实线",
            "original_title": "",
            "source_platform": "第一财经",
            "source_url": "https://www.toutiao.com/video/7603670015778226226/",
            "content": "上海人大代表提出建议，认为部分道路的黄实线设置不合理，应予以取消以方便市民。",
            "image": "images/rank8_上海人大代表_20260207_062043.jpg"
        },
        {
            "rank": 9,
            "title": "年货市场消费升温",
            "original_title": "",
            "source_platform": "新华社",
            "source_url": "https://www.toutiao.com/article/7603678870789554738",
            "content": "春节临近，各地年货市场供应丰富、销售火热，消费市场活跃度显著提升。",
            "image": "images/rank9_年货市场消费_20260207_062043.jpg"
        }
    ],
    "timestamp": "20260207_062043"
}