{
    "news": [
        {
            "rank": 0,
            "title": "特朗普关税大棒挥向盟友！格陵兰主权争夺战引爆北约危机？",
            "original_title": "",
            "source_platform": "",
            "source_url": "",
            "content": "",
            "image": ""
        },
        {
            "rank": 1,
            "title": "黑客窃取数万份心理治疗记录，芬兰遭遇史上最大数据泄露案",
            "original_title": "A faceless hacker stole my therapy notes – now my deepest secrets are online forever",
            "source_platform": "BBC News",
            "source_url": "https://www.bbc.com/news/articles/c62nzxqw45eo",
            "content": "黑客入侵芬兰心理治疗公司数据库，勒索并泄露了3.3万名患者的私密治疗笔记，引发全国性丑闻。",
            "image": "images/rank1_黑客窃取数万_20260117_182827.jpg"
        },
        {
            "rank": 2,
            "title": "特朗普组建加沙“和平委员会”，布莱尔、卢比奥等入列",
            "original_title": "Who is on Trump's 'Board of Peace' for Gaza?",
            "source_platform": "BBC News",
            "source_url": "https://www.bbc.com/news/articles/c9vx7kn33elo",
            "content": "美国白宫公布加沙“和平委员会”创始执行委员会名单，包括前英国首相布莱尔和美国国务卿卢比奥等人。",
            "image": "images/rank2_特朗普组建加_20260117_182827.jpg"
        },
        {
            "rank": 3,
            "title": "特朗普威胁对反对其吞并格陵兰的国家加征关税",
            "original_title": "Trump threatens new tariffs on countries opposed to Greenland takeover",
            "source_platform": "BBC News",
            "source_url": "https://www.bbc.com/news/articles/c9qpy952xvno",
            "content": "美国总统特朗普威胁称，将对不支持其吞并格陵兰计划的国家加征关税，引发北约内部紧张。",
            "image": "images/rank3_特朗普威胁对_20260117_182827.jpg"
        },
        {
            "rank": 4,
            "title": "加拿大与中国达成协议，降低电动汽车关税",
            "original_title": "Canada's deal with China signals it is serious about shift from US",
            "source_platform": "BBC News",
            "source_url": "https://www.bbc.com/news/articles/cm24k6kk1rko",
            "content": "加拿大宣布降低对中国电动汽车的关税，以换取中国降低对加拿大农产品的关税，标志着其贸易政策转向。",
            "image": "images/rank4_加拿大与中国_20260117_182827.jpg"
        },
        {
            "rank": 5,
            "title": "黄牛夫妇倒卖艾德·希兰演唱会门票，被勒令退还300万英镑",
            "original_title": "Sheeran touts ordered to pay back £3m or face jail",
            "source_platform": "BBC News",
            "source_url": "https://www.bbc.com/news/articles/cr57vyv27mno",
            "content": "一对夫妇因大规模倒卖艾德·希兰等明星演唱会门票被判有罪，现被勒令退还300万英镑非法所得，否则将面临监禁。",
            "image": "images/rank5_黄牛夫妇倒卖_20260117_182827.jpg"
        },
        {
            "rank": 6,
            "title": "敖德萨遭俄军持续轰炸，民众在严寒与炮火中挣扎",
            "original_title": "Under fire from the sea, families in Odesa try to escape Russian barrage",
            "source_platform": "BBC News",
            "source_url": "https://www.bbc.com/news/articles/cnvg70v1z0ro",
            "content": "乌克兰敖德萨近期遭受俄军来自海上的持续猛烈攻击，港口经济遭重创，民众在炮火与严寒断电中艰难求生。",
            "image": "images/rank6_敖德萨遭俄军_20260117_182827.jpg"
        },
        {
            "rank": 7,
            "title": "膳食纤维成新健康潮流，专家称其益处远超肠道健康",
            "original_title": "Is fibre the new protein? The surprising health benefits of the latest wellness trend",
            "source_platform": "BBC News",
            "source_url": "https://www.bbc.com/news/articles/c1lze6n0e6mo",
            "content": "膳食纤维取代蛋白质成为社交媒体新宠。研究表明，高纤维饮食可降低心血管疾病、癌症风险，并可能改善心理健康。",
            "image": "images/rank7_膳食纤维成新_20260117_182827.jpg"
        },
        {
            "rank": 8,
            "title": "加拿大家族购得苏格兰斯凯岛两万英亩半岛及古堡",
            "original_title": "Canadian family buys Skye's 20,000-acre Sleat Peninsula",
            "source_platform": "BBC News",
            "source_url": "https://www.bbc.com/news/articles/cdrekvr63v8o",
            "content": "一个加拿大家族购得苏格兰斯凯岛面积达两万英亩的斯利特半岛及历史悠久的阿马代尔城堡遗址，承诺保护其自然与文化遗产。",
            "image": "images/rank8_加拿大家族购_20260117_182827.jpg"
        },
        {
            "rank": 9,
            "title": "ChatGPT将开始根据用户对话内容展示广告",
            "original_title": "ChatGPT to start showing users ads based on their conversations",
            "source_platform": "CNN",
            "source_url": "https://edition.cnn.com/2026/01/16/tech/chatgpt-ads-openai",
            "content": "OpenAI宣布其聊天机器人ChatGPT将开始根据用户的对话内容来展示针对性广告，引发对隐私和用户体验的担忧。",
            "image": "images/rank9_ChatGP_20260117_182827.jpg"
        }
    ],
    "timestamp": "20260117_182827"
}