{
    "news": [
        {
            "rank": 0,
            "title": "美加关系彻底崩了？",
            "original_title": "",
            "source_platform": "",
            "source_url": "",
            "content": "",
            "image": ""
        },
        {
            "rank": 1,
            "title": "特朗普威胁对加拿大商品征收100%关税",
            "original_title": "Trump threatens Canada with 100% tariffs if it 'makes a deal with China'",
            "source_platform": "BBC News",
            "source_url": "https://www.bbc.com/news/articles/cy4qww3w72lo",
            "content": "美国总统特朗普威胁称，若加拿大与中国达成贸易协议，将对所有进入美国的加拿大商品征收100%关税。",
            "image": "images/rank1_特朗普威胁对_20260125_061803.jpg"
        },
        {
            "rank": 2,
            "title": "美财长称阿尔伯塔是美国的“天然伙伴”",
            "original_title": "'A natural partner': US treasury secretary weighs in on Alberta separatism",
            "source_platform": "BBC News",
            "source_url": "https://www.bbc.com/news/articles/cy8ylqx0zw4o",
            "content": "美国财政部长贝森特称加拿大阿尔伯塔省是美国的“天然伙伴”，此番言论介入该省分离主义运动，引发加方不满。",
            "image": "images/rank2_美财长称阿尔_20260125_061803.jpg"
        },
        {
            "rank": 3,
            "title": "加拿大女背包客在澳海滩死亡，疑为溺水",
            "original_title": "Canadian woman found dead on Australian beach likely died of drowning, autopsy finds",
            "source_platform": "BBC News",
            "source_url": "https://www.bbc.com/news/articles/c8rmmzr87x0o",
            "content": "一名19岁加拿大背包客在澳大利亚海滩被发现死亡，尸检初步结果显示其死因可能为溺水，尸体周围有野狗。",
            "image": "images/rank3_加拿大女背包_20260125_061803.jpg"
        },
        {
            "rank": 4,
            "title": "女性被智能眼镜偷拍骚扰，TikTok成帮凶",
            "original_title": "Women filmed secretly for social media content - and then harassed online",
            "source_platform": "BBC News",
            "source_url": "https://www.bbc.com/news/articles/cr7jej2elyyo",
            "content": "多名女性在不知情下被男性用智能眼镜偷拍，视频被上传至TikTok等平台用于“搭讪教学”，受害者随后遭遇网络骚扰。",
            "image": "images/rank4_女性被智能眼_20260125_061803.jpg"
        },
        {
            "rank": 5,
            "title": "布里斯班公布23亿澳元奥运场馆设计",
            "original_title": "Plans for $2.3 billion stadium ignite debate in 2032 Olympics host city",
            "source_platform": "CNN",
            "source_url": "https://edition.cnn.com/2026/01/07/style/australia-brisbane-olympic-stadium-victoria-park-hnk-intl",
            "content": "澳大利亚布里斯班公布2032年奥运会主体育场设计方案，耗资23亿澳元，灵感源自当地“昆士兰”式住宅，引发争议。",
            "image": "images/rank5_布里斯班公布_20260125_061803.jpg"
        },
        {
            "rank": 6,
            "title": "美墨网红光天化日遭持枪绑架",
            "original_title": "US-linked influencer missing in Mexico after viral video shows apparent gunpoint abduction",
            "source_platform": "CNN",
            "source_url": "https://edition.cnn.com/2026/01/23/americas/us-mexico-influencer-abducted-gunpoint-latam-intl",
            "content": "墨西哥一名与美国有关联的女网红在光天化日下遭武装人员绑架，其特斯拉汽车摄像头拍下过程，目前下落不明。",
            "image": "images/rank6_美墨网红光天_20260125_061803.jpg"
        },
        {
            "rank": 7,
            "title": "叙利亚宣布延长与库尔德武装停火",
            "original_title": "Syria Announces Cease-Fire Extension, Hours After Truce With Kurds Expired",
            "source_platform": "New York Times",
            "source_url": "https://www.nytimes.com/2026/01/24/world/middleeast/syria-kurdish-militia.html",
            "content": "叙利亚政府宣布延长与库尔德武装的停火协议，此前一周停火到期，双方在东北部地区形成对峙。",
            "image": "images/rank7_叙利亚宣布延_20260125_061803.jpg"
        },
        {
            "rank": 8,
            "title": "伊朗警告任何攻击都将引发“全面战争”",
            "original_title": "Iran warns any attack will mean 'all-out war' after Trump says US 'armada' on its way",
            "source_platform": "Sky News",
            "source_url": "https://news.sky.com/story/iran-warns-any-attack-will-mean-all-out-war-after-trump-says-us-armada-on-its-way-13498251",
            "content": "伊朗高级官员警告，在美国航母战斗群驶向该地区之际，任何对伊朗的攻击都将被视为“全面战争”。",
            "image": "images/rank8_伊朗警告任何_20260125_061803.jpg"
        },
        {
            "rank": 9,
            "title": "英国历史码头在风暴中被部分冲毁",
            "original_title": "Part of Teignmouth Grand Pier in Devon washed away during Storm Ingrid",
            "source_platform": "Sky News",
            "source_url": "https://news.sky.com/story/part-of-teignmouth-grand-pier-in-devon-washed-away-during-storm-ingrid-13498323",
            "content": "英国德文郡具有百年历史的泰恩茅斯码头在“英格丽德”风暴袭击中，部分结构被巨浪冲毁。",
            "image": "images/rank9_英国历史码头_20260125_061803.jpg"
        }
    ],
    "timestamp": "20260125_061803"
}