{
    "news": [
        {
            "rank": 0,
            "title": "威廉凯特首度发声！",
            "original_title": "",
            "source_platform": "",
            "source_url": "",
            "content": "",
            "image": ""
        },
        {
            "rank": 1,
            "title": "特朗普炮轰“史上最差”超级碗中场秀",
            "original_title": "Bad Bunny makes history as Trump criticises 'terrible' Super Bowl show",
            "source_platform": "BBC News",
            "source_url": "https://www.bbc.com/news/articles/c394g7nnzmzo",
            "content": "波多黎各说唱歌手坏痞兔在超级碗中场秀全程使用西班牙语表演，创造历史。美国前总统特朗普则猛烈抨击其表演“糟糕透顶”。",
            "image": "images/rank1_特朗普炮轰__20260209_190223.jpg"
        },
        {
            "rank": 2,
            "title": "威廉凯特首度就爱泼斯坦文件发声",
            "original_title": "William and Catherine say they are 'deeply concerned' in first statement on Epstein revelations",
            "source_platform": "BBC News",
            "source_url": "https://www.bbc.com/news/articles/cj4zxknd7evo",
            "content": "威尔士亲王夫妇发表首次公开声明，对爱泼斯坦案最新披露的文件表示“深感关切”，并称其关注点仍在受害者身上。",
            "image": "images/rank2_威廉凯特首度_20260209_190223.jpg"
        },
        {
            "rank": 3,
            "title": "美科技公司兴起“996”工作制",
            "original_title": "The tech firms embracing a 72-hour working week",
            "source_platform": "BBC News",
            "source_url": "https://www.bbc.com/news/articles/cvgn2k285ypo",
            "content": "为在AI领域抢占先机，美国部分科技初创公司正积极推行每周工作约70小时的“996”文化，引发对员工健康与生产力的担忧。",
            "image": "images/rank3_美科技公司兴_20260209_190223.jpg"
        },
        {
            "rank": 4,
            "title": "日本股市因首相大选获胜创历史新高",
            "original_title": "Japanese stocks surge as Takaichi secures historic election victory",
            "source_platform": "BBC News",
            "source_url": "https://www.bbc.com/news/articles/cjd9k852zdjo",
            "content": "日本首相高市早苗领导的自民党在众议院选举中取得历史性胜利，日经指数应声大涨，一度突破57000点创下新高。",
            "image": "images/rank4_日本股市因首_20260209_190223.jpg"
        },
        {
            "rank": 5,
            "title": "韩国官员“进口女性”言论引众怒",
            "original_title": "Outrage as South Korean official suggests 'importing' foreign women to boost birth rate",
            "source_platform": "BBC News",
            "source_url": "https://www.bbc.com/news/articles/c20z4254524o",
            "content": "韩国一名地方官员为提振生育率，建议从越南或斯里兰卡“进口年轻女性”，此番言论引发国内外强烈抗议，该官员已被开除党籍。",
            "image": "images/rank5_韩国官员_进_20260209_190223.jpg"
        },
        {
            "rank": 6,
            "title": "全球被弃油轮数量激增，船员处境艰难",
            "original_title": "The shadowy world of abandoned oil tankers",
            "source_platform": "BBC News",
            "source_url": "https://www.bbc.com/news/articles/cddg885344do",
            "content": "过去一年全球被船东遗弃的油轮等商船数量激增，船员面临数月无薪、物资短缺的困境，地缘政治与“影子船队”是主因。",
            "image": "images/rank6_全球被弃油轮_20260209_190223.jpg"
        },
        {
            "rank": 7,
            "title": "土耳其以弗所古城：面积十倍于迪士尼",
            "original_title": "The ancient Roman city 10 times the size of Disneyland",
            "source_platform": "CNN",
            "source_url": "https://edition.cnn.com/2026/02/09/travel/the-ancient-roman-city-10-times-the-size-of-disneyland",
            "content": "土耳其以弗所古城遗址面积约为迪士尼乐园的十倍，去年吸引约250万游客，是保存完好的希腊罗马港口城市遗迹。",
            "image": "images/rank7_土耳其以弗所_20260209_190223.jpg"
        },
        {
            "rank": 8,
            "title": "刚果（金）戈马市被叛军占领一周年",
            "original_title": "A City, Taken",
            "source_platform": "New York Times",
            "source_url": "https://www.nytimes.com/2026/02/09/world/africa/congo-goma-m23-photos.html",
            "content": "刚果（金）东部城市戈马被M23叛军占领已满一年，当地民众仍在民兵控制下艰难寻求恢复正常生活。",
            "image": "images/rank8_刚果_金_戈_20260209_190223.jpg"
        },
        {
            "rank": 9,
            "title": "科学家复原400年前“吸血鬼”面部",
            "original_title": "Face of a 'vampire' revealed: Science rebuilds likeness of man decapitated after death to stop him coming back",
            "source_platform": "Sky News",
            "source_url": "https://news.sky.com/story/face-of-a-vampire-revealed-science-rebuilds-likeness-of-man-decapitated-after-death-to-stop-him-coming-back-13501835",
            "content": "考古学家在克罗地亚发现一具被斩首并面朝下埋葬的男性遗骸，推测其为防“吸血鬼”复活所为，科学家现已复原其面部。",
            "image": "images/rank9_科学家复原4_20260209_190223.jpg"
        }
    ],
    "timestamp": "20260209_190223"
}