{
    "news": [
        {
            "rank": 0,
            "title": "今日热点：科技民生与文化娱乐精选",
            "content": "",
            "image": ""
        },
        {
            "rank": 1,
            "title": "中国新增20万颗卫星申请",
            "source_platform": "C位看每日播报",
            "source_url": "https://www.baidu.com/s?wd=%E4%B8%AD%E5%9B%BD%E6%96%B0%E5%A2%9E20%E4%B8%87%E9%A2%97%E5%8D%AB%E6%98%9F%E7%94%B3%E8%AF%B7&sa=fyb_news&rsv_dl=fyb_news",
            "content": "中国向国际电信联盟申请超20万颗卫星频轨资源，其中超19万颗来自无线电创新院。",
            "image": "images/rank1_中国新增_20260110_221739.jpg"
        },
        {
            "rank": 2,
            "title": "“去中国旅游是新潮流”",
            "source_platform": "人民网",
            "source_url": "https://baijiahao.baidu.com/s?id=1853799075568343180",
            "content": "新年多地迎来首批入境游客，中国入境游正从数量回升向质量飞跃转变。",
            "image": "images/rank2__去中国_20260110_221739.jpg"
        },
        {
            "rank": 3,
            "title": "在香港拿假支票存160亿欧元 1人被捕",
            "source_platform": "粤TV",
            "source_url": "https://quanmin.baidu.com/v/6393163626969062615",
            "content": "香港警方接获报案，一名女子出示伪造160亿欧元支票要求存款，已被拘捕。",
            "image": "images/rank3_在香港拿_20260110_221739.jpg"
        },
        {
            "rank": 4,
            "title": "成都地铁1人1座 网友：建议全国推广",
            "source_platform": "经视直播",
            "source_url": "https://mbd.baidu.com/newspage/data/videolanding?nid=sv_3490460501566899848&sourceFrom=share",
            "content": "成都地铁推出带扶手1人1座座椅，设计人性化，网友呼吁全国推广。",
            "image": "images/rank4_成都地铁_20260110_221739.jpg"
        },
        {
            "rank": 5,
            "title": "房东问“我该给租客送礼吗”被劝退",
            "source_platform": "潮新闻客户端",
            "source_url": "https://baijiahao.baidu.com/s?id=1853929812075029044",
            "content": "杭州房东发帖询问是否应为租客准备礼物，网友普遍认为应保持适度距离。",
            "image": "images/rank5_房东问__20260110_221739.jpg"
        },
        {
            "rank": 6,
            "title": "中产涌入超市抢300元羽绒服",
            "source_platform": "海报新闻",
            "source_url": "https://baijiahao.baidu.com/s?id=1853827449704085688",
            "content": "山姆、胖东来、Costco的三四百元羽绒服热销，部分款式断货，代购加价抢购。",
            "image": "images/rank6_中产涌入_20260110_221739.jpg"
        },
        {
            "rank": 7,
            "title": "“兔子警官”李语蔚当选最美浙警",
            "source_platform": "新华网",
            "source_url": "https://baijiahao.baidu.com/s?id=1853934376670108489&wfr=spider&for=pc",
            "content": "2025最美“浙警”名单揭晓，李语蔚等10名民警、辅警光荣当选。",
            "image": "images/rank7__兔子警_20260110_221739.jpg"
        },
        {
            "rank": 8,
            "title": "外贸企业“焕新”出发",
            "source_platform": "新华社三农",
            "source_url": "https://www.toutiao.com/article/7593631158370370084",
            "content": "2026年伊始，外贸企业订单接踵而来，以“开年即冲刺”姿态抢抓旺季机遇。",
            "image": "images/rank8_外贸企业_20260110_221739.jpg"
        },
        {
            "rank": 9,
            "title": "网信办拟制定App新规",
            "source_platform": "红星新闻",
            "source_url": "https://news.qq.com/rain/a/20260110A059ZR00#to-comment",
            "content": "网信办拟规定App不得在无关场景调用相机等权限，应提供便捷注销账号功能。",
            "image": "images/rank9_网信办拟_20260110_221739.jpg"
        }
    ],
    "timestamp": "20260110_221739"
}