{
    "news": [
        {
            "rank": 0,
            "title": "【轰动】风波再起！众明星卷入，谁能独善其身？",
            "original_title": "",
            "source_platform": "",
            "source_url": "",
            "content": "",
            "image": ""
        },
        {
            "rank": 1,
            "title": "网传李小璐上浪姐7复出？本人连夜否认",
            "original_title": "",
            "source_platform": "腾讯娱乐",
            "source_url": "https://news.qq.com/rain/a/20260226V02IJA00",
            "content": "网传李小璐上浪姐7复出？本人连夜否认",
            "image": "images/rank1_网传李小璐上_20260226_185600.jpg"
        },
        {
            "rank": 2,
            "title": "曝TF四代王橹杰私联粉丝",
            "original_title": "",
            "source_platform": "腾讯娱乐",
            "source_url": "https://news.qq.com/rain/a/20260226V03BLL00",
            "content": "曝TF四代王橹杰私联粉丝",
            "image": "images/rank2_曝TF四代王_20260226_185600.jpg"
        },
        {
            "rank": 3,
            "title": "华策影视否认解散电影部门传闻",
            "original_title": "",
            "source_platform": "腾讯娱乐",
            "source_url": "https://news.qq.com/rain/a/20260226A01HTZ00",
            "content": "华策影视否认解散电影部门传闻",
            "image": "images/rank3_华策影视否认_20260226_185600.jpg"
        },
        {
            "rank": 4,
            "title": "向华强回应遗产问题",
            "original_title": "",
            "source_platform": "腾讯娱乐",
            "source_url": "https://news.qq.com/rain/a/20260226A039SC00",
            "content": "向华强回应遗产问题",
            "image": "images/rank4_向华强回应遗_20260226_185600.jpg"
        },
        {
            "rank": 5,
            "title": "《今夜喜友秀》成年轻人2026第一嘴替",
            "original_title": "",
            "source_platform": "腾讯娱乐",
            "source_url": "https://news.qq.com/rain/a/20260225A03UZY00",
            "content": "《今夜喜友秀》成年轻人2026第一嘴替",
            "image": "images/rank5__今夜喜友秀_20260226_185600.jpg"
        },
        {
            "rank": 6,
            "title": "中国男篮vs日本男篮",
            "original_title": "",
            "source_platform": "抖音热榜",
            "source_url": "https://www.douyin.com/hot/2412274",
            "content": "中国男篮vs日本男篮",
            "image": "images/rank6_中国男篮vs_20260226_185600.jpg"
        },
        {
            "rank": 7,
            "title": "新一轮美伊谈判开始举行",
            "original_title": "",
            "source_platform": "抖音热榜",
            "source_url": "https://www.douyin.com/hot/2411963",
            "content": "新一轮美伊谈判开始举行",
            "image": "images/rank7_新一轮美伊谈_20260226_185600.jpg"
        },
        {
            "rank": 8,
            "title": "商务部回应第六轮中美经贸磋商",
            "original_title": "",
            "source_platform": "抖音热榜",
            "source_url": "https://www.douyin.com/hot/2412403",
            "content": "商务部回应第六轮中美经贸磋商",
            "image": "images/rank8_商务部回应第_20260226_185600.jpg"
        },
        {
            "rank": 9,
            "title": "四六级成绩27日6时公布",
            "original_title": "",
            "source_platform": "抖音热榜",
            "source_url": "https://www.douyin.com/hot/2412054",
            "content": "四六级成绩27日6时公布",
            "image": "images/rank9_四六级成绩2_20260226_185600.jpg"
        }
    ],
    "timestamp": "20260226_185600"
}