{
    "news": [
        {
            "rank": 0,
            "title": "彩票一夜暴富梦碎？",
            "original_title": "",
            "source_platform": "",
            "source_url": "",
            "content": "",
            "image": ""
        },
        {
            "rank": 1,
            "title": "姜葱白切鸡风味牛奶引热议",
            "original_title": "",
            "source_platform": "潇湘晨报",
            "source_url": "https://baijiahao.baidu.com/s?id=1855121307758002225",
            "content": "广州推出姜葱白切鸡风味牛奶，消费者评价两极分化，有人接受其独特风味，有人难以适应。",
            "image": "images/rank1_姜葱白切鸡风_20260124_061629.jpg"
        },
        {
            "rank": 2,
            "title": "当事人澄清SIM卡炼金传闻",
            "original_title": "",
            "source_platform": "潇湘晨报",
            "source_url": "https://baijiahao.baidu.com/s?id=1855113644856637478",
            "content": "当事人回应称，提炼191克黄金的原料是通信领域芯片类镀金电子废料集合，并非普通单张SIM卡。",
            "image": "images/rank2_当事人澄清S_20260124_061629.jpg"
        },
        {
            "rank": 3,
            "title": "京哈高铁高寒抗冻技术揭秘",
            "original_title": "",
            "source_platform": "人民日报",
            "source_url": "https://baijiahao.baidu.com/s?id=1855071804979993590",
            "content": "京哈高铁配备“超抗冻”黑科技、破冰“神器”及创新技术，确保动车组在冬季雪原上安全运行。",
            "image": "images/rank3_京哈高铁高寒_20260124_061629.jpg"
        },
        {
            "rank": 4,
            "title": "山东成北方首个10万亿大省",
            "original_title": "",
            "source_platform": "国民经略",
            "source_url": "https://baijiahao.baidu.com/s?id=1855093745598690971",
            "content": "2025年山东GDP达10.3万亿，成为继广东、江苏之后中国第三个、北方第一个10万亿经济大省。",
            "image": "images/rank4_山东成北方首_20260124_061629.jpg"
        },
        {
            "rank": 5,
            "title": "美国超1400架次航班因风暴取消",
            "original_title": "",
            "source_platform": "央视新闻",
            "source_url": "https://baijiahao.baidu.com/s?id=1855115247010351015",
            "content": "强风暴逼近美国，航班追踪数据显示已有超过1400架次航班被取消，达拉斯两大机场受影响最严重。",
            "image": "images/rank5_美国超140_20260124_061629.jpg"
        },
        {
            "rank": 6,
            "title": "彩票一等奖奖金封顶1亿元",
            "original_title": "",
            "source_platform": "经济观察报",
            "source_url": "https://baijiahao.baidu.com/s?id=1855110621637021358",
            "content": "财政部公告，双色球和超级大乐透的一等奖总奖金将封顶1亿元，意味着买彩票再也成不了亿万富翁。",
            "image": "images/rank6_彩票一等奖奖_20260124_061629.jpg"
        },
        {
            "rank": 7,
            "title": "招商银行2025年净利润1501.81亿元",
            "original_title": "",
            "source_platform": "第一财经",
            "source_url": "https://www.toutiao.com/w/1855098812292170/",
            "content": "招商银行发布业绩快报，2025年净利润1501.81亿元，同比增长1.21%，资产总额达130705.23亿元。",
            "image": "images/rank7_招商银行20_20260124_061629.jpg"
        },
        {
            "rank": 8,
            "title": "国内首艘商业载人飞船关联公司揭秘",
            "original_title": "",
            "source_platform": "齐鲁壹点",
            "source_url": "https://www.toutiao.com/article/7598439667012321801/",
            "content": "“穿越者壹号”关联公司北京穿越者载人航天科技成立于2023年，预计2028年实现载人首飞。",
            "image": "images/rank8_国内首艘商业_20260124_061629.jpg"
        },
        {
            "rank": 9,
            "title": "泰国游客赴哈尔滨旅行后回国报警",
            "original_title": "",
            "source_platform": "红星新闻",
            "source_url": "https://www.toutiao.com/article/7598406806079095311/",
            "content": "泰国一女子称花费近70万泰铢参加哈尔滨旅游团，因旅行社未履行约定条件，回国后向警方报案。",
            "image": "images/rank9_泰国游客赴哈_20260124_061629.jpg"
        }
    ],
    "timestamp": "20260124_061629"
}