{
    "news": [
        {
            "rank": 0,
            "title": "【轰动】01月15日娱乐圈再起风波，众明星或被卷入其中",
            "original_title": "",
            "source_platform": "",
            "source_url": "",
            "content": "",
            "image": ""
        },
        {
            "rank": 1,
            "title": "细看闫学晶资产，“飘”太高真的会摔",
            "original_title": "",
            "source_platform": "腾讯娱乐",
            "source_url": "https://news.qq.com/rain/a/20260112A074ZW00",
            "content": "细看闫学晶资产，“飘”太高真的会摔",
            "image": "images/rank1_细看闫学晶资_20260115_040606.jpg"
        },
        {
            "rank": 2,
            "title": "从薇娅到彭十六，头部主播“死”在税上",
            "original_title": "",
            "source_platform": "腾讯娱乐",
            "source_url": "https://news.qq.com/rain/a/20260114A05DPP00",
            "content": "从薇娅到彭十六，头部主播“死”在税上",
            "image": "images/rank2_从薇娅到彭十_20260115_040606.jpg"
        },
        {
            "rank": 3,
            "title": "李亚鹏，到底欠了多少债？",
            "original_title": "",
            "source_platform": "腾讯娱乐",
            "source_url": "https://news.qq.com/rain/a/20260114A05VMX00",
            "content": "李亚鹏，到底欠了多少债？",
            "image": "images/rank3_李亚鹏_到底_20260115_040606.jpg"
        },
        {
            "rank": 4,
            "title": "蔡康永发文谈《康熙来了》停播十周年",
            "original_title": "",
            "source_platform": "腾讯娱乐",
            "source_url": "https://news.qq.com/rain/a/20260114V06L2H00",
            "content": "蔡康永发文谈《康熙来了》停播十周年",
            "image": "images/rank4_蔡康永发文谈_20260115_040606.jpg"
        },
        {
            "rank": 5,
            "title": "彭楚粤回应曾在《桃花坞》崩溃大哭",
            "original_title": "",
            "source_platform": "腾讯娱乐",
            "source_url": "https://news.qq.com/rain/a/20260114V03VSE00",
            "content": "彭楚粤回应曾在《桃花坞》崩溃大哭",
            "image": "images/rank5_彭楚粤回应曾_20260115_040606.jpg"
        },
        {
            "rank": 6,
            "title": "刘嘉玲回应没有代表作",
            "original_title": "",
            "source_platform": "腾讯娱乐",
            "source_url": "https://news.qq.com/rain/a/20260114A01MCE00",
            "content": "刘嘉玲回应没有代表作",
            "image": "images/rank6_刘嘉玲回应没_20260115_040606.jpg"
        },
        {
            "rank": 7,
            "title": "内娱群星冲刺第44届金像奖",
            "original_title": "",
            "source_platform": "腾讯娱乐",
            "source_url": "https://news.qq.com/rain/a/20260114A02NBW00",
            "content": "内娱群星冲刺第44届金像奖",
            "image": "images/rank7_内娱群星冲刺_20260115_040606.jpg"
        },
        {
            "rank": 8,
            "title": "U23国足首次晋级亚洲杯8强",
            "original_title": "",
            "source_platform": "抖音热榜",
            "source_url": "https://www.douyin.com/hot/2367730",
            "content": "U23国足首次晋级亚洲杯8强",
            "image": "images/rank8_U23国足首_20260115_040606.jpg"
        },
        {
            "rank": 9,
            "title": "美国将暂停对俄罗斯等75国签证",
            "original_title": "",
            "source_platform": "抖音热榜",
            "source_url": "https://www.douyin.com/hot/2367945",
            "content": "美国将暂停对俄罗斯等75国签证",
            "image": "images/rank9_美国将暂停对_20260115_040606.jpg"
        }
    ],
    "timestamp": "20260115_040606"
}