{
    "news": [
        {
            "rank": 0,
            "title": "30斤银砖当压岁钱？",
            "original_title": "",
            "source_platform": "",
            "source_url": "",
            "content": "",
            "image": ""
        },
        {
            "rank": 1,
            "title": "“天下第一财神庙”被游客挤爆",
            "original_title": "",
            "source_platform": "青蜂侠Bee",
            "source_url": "https://baijiahao.baidu.com/s?id=1857727299332415217",
            "content": "正月初五迎财神，杭州灵顺寺景区挤满游客，从凌晨开始上山道路拥堵。",
            "image": "images/rank1__天下第一财_20260221_183522.jpg"
        },
        {
            "rank": 2,
            "title": "河南景区空中撒钱 面值最高100元",
            "original_title": "",
            "source_platform": "大河报",
            "source_url": "https://baijiahao.baidu.com/s?id=1857723780397258311",
            "content": "河南新乡八里沟景区演员扮“财神”吊威亚悬空撒红包，面值从1元到100元不等。",
            "image": "images/rank2_河南景区空中_20260221_183522.jpg"
        },
        {
            "rank": 3,
            "title": "探访春联里的中国",
            "original_title": "",
            "source_platform": "人民日报",
            "source_url": "https://baijiahao.baidu.com/s?id=1857709907686746086",
            "content": "记者走街串巷探访春联，从街头市集到寻常人家，展现中国年味与文化浪漫。",
            "image": "images/rank3_探访春联里的_20260221_183522.jpg"
        },
        {
            "rank": 4,
            "title": "王濛：不行让我签生死状复出",
            "original_title": "",
            "source_platform": "懂球帝",
            "source_url": "https://baijiahao.baidu.com/s?id=1857697481252868094",
            "content": "中国短道速滑队米兰冬奥会仅获1银牌，王濛现场观赛称愿签生死状复出夺金。",
            "image": "images/rank4_王濛_不行让_20260221_183522.jpg"
        },
        {
            "rank": 5,
            "title": "戍边11年女儿扮物业见妈",
            "original_title": "",
            "source_platform": "都市现场",
            "source_url": "https://baijiahao.baidu.com/s?id=1857186049847218645",
            "content": "江西上饶戍边女警刘易芷扮成物业员工，以抽奖名义给妈妈惊喜，母女相认。",
            "image": "images/rank5_戍边11年女_20260221_183522.jpg"
        },
        {
            "rank": 6,
            "title": "女子忘拿900克黄金 铁路1小时归还",
            "original_title": "",
            "source_platform": "红网",
            "source_url": "https://baijiahao.baidu.com/s?id=1857700946535669743",
            "content": "女子下车接电话将价值约135万元的900克黄金遗落动车，铁路人员1小时归还。",
            "image": "images/rank6_女子忘拿90_20260221_183522.jpg"
        },
        {
            "rank": 7,
            "title": "存款利率跌入“0”字头",
            "original_title": "",
            "source_platform": "潮新闻",
            "source_url": "https://www.toutiao.com/article/7608916516922311204/",
            "content": "2025年银行存款利率快速下滑，大额存单变稀缺，储户开始为存款“搬家”。",
            "image": "images/rank7_存款利率跌入_20260221_183522.jpg"
        },
        {
            "rank": 8,
            "title": "高速上鸭子掉落暴走 车主认领",
            "original_title": "",
            "source_platform": "潇湘晨报·晨视频",
            "source_url": "https://www.toutiao.com/video/7609250569336979475/",
            "content": "高速公路上鸭子掉落并“暴走”，车主前来认领，引发关注。",
            "image": "images/rank8_高速上鸭子掉_20260221_183522.jpg"
        },
        {
            "rank": 9,
            "title": "弟弟假期日记曝光 鸡鸭瑟瑟发抖",
            "original_title": "",
            "source_platform": "大象新闻",
            "source_url": "https://www.toutiao.com/video/7609219092268253247/",
            "content": "弟弟假期日记曝光，内容显示家中鸡鸭每天“瑟瑟发抖”，趣味十足。",
            "image": "images/rank9_弟弟假期日记_20260221_183522.jpg"
        }
    ],
    "timestamp": "20260221_183522"
}