{
    "news": [
        {
            "rank": 0,
            "title": "油价要飙到130美元？",
            "original_title": "",
            "source_platform": "",
            "source_url": "",
            "content": "",
            "image": ""
        },
        {
            "rank": 1,
            "title": "油价或出现历史性飙升",
            "original_title": "",
            "source_platform": "央广网",
            "source_url": "https://baijiahao.baidu.com/s?id=1858418798356793659",
            "content": "中东局势紧张致国际油价升至半年新高，分析师警告若伊朗报复攻击石油设施，油价可能飙升至130美元/桶。",
            "image": "images/rank1_油价或出现历_20260301_183357.jpg"
        },
        {
            "rank": 2,
            "title": "网警护航研考：规避查分陷阱",
            "original_title": "",
            "source_platform": "公安部网安局",
            "source_url": "https://baijiahao.baidu.com/s?id=1858363535380853311",
            "content": "考研成绩公布期间，公安部网安局提醒考生警惕高仿网站、付费查询等四类典型网络安全风险，防范诈骗。",
            "image": "images/rank2_网警护航研考_20260301_183357.jpg"
        },
        {
            "rank": 3,
            "title": "两连胜！中国男篮战胜中国台北队",
            "original_title": "",
            "source_platform": "央视新闻",
            "source_url": "https://baijiahao.baidu.com/s?id=1858452743508796633",
            "content": "男篮世界杯亚洲区预选赛，中国男篮战胜中国台北队取得两连胜，掌握出线主动权。",
            "image": "images/rank3_两连胜_中国_20260301_183357.jpg"
        },
        {
            "rank": 4,
            "title": "“我要验牌”怎么就火了",
            "original_title": "",
            "source_platform": "中国蓝新闻",
            "source_url": "https://baijiahao.baidu.com/s?id=1858416436009313820",
            "content": "社交平台“我要验牌”话题播放量突破50亿次，成为马年开年第一热梗，引发广泛讨论。",
            "image": "images/rank4__我要验牌__20260301_183357.jpg"
        },
        {
            "rank": 5,
            "title": "我国海上油田首次实现无人机规模化作业",
            "original_title": "",
            "source_platform": "央视新闻",
            "source_url": "https://www.toutiao.com/article/7612081927243285019",
            "content": "北部湾海域油田无人机系统运营项目落地，这是我国海上油田首次实现无人机规模化作业。",
            "image": "images/rank5_我国海上油田_20260301_183357.jpg"
        },
        {
            "rank": 6,
            "title": "网友造谣“霸王茶姬涉毒”被抓",
            "original_title": "",
            "source_platform": "新京报",
            "source_url": "https://www.toutiao.com/article/7611784863783453238/",
            "content": "上海警方破获一起造谣某知名茶饮品牌“涉毒”的案件，涉案网友因发布不实信息被依法处理。",
            "image": "images/rank6_网友造谣_霸_20260301_183357.jpg"
        },
        {
            "rank": 7,
            "title": "57岁村支书去世 曾38天吃住防汛大堤",
            "original_title": "",
            "source_platform": "极目视频",
            "source_url": "https://www.toutiao.com/video/7611957708832374819/",
            "content": "一位57岁村支书因病去世，生前曾在防汛期间连续38天吃住在防汛大堤上，坚守岗位。",
            "image": "images/rank7_57岁村支书_20260301_183357.jpg"
        },
        {
            "rank": 8,
            "title": "残阵韩国断电2分钟惜败日本男篮",
            "original_title": "",
            "source_platform": "直播吧",
            "source_url": "https://www.toutiao.com/article/7612180620542542386/",
            "content": "男篮世界杯亚洲区预选赛，日本男篮78-72力克韩国男篮，韩国队在最后2分钟进攻断电导致惜败。",
            "image": "images/rank8_残阵韩国断电_20260301_183357.jpg"
        },
        {
            "rank": 9,
            "title": "多地中小学迎来近十年最短学期",
            "original_title": "",
            "source_platform": "燃新闻",
            "source_url": "https://www.toutiao.com/video/7612102132287832105/",
            "content": "因春节假期安排，全国多地中小学本学期教学时间缩短，成为近十年来最短的一个学期。",
            "image": "images/rank9_多地中小学迎_20260301_183357.jpg"
        }
    ],
    "timestamp": "20260301_183357"
}