{
    "news": [
        {
            "rank": 0,
            "title": "金价破五千，风暴袭北美",
            "original_title": "",
            "source_platform": "",
            "source_url": "",
            "content": "",
            "image": ""
        },
        {
            "rank": 1,
            "title": "登山者获救后拖欠酒店账单引争议",
            "original_title": "'Rescued men still owe hotel bill three weeks later'",
            "source_platform": "BBC News",
            "source_url": "https://www.bbc.com/news/articles/c9vx0jrnmejo",
            "content": "英国湖区两名登山者获救后，入住酒店并承诺付款，但三周后仍未支付130英镑账单，也未归还借用的头灯。",
            "image": "images/rank1_登山者获救后_20260126_183605.jpg"
        },
        {
            "rank": 2,
            "title": "美国冬季风暴致7死80万户断电",
            "original_title": "At least seven dead and 800,000 without power as major winter storm hits US",
            "source_platform": "BBC News",
            "source_url": "https://www.bbc.com/news/articles/c1klrmz90yjo",
            "content": "一场危险的冬季风暴席卷美国，已造成至少七人死亡，超过80万户家庭断电，数千航班取消。",
            "image": "images/rank2_美国冬季风暴_20260126_183605.jpg"
        },
        {
            "rank": 3,
            "title": "日本民众含泪送别最后两只大熊猫",
            "original_title": "Tearful goodbyes as Japan returns pandas to China amid worsening ties",
            "source_platform": "BBC News",
            "source_url": "https://www.bbc.com/news/articles/c8d0l778dero",
            "content": "日本上野动物园最后两只大熊猫“晓晓”和“蕾蕾”即将返回中国，数千民众排队数小时含泪告别。",
            "image": "images/rank3_日本民众含泪_20260126_183605.jpg"
        },
        {
            "rank": 4,
            "title": "Z世代为何痴迷Hyrox健身赛？",
            "original_title": "'I spent £2,000 on one event': Why Gen Z is obsessed with Hyrox",
            "source_platform": "BBC News",
            "source_url": "https://www.bbc.com/news/articles/cj0nmj72v8ro",
            "content": "结合跑步与健身的Hyrox赛事风靡全球，预计今年有130万人参赛，尤其受年轻一代追捧，参与者不惜重金全球参赛。",
            "image": "images/rank4_Z世代为何痴_20260126_183605.jpg"
        },
        {
            "rank": 5,
            "title": "金价首次突破每盎司5000美元",
            "original_title": "Gold tops $5,000 for first time ever, adding to historic rally",
            "source_platform": "BBC News",
            "source_url": "https://www.bbc.com/news/articles/cvgd8kj2y2po",
            "content": "金价历史上首次突破每盎司5000美元大关，延续了2025年超过60%的历史性涨势，地缘政治不确定性推高避险需求。",
            "image": "images/rank5_金价首次突破_20260126_183605.jpg"
        },
        {
            "rank": 6,
            "title": "俄罗斯被指滥用国际刑警组织通缉令",
            "original_title": "Russia using Interpol's wanted list to target critics abroad, leak reveals",
            "source_platform": "BBC News",
            "source_url": "https://www.bbc.com/news/articles/c20gg729y1yo",
            "content": "泄露文件显示，俄罗斯被指控滥用国际刑警组织的红色通缉令系统，针对海外的政治对手、商人和记者。",
            "image": "images/rank6_俄罗斯被指滥_20260126_183605.jpg"
        },
        {
            "rank": 7,
            "title": "布里斯班公布23亿澳元奥运场馆设计",
            "original_title": "Plans for $2.3 billion stadium ignite debate in 2032 Olympics host city",
            "source_platform": "CNN",
            "source_url": "https://edition.cnn.com/2026/01/07/style/australia-brisbane-olympic-stadium-victoria-park-hnk-intl",
            "content": "澳大利亚布里斯班公布2032年奥运会主场馆设计，耗资23亿澳元，灵感源自当地“昆士兰”式住宅，引发争议。",
            "image": "images/rank7_布里斯班公布_20260126_183605.jpg"
        },
        {
            "rank": 8,
            "title": "社媒巨头因青少年成瘾问题首次受审",
            "original_title": "Meta, TikTok and YouTube heading to trial to defend against youth addiction, mental health harm claims",
            "source_platform": "CNN",
            "source_url": "https://edition.cnn.com/2026/01/26/tech/social-media-youth-mental-health-trial",
            "content": "Meta、TikTok和YouTube将首次因被指控其平台导致青少年成瘾和心理健康问题而面临陪审团审判。",
            "image": "images/rank8_社媒巨头因青_20260126_183605.jpg"
        },
        {
            "rank": 9,
            "title": "美国在委内瑞拉抓捕马杜罗行动细节曝光",
            "original_title": "Capturing a president: CNN analysis reveals extraordinary risks taken to seize Maduro",
            "source_platform": "CNN",
            "source_url": "https://edition.cnn.com/2026/01/23/americas/venezuela-maduro-fort-tiuna-compound-operation-reconstruction-intl-invs",
            "content": "CNN分析显示，美国在委内瑞拉抓捕总统马杜罗的行动中，直升机在激烈交火中降落在重兵把守的军事基地，风险极高。",
            "image": "images/rank9_美国在委内瑞_20260126_183605.jpg"
        }
    ],
    "timestamp": "20260126_183605"
}