{
    "news": [
        {
            "rank": 0,
            "title": "【轰动】风波再起！众明星卷入，谁能独善其身？",
            "original_title": "",
            "source_platform": "",
            "source_url": "",
            "content": "",
            "image": ""
        },
        {
            "rank": 1,
            "title": "相声大师杨振华离世，石小杰等公开悼念",
            "original_title": "",
            "source_platform": "腾讯娱乐",
            "source_url": "https://news.qq.com/rain/a/20260120V0396400",
            "content": "相声大师杨振华离世，石小杰等公开悼念",
            "image": "images/rank1_相声大师杨振_20260120_183727.jpg"
        },
        {
            "rank": 2,
            "title": "王菲被曝十年间匿名捐赠嫣然医院3268万",
            "original_title": "",
            "source_platform": "腾讯娱乐",
            "source_url": "https://news.qq.com/rain/a/20260120A037B000",
            "content": "王菲被曝十年间匿名捐赠嫣然医院3268万",
            "image": "images/rank2_王菲被曝十年_20260120_183727.jpg"
        },
        {
            "rank": 3,
            "title": "李亚鹏带货茶具火爆，宣布暂停30天销售",
            "original_title": "",
            "source_platform": "腾讯娱乐",
            "source_url": "https://news.qq.com/rain/a/20260120V038A200",
            "content": "李亚鹏带货茶具火爆，宣布暂停30天销售",
            "image": "images/rank3_李亚鹏带货茶_20260120_183727.jpg"
        },
        {
            "rank": 4,
            "title": "梁小龙死因公开：心脏衰竭离世，享年75岁",
            "original_title": "",
            "source_platform": "腾讯娱乐",
            "source_url": "https://news.qq.com/rain/a/20260120A032BX00",
            "content": "梁小龙死因公开：心脏衰竭离世，享年75岁",
            "image": "images/rank4_梁小龙死因公_20260120_183727.jpg"
        },
        {
            "rank": 5,
            "title": "演员安娜称王宝强是自己偶像",
            "original_title": "",
            "source_platform": "腾讯娱乐",
            "source_url": "https://news.qq.com/rain/a/20260119V054H300",
            "content": "演员安娜称王宝强是自己偶像",
            "image": "images/rank5_演员安娜称王_20260120_183727.jpg"
        },
        {
            "rank": 6,
            "title": "U23亚洲杯半决赛前瞻",
            "original_title": "",
            "source_platform": "抖音热榜",
            "source_url": "https://www.douyin.com/hot/2373299",
            "content": "U23亚洲杯半决赛前瞻",
            "image": "images/rank6_U23亚洲杯_20260120_183727.jpg"
        },
        {
            "rank": 7,
            "title": "中方代表：日本从没真正认罪悔过",
            "original_title": "",
            "source_platform": "抖音热榜",
            "source_url": "https://www.douyin.com/hot/2373937",
            "content": "中方代表：日本从没真正认罪悔过",
            "image": "images/rank7_中方代表_日_20260120_183727.jpg"
        },
        {
            "rank": 8,
            "title": "杭州终于等来了雪",
            "original_title": "",
            "source_platform": "抖音热榜",
            "source_url": "https://www.douyin.com/hot/2373661",
            "content": "杭州终于等来了雪",
            "image": "images/rank8_杭州终于等来_20260120_183727.jpg"
        },
        {
            "rank": 9,
            "title": "中方收到美方加入和平委员会邀请",
            "original_title": "",
            "source_platform": "抖音热榜",
            "source_url": "https://www.douyin.com/hot/2374103",
            "content": "中方收到美方加入和平委员会邀请",
            "image": "images/rank9_中方收到美方_20260120_183727.jpg"
        }
    ],
    "timestamp": "20260120_183727"
}