{
    "news": [
        {
            "rank": 0,
            "title": "肺哭破了？",
            "original_title": "",
            "source_platform": "",
            "source_url": "",
            "content": "",
            "image": ""
        },
        {
            "rank": 1,
            "title": "男子看旧照太伤感竟哭破肺",
            "original_title": "",
            "source_platform": "潮新闻客户端",
            "source_url": "https://baijiahao.baidu.com/s?id=1855436513399522235",
            "content": "河南郑州一18岁男生半夜翻看旧照情绪激动哭泣，导致呼吸不畅送医，被确诊为自发性气胸。",
            "image": "images/rank1_男子看旧照太_20260127_140328.jpg"
        },
        {
            "rank": 2,
            "title": "工业机器人将当“车间主任”",
            "original_title": "",
            "source_platform": "人民日报",
            "source_url": "https://baijiahao.baidu.com/s?id=1855346849763997443",
            "content": "我国工业机器人产量同比增长28.0%，成都公司研发的“灵烁”机器人可协助管理智能工厂，上半年有望投入使用。",
            "image": "images/rank2_工业机器人将_20260127_140328.jpg"
        },
        {
            "rank": 3,
            "title": "马化腾年会领唱激情扔公仔",
            "original_title": "",
            "source_platform": "百度",
            "source_url": "https://www.baidu.com/s?wd=%E9%A9%AC%E5%8C%96%E8%85%BE%E9%A2%86%E5%94%B1%E2%80%9C%E5%86%B2%E5%86%B2%E5%86%B2%E2%80%9D+%E6%BF%80%E6%83%85%E6%89%94%E5%85%AC%E4%BB%94&sa=fyb_news&rsv_dl=fyb_news",
            "content": "腾讯公司举办2026年会，创始人马化腾携高管登台领唱歌曲《气势如虹》，并向员工派发公仔庆祝新年。",
            "image": "images/rank3_马化腾年会领_20260127_140328.jpg"
        },
        {
            "rank": 4,
            "title": "小伙提醒大妈衣服英文不合适",
            "original_title": "",
            "source_platform": "掌上洛阳",
            "source_url": "https://www.toutiao.com/video/7599672871405682697/",
            "content": "一小伙善意提醒大妈衣服上的英文单词含义不合适，引发网络关注与讨论。",
            "image": "images/rank4_小伙提醒大妈_20260127_140328.jpg"
        },
        {
            "rank": 5,
            "title": "午睡正悄悄拉开大脑年龄差",
            "original_title": "",
            "source_platform": "人民日报健康客户端",
            "source_url": "https://www.toutiao.com/article/7599626270351180342/",
            "content": "最新研究发现，正确的午睡习惯能深度重启大脑、提升效率，甚至延缓大脑衰老，拉开人与人之间的“大脑年龄差”。",
            "image": "images/rank5_午睡正悄悄拉_20260127_140328.jpg"
        },
        {
            "rank": 6,
            "title": "王岳伦辟谣王诗龄休学等传言",
            "original_title": "",
            "source_platform": "扬眼",
            "source_url": "https://news.qq.com/rain/a/20260126A075M800",
            "content": "李湘前夫王岳伦发文回应近期关于女儿王诗龄休学、缅北诈骗等传言，称都是胡说八道，呼吁大家勿传谣。",
            "image": "images/rank6_王岳伦辟谣王_20260127_140328.jpg"
        },
        {
            "rank": 7,
            "title": "黄金价格冲破5100美元",
            "original_title": "",
            "source_platform": "第一财经",
            "source_url": "https://news.qq.com/rain/a/20260126A072C400",
            "content": "伦敦现货黄金连续冲破每盎司5000美元、5100美元关口，创历史新高，全球“氪金”热潮持续。",
            "image": "images/rank7_黄金价格冲破_20260127_140328.jpg"
        },
        {
            "rank": 8,
            "title": "菲律宾客船倾覆已致18死",
            "original_title": "",
            "source_platform": "央视新闻",
            "source_url": "https://news.qq.com/rain/a/20260126A06CO300",
            "content": "菲律宾南部客船倾覆事故死亡人数升至18人，317人获救，24人失踪，幸存者称未收到任何预警信号。",
            "image": "images/rank8_菲律宾客船倾_20260127_140328.jpg"
        },
        {
            "rank": 9,
            "title": "韩国前总理韩德洙提起上诉",
            "original_title": "",
            "source_platform": "新华社新闻",
            "source_url": "https://news.qq.com/rain/a/20260126A064CN00",
            "content": "韩国前国务总理韩德洙就一审判决结果提起上诉，此前因涉嫌协助内乱等罪行被判有期徒刑23年。",
            "image": "images/rank9_韩国前总理韩_20260127_140328.jpg"
        }
    ],
    "timestamp": "20260127_140328"
}