{
    "news": [
        {
            "rank": 0,
            "title": "【轰动】风波再起！众明星卷入，谁能独善其身？",
            "original_title": "",
            "source_platform": "",
            "source_url": "",
            "content": "",
            "image": ""
        },
        {
            "rank": 1,
            "title": "春晚二次联排众星现身",
            "original_title": "",
            "source_platform": "腾讯娱乐",
            "source_url": "https://news.qq.com/rain/a/20260125V02KL100",
            "content": "春晚二次联排众星现身",
            "image": "images/rank1_春晚二次联排_20260125_183040.jpg"
        },
        {
            "rank": 2,
            "title": "檀健次现身《何不同舟渡》开机仪式",
            "original_title": "",
            "source_platform": "腾讯娱乐",
            "source_url": "https://news.qq.com/rain/a/20260125V01XW000",
            "content": "檀健次现身《何不同舟渡》开机仪式",
            "image": "images/rank2_檀健次现身__20260125_183040.jpg"
        },
        {
            "rank": 3,
            "title": "彭于晏回应名字变形容词",
            "original_title": "",
            "source_platform": "腾讯娱乐",
            "source_url": "https://news.qq.com/rain/a/20260124V05N9J00",
            "content": "彭于晏回应名字变形容词",
            "image": "images/rank3_彭于晏回应名_20260125_183040.jpg"
        },
        {
            "rank": 4,
            "title": "50岁佘诗曼公布遗嘱细节",
            "original_title": "",
            "source_platform": "腾讯娱乐",
            "source_url": "https://news.qq.com/rain/a/20260124A03VO000",
            "content": "50岁佘诗曼公布遗嘱细节",
            "image": "images/rank4_50岁佘诗曼_20260125_183040.jpg"
        },
        {
            "rank": 5,
            "title": "张杰成都演唱会首唱《暴风少年》引爆全场",
            "original_title": "",
            "source_platform": "腾讯娱乐",
            "source_url": "https://news.qq.com/rain/a/20260125V02OM400",
            "content": "张杰成都演唱会首唱《暴风少年》引爆全场",
            "image": "images/rank5_张杰成都演唱_20260125_183040.jpg"
        },
        {
            "rank": 6,
            "title": "俄美乌谈判结束",
            "original_title": "",
            "source_platform": "抖音热榜",
            "source_url": "https://www.douyin.com/hot/2378580",
            "content": "俄美乌谈判结束",
            "image": "images/rank6_俄美乌谈判结_20260125_183040.jpg"
        },
        {
            "rank": 7,
            "title": "我国已形成全球风电最完整产业链",
            "original_title": "",
            "source_platform": "抖音热榜",
            "source_url": "https://www.douyin.com/hot/2378590",
            "content": "我国已形成全球风电最完整产业链",
            "image": "images/rank7_我国已形成全_20260125_183040.jpg"
        },
        {
            "rank": 8,
            "title": "罗斯泪洒球衣退役仪式",
            "original_title": "",
            "source_platform": "抖音热榜",
            "source_url": "https://www.douyin.com/hot/2378985",
            "content": "罗斯泪洒球衣退役仪式",
            "image": "images/rank8_罗斯泪洒球衣_20260125_183040.jpg"
        },
        {
            "rank": 9,
            "title": "跟着非遗人做毛豆腐",
            "original_title": "",
            "source_platform": "抖音热榜",
            "source_url": "https://www.douyin.com/hot/2378739",
            "content": "跟着非遗人做毛豆腐",
            "image": "images/rank9_跟着非遗人做_20260125_183040.jpg"
        }
    ],
    "timestamp": "20260125_183040"
}