{
    "news": [
        {
            "rank": 0,
            "title": "民生热点与生活趣闻精选",
            "content": "",
            "image": ""
        },
        {
            "rank": 1,
            "title": "山东威海深夜降下“倾盆大瓢雪”",
            "source_platform": "济南日报",
            "source_url": "https://mbd.baidu.com/newspage/data/videolanding?nid=sv_13414138861838039746",
            "content": "山东威海迎来大雪天气，开启暴雪模式，有游客凌晨在海边玩雪。",
            "image": "images/rank1_山东威海_20260111_102935.jpg"
        },
        {
            "rank": 2,
            "title": "医保个人账户可跨省给家人使用",
            "source_platform": "人民日报",
            "source_url": "https://baijiahao.baidu.com/s?id=1853982503112712482",
            "content": "国家医保局、财政部印发通知，扩大职工医保个人账户跨省共济范围。",
            "image": "images/rank2_医保个人_20260111_102935.jpg"
        },
        {
            "rank": 3,
            "title": "朱媛媛遗作首播引发观众追忆",
            "source_platform": "荆楚网资讯",
            "source_url": "https://mbd.baidu.com/newspage/data/videolanding?nid=sv_17870687595935098893",
            "content": "电视剧《小城大事》首播，朱媛媛抗癌期间坚持拍摄，杀青后16天离世。",
            "image": "images/rank3_朱媛媛遗_20260111_102935.jpg"
        },
        {
            "rank": 4,
            "title": "夫妻卖10元盒饭20年挣2套房",
            "source_platform": "上游新闻",
            "source_url": "https://baijiahao.baidu.com/s?id=1853898385964986164",
            "content": "重庆朝天门市场一对70后夫妻经营盒饭摊20年，凭借小摊挣到2套房。",
            "image": "images/rank4_夫妻卖1_20260111_102935.jpg"
        },
        {
            "rank": 5,
            "title": "游客带火腿肠勇闯东北玩手机不冻手",
            "source_platform": "新华社",
            "source_url": "https://mbd.baidu.com/newspage/data/videolanding?nid=sv_3341211692414040726&sourceFrom=share",
            "content": "网友揣火腿肠勇闯东北，既能丝滑触控手机不冻手，饿了还能直接啃。",
            "image": "images/rank5_游客带火_20260111_102935.jpg"
        },
        {
            "rank": 6,
            "title": "狗不理英文商标是“GO BELIEVE”",
            "source_platform": "经视直播",
            "source_url": "https://www.toutiao.com/article/7593635810633597480/",
            "content": "狗不理包子英文名“GO BELIEVE”多年前已注册，便于向外宾介绍。",
            "image": "images/rank6_狗不理英_20260111_102935.jpg"
        },
        {
            "rank": 7,
            "title": "网信办拟规定App不得滥用权限",
            "source_platform": "红星新闻",
            "source_url": "https://news.qq.com/rain/a/20260110A059ZR00#to-comment",
            "content": "App不得在无关场景调用相机等权限，应提供便捷注销账号功能。",
            "image": "images/rank7_网信办拟_20260111_102935.jpg"
        },
        {
            "rank": 8,
            "title": "救援队被遇难者家属起诉案一审结束",
            "source_platform": "九派新闻",
            "source_url": "https://news.qq.com/rain/a/20260110A05NS300#to-comment",
            "content": "秦岭牛马救援队被遇难驴友家属起诉，一审第三次庭审结束待判决。",
            "image": "images/rank8_救援队被_20260111_102935.jpg"
        },
        {
            "rank": 9,
            "title": "“普飞”上线i茅台9天成交用户超40万",
            "source_platform": "每日经济新闻",
            "source_url": "https://news.qq.com/rain/a/20260110A0599L00#to-comment",
            "content": "500ml飞天茅台上线“i茅台”9天，新增用户超270万，成交用户突破40万。",
            "image": "images/rank9__普飞__20260111_102935.jpg"
        }
    ],
    "timestamp": "20260111_102935"
}