{
    "news": [
        {
            "rank": 0,
            "title": "【轰动】风波再起！众明星卷入，谁能独善其身？",
            "original_title": "",
            "source_platform": "",
            "source_url": "",
            "content": "",
            "image": ""
        },
        {
            "rank": 1,
            "title": "黄景瑜将上太空",
            "original_title": "",
            "source_platform": "腾讯娱乐",
            "source_url": "https://news.qq.com/rain/a/20260123V00B2Z00",
            "content": "黄景瑜将上太空",
            "image": "images/rank1_黄景瑜将上太_20260123_183432.jpg"
        },
        {
            "rank": 2,
            "title": "何穗自曝月子后做了二次手术",
            "original_title": "",
            "source_platform": "腾讯娱乐",
            "source_url": "https://news.qq.com/rain/a/20260122V06K7F00",
            "content": "何穗自曝月子后做了二次手术",
            "image": "images/rank2_何穗自曝月子_20260123_183432.jpg"
        },
        {
            "rank": 3,
            "title": "陈星旭回应统一军装审美的男人",
            "original_title": "",
            "source_platform": "腾讯娱乐",
            "source_url": "https://news.qq.com/rain/a/20260123V0059200",
            "content": "陈星旭回应统一军装审美的男人",
            "image": "images/rank3_陈星旭回应统_20260123_183432.jpg"
        },
        {
            "rank": 4,
            "title": "新年第一批回家的人来了",
            "original_title": "",
            "source_platform": "抖音热榜",
            "source_url": "https://www.douyin.com/hot/2376924",
            "content": "新年第一批回家的人来了",
            "image": "images/rank4_新年第一批回_20260123_183432.jpg"
        },
        {
            "rank": 5,
            "title": "我国人工智能专利有效量全球前列",
            "original_title": "",
            "source_platform": "抖音热榜",
            "source_url": "https://www.douyin.com/hot/2377329",
            "content": "我国人工智能专利有效量全球前列",
            "image": "images/rank5_我国人工智能_20260123_183432.jpg"
        },
        {
            "rank": 6,
            "title": "大连成东北首个GDP破万亿城市",
            "original_title": "",
            "source_platform": "抖音热榜",
            "source_url": "https://www.douyin.com/hot/2376812",
            "content": "大连成东北首个GDP破万亿城市",
            "image": "images/rank6_大连成东北首_20260123_183432.jpg"
        },
        {
            "rank": 7,
            "title": "特朗普称将于4月访华 中方回应",
            "original_title": "",
            "source_platform": "抖音热榜",
            "source_url": "https://www.douyin.com/hot/2377206",
            "content": "特朗普称将于4月访华 中方回应",
            "image": "images/rank7_特朗普称将于_20260123_183432.jpg"
        },
        {
            "rank": 8,
            "title": "山东GDP突破10万亿元",
            "original_title": "",
            "source_platform": "抖音热榜",
            "source_url": "https://www.douyin.com/hot/2377234",
            "content": "山东GDP突破10万亿元",
            "image": "images/rank8_山东GDP突_20260123_183432.jpg"
        },
        {
            "rank": 9,
            "title": "日本众议院正式解散",
            "original_title": "",
            "source_platform": "抖音热榜",
            "source_url": "https://www.douyin.com/hot/2376945",
            "content": "日本众议院正式解散",
            "image": "images/rank9_日本众议院正_20260123_183432.jpg"
        }
    ],
    "timestamp": "20260123_183432"
}