{
    "news": [
        {
            "rank": 0,
            "title": "盟友翻脸，欧洲炸锅！",
            "original_title": "",
            "source_platform": "",
            "source_url": "",
            "content": "",
            "image": ""
        },
        {
            "rank": 1,
            "title": "西班牙高速列车相撞致至少39人遇难",
            "original_title": "High-speed train crash in Spain kills at least 39",
            "source_platform": "BBC News",
            "source_url": "https://www.bbc.com/news/articles/cedw6ylpynyo",
            "content": "西班牙南部发生高速列车相撞事故，造成至少39人死亡，122人受伤，为该国十余年来最严重的铁路灾难。",
            "image": "images/rank1_西班牙高速列_20260119_172748.jpg"
        },
        {
            "rank": 2,
            "title": "特朗普支持率在拉丁裔选民中下滑",
            "original_title": "Hispanic voters sent Trump back to power. Now some are souring",
            "source_platform": "BBC News",
            "source_url": "https://www.bbc.com/news/articles/clym85ev64lo",
            "content": "最新民调显示，曾助特朗普重返白宫的拉丁裔选民对其支持率已从49%降至38%，主要因对其经济政策不满。",
            "image": "images/rank2_特朗普支持率_20260119_172748.jpg"
        },
        {
            "rank": 3,
            "title": "联合国秘书长批美“强权凌驾于国际法”",
            "original_title": "US believes its power matters more than international law, UN chief tells BBC",
            "source_platform": "BBC News",
            "source_url": "https://www.bbc.com/news/articles/c4g0zx0llpzo",
            "content": "联合国秘书长古特雷斯批评美国行事肆无忌惮，认为其强权比国际法更重要，联合国创始原则正受威胁。",
            "image": "images/rank3_联合国秘书长_20260119_172748.jpg"
        },
        {
            "rank": 4,
            "title": "澳大利亚男孩遭鲨鱼袭击生命垂危",
            "original_title": "Boy fighting for life after being mauled by shark in Australia",
            "source_platform": "BBC News",
            "source_url": "https://www.bbc.com/news/articles/c8013p5v2yvo",
            "content": "澳大利亚悉尼一名12岁男孩在海港游泳时遭鲨鱼袭击，双腿受重伤生命垂危，其朋友勇敢将其救上岸。",
            "image": "images/rank4_澳大利亚男孩_20260119_172748.jpg"
        },
        {
            "rank": 5,
            "title": "特朗普关税威胁下加拿大转向",
            "original_title": "From surge in patriotism to fewer US trips - Trump's impact on Canada",
            "source_platform": "BBC News",
            "source_url": "https://www.bbc.com/news/articles/crmlvym2e3eo",
            "content": "特朗普关税政策促使加拿大民众减少赴美旅行、购买国货，并推动政府寻求与中国等国加强贸易关系。",
            "image": "images/rank5_特朗普关税威_20260119_172748.jpg"
        },
        {
            "rank": 6,
            "title": "丹麦首相：欧洲不会被勒索",
            "original_title": "'Europe won't be blackmailed,' Danish PM says in wake of Trump Greenland threats",
            "source_platform": "BBC News",
            "source_url": "https://www.bbc.com/news/articles/ceqz0llpnyqo",
            "content": "针对特朗普以关税威胁强购格陵兰，丹麦首相表示欧洲不会被勒索，八国领导人发表联合声明支持丹麦。",
            "image": "images/rank6_丹麦首相_欧_20260119_172748.jpg"
        },
        {
            "rank": 7,
            "title": "美国向芬兰订购顶级破冰船",
            "original_title": "'The finest in the world': Why the US is buying icebreakers from Finland",
            "source_platform": "BBC News",
            "source_url": "https://www.bbc.com/news/articles/c0q48d71ke8o",
            "content": "为加强北极存在，美国向世界领先的芬兰订购四艘破冰船，并计划在国内再建七艘，以应对中俄竞争。",
            "image": "images/rank7_美国向芬兰订_20260119_172748.jpg"
        },
        {
            "rank": 8,
            "title": "塞内加尔戏剧性夺得非洲杯冠军",
            "original_title": "Senegal wins Africa Cup of Nations after chaotic final against host Morocco",
            "source_platform": "CNN",
            "source_url": "https://edition.cnn.com/2026/01/18/sport/soccer-afcon-senegal-chaotic-final-morocco",
            "content": "非洲杯决赛上演戏剧性一幕，塞内加尔加时赛1-0击败东道主摩洛哥夺冠，比赛中曾因点球争议中断。",
            "image": "images/rank8_塞内加尔戏剧_20260119_172748.jpg"
        },
        {
            "rank": 9,
            "title": "危地马拉因帮派暴力进入紧急状态",
            "original_title": "Guatemala Declares State of Emergency to Address Gang Violence",
            "source_platform": "New York Times",
            "source_url": "https://www.nytimes.com/2026/01/18/world/americas/guatemala-emergency-drug-cartels.html",
            "content": "危地马拉政府宣布进入为期30天的紧急状态，以打击近日激增的帮派暴力，包括监狱暴动和警察遇害事件。",
            "image": "images/rank9_危地马拉因帮_20260119_172748.jpg"
        }
    ],
    "timestamp": "20260119_172748"
}