{
    "news": [
        {
            "rank": 0,
            "title": "【轰动】风波再起！众明星卷入，谁能独善其身？",
            "original_title": "",
            "source_platform": "",
            "source_url": "",
            "content": "",
            "image": ""
        },
        {
            "rank": 1,
            "title": "央视2026春晚完成第三次彩排",
            "original_title": "",
            "source_platform": "腾讯娱乐",
            "source_url": "https://news.qq.com/rain/a/20260131A0641000",
            "content": "央视2026春晚完成第三次彩排",
            "image": "images/rank1_央视2026_20260201_061936.jpg"
        },
        {
            "rank": 2,
            "title": "刀郎的两会建议",
            "original_title": "",
            "source_platform": "腾讯娱乐",
            "source_url": "https://news.qq.com/rain/a/20260130A028IG00",
            "content": "刀郎的两会建议",
            "image": "images/rank2_刀郎的两会建_20260201_061936.jpg"
        },
        {
            "rank": 3,
            "title": "黄金白银大幅下跌 投资者怎么办",
            "original_title": "",
            "source_platform": "抖音热榜",
            "source_url": "https://www.douyin.com/hot/2385311",
            "content": "黄金白银大幅下跌 投资者怎么办",
            "image": "images/rank3_黄金白银大幅_20260201_061936.jpg"
        },
        {
            "rank": 4,
            "title": "这个冬天被抖音网友的善意暖到了",
            "original_title": "",
            "source_platform": "抖音热榜",
            "source_url": "https://www.douyin.com/hot/2385605",
            "content": "这个冬天被抖音网友的善意暖到了",
            "image": "images/rank4_这个冬天被抖_20260201_061936.jpg"
        },
        {
            "rank": 5,
            "title": "2月起这些新规开始施行",
            "original_title": "",
            "source_platform": "抖音热榜",
            "source_url": "https://www.douyin.com/hot/2385635",
            "content": "2月起这些新规开始施行",
            "image": "images/rank5_2月起这些新_20260201_061936.jpg"
        },
        {
            "rank": 6,
            "title": "重返狼群导演亦风发声",
            "original_title": "",
            "source_platform": "抖音热榜",
            "source_url": "https://www.douyin.com/hot/2385184",
            "content": "重返狼群导演亦风发声",
            "image": "images/rank6_重返狼群导演_20260201_061936.jpg"
        },
        {
            "rank": 7,
            "title": "辽宁男篮战胜天津",
            "original_title": "",
            "source_platform": "抖音热榜",
            "source_url": "https://www.douyin.com/hot/2385476",
            "content": "辽宁男篮战胜天津",
            "image": "images/rank7_辽宁男篮战胜_20260201_061936.jpg"
        },
        {
            "rank": 8,
            "title": "金价下跌 多品牌设退货手续费",
            "original_title": "",
            "source_platform": "抖音热榜",
            "source_url": "https://www.douyin.com/hot/2384866",
            "content": "金价下跌 多品牌设退货手续费",
            "image": "images/rank8_金价下跌_多_20260201_061936.jpg"
        },
        {
            "rank": 9,
            "title": "T1 3:0 DK",
            "original_title": "",
            "source_platform": "抖音热榜",
            "source_url": "https://www.douyin.com/hot/2385419",
            "content": "T1 3:0 DK",
            "image": "images/rank9_T1_3_0_20260201_061936.jpg"
        }
    ],
    "timestamp": "20260201_061936"
}