{
    "news": [
        {
            "rank": 0,
            "title": "末日钟逼近！世界怎么了？",
            "original_title": "",
            "source_platform": "",
            "source_url": "",
            "content": "",
            "image": ""
        },
        {
            "rank": 1,
            "title": "特朗普警告伊朗“时间不多了” 美军在波斯湾集结",
            "original_title": "Trump warns Iran 'time is running out' for nuclear deal as US military builds up in Gulf",
            "source_platform": "BBC News",
            "source_url": "https://www.bbc.com/news/articles/cly5pd459gko",
            "content": "特朗普警告伊朗，随着美军在波斯湾持续集结，就核计划达成协议的“时间不多了”。伊朗外长回应称其军队已“手指扣在扳机上”。",
            "image": "images/rank1_特朗普警告伊_20260129_062355.jpg"
        },
        {
            "rank": 2,
            "title": "星巴克取消CEO私人飞机使用上限",
            "original_title": "Starbucks scraps $250,000 cap on boss's use of company jet",
            "source_platform": "BBC News",
            "source_url": "https://www.bbc.com/news/articles/c20gy48571po",
            "content": "星巴克因安全考虑，取消了首席执行官每年25万美元的私人飞机使用上限。该CEO需从加州家中飞往西雅图总部。",
            "image": "images/rank2_星巴克取消C_20260129_062355.jpg"
        },
        {
            "rank": 3,
            "title": "厄瓜多尔谴责美移民局特工试图闯入其领事馆",
            "original_title": "Ecuador says ICE agent attempted to enter its Minneapolis consulate",
            "source_platform": "BBC News",
            "source_url": "https://www.bbc.com/news/articles/c4g40k40xndo",
            "content": "厄瓜多尔政府谴责一名美国移民与海关执法局特工试图进入其明尼阿波利斯领事馆，称此举违反《维也纳领事关系公约》。",
            "image": "images/rank3_厄瓜多尔谴责_20260129_062355.jpg"
        },
        {
            "rank": 4,
            "title": "美联储维持利率不变 鲍威尔捍卫央行独立性",
            "original_title": "US Fed holds interest rates and defends independence",
            "source_platform": "BBC News",
            "source_url": "https://www.bbc.com/news/articles/c9wxedz9v22o",
            "content": "美国联邦储备委员会决定维持利率不变。主席鲍威尔在面临司法调查压力下，强调央行独立性至关重要。",
            "image": "images/rank4_美联储维持利_20260129_062355.jpg"
        },
        {
            "rank": 5,
            "title": "亚马逊确认裁员1.6万人 此前误发邮件",
            "original_title": "Amazon confirms 16,000 job cuts after accidental email",
            "source_platform": "BBC News",
            "source_url": "https://www.bbc.com/news/articles/cx2ywzxlxnlo",
            "content": "亚马逊确认将裁员1.6万人。此前，公司因误发邮件提前向员工透露了全球裁员计划。",
            "image": "images/rank5_亚马逊确认裁_20260129_062355.jpg"
        },
        {
            "rank": 6,
            "title": "美国三兄弟坠入冰窟身亡 母亲救援未果",
            "original_title": "'I couldn't save them' - US mum's horror as three sons die falling through pond ice",
            "source_platform": "BBC News",
            "source_url": "https://www.bbc.com/news/articles/cvg1z091melo",
            "content": "美国得州三名年幼兄弟在私人池塘冰面玩耍时坠入冰窟身亡。其母亲试图救援，但因冰面不断破裂未能成功。",
            "image": "images/rank6_美国三兄弟坠_20260129_062355.jpg"
        },
        {
            "rank": 7,
            "title": "男子因袭击被判有罪 巴伦·特朗普曾报警",
            "original_title": "Man guilty of assault after Barron Trump reported attack to UK police",
            "source_platform": "BBC News",
            "source_url": "https://www.bbc.com/news/articles/cd6wpdpylj1o",
            "content": "一名俄罗斯男子因袭击罪被判有罪。此前，特朗普之子巴伦通过视频通话目睹袭击后向英国警方报案。",
            "image": "images/rank7_男子因袭击被_20260129_062355.jpg"
        },
        {
            "rank": 8,
            "title": "末日钟调至距午夜仅85秒 创最接近纪录",
            "original_title": "Doomsday Clock Ticks Closer Than Ever to Apocalypse",
            "source_platform": "New York Times",
            "source_url": "https://www.nytimes.com/2026/01/28/us/doomsday-clock-2026.html",
            "content": "象征人类濒临毁灭的“末日钟”被调至距离象征末日的“午夜”仅85秒，创下自1947年设立以来最接近纪录。",
            "image": "images/rank8_末日钟调至距_20260129_062355.jpg"
        },
        {
            "rank": 9,
            "title": "英航客机起飞后轮胎脱落 惊险瞬间被拍下",
            "original_title": "British Airways flight to London loses wheel during take-off",
            "source_platform": "Sky News",
            "source_url": "https://news.sky.com/story/british-airways-flight-to-london-loses-wheel-during-take-off-13499966",
            "content": "英国航空公司一架从拉斯维加斯飞往伦敦的客机起飞后不久，一个轮胎从起落架脱落。惊险瞬间被视频记录。",
            "image": "images/rank9_英航客机起飞_20260129_062355.jpg"
        }
    ],
    "timestamp": "20260129_062355"
}