{
    "news": [
        {
            "rank": 0,
            "title": "民生热点与科技商业精选",
            "content": "",
            "image": ""
        },
        {
            "rank": 1,
            "title": "成都地铁推一人一座座椅",
            "source_platform": "经视直播",
            "source_url": "https://mbd.baidu.com/newspage/data/videolanding?nid=sv_3490460501566899848&sourceFrom=share",
            "content": "成都地铁推出带扶手一人一座座椅，设计人性化，主要用于新线路或长距离机场线路，网友建议全国推广。",
            "image": "images/rank1_成都地铁_20260110_133525.jpg"
        },
        {
            "rank": 2,
            "title": "中国申请超20万颗卫星频轨",
            "source_platform": "C位看每日播报",
            "source_url": "https://mbd.baidu.com/newspage/data/videolanding?nid=sv_12474253760621792509",
            "content": "我国2025年12月向国际电信联盟申请超20万颗卫星频轨资源，其中超19万颗来自新成立的无线电创新院。",
            "image": "images/rank2_中国申请_20260110_133525.jpg"
        },
        {
            "rank": 3,
            "title": "中国入境游迎来质量飞跃",
            "source_platform": "光明网",
            "source_url": "https://baijiahao.baidu.com/s?id=1853798352054395829&wfr=spider&for=pc",
            "content": "新年多地迎来首批入境游客，中国入境游正从数量回升转向质量飞跃，发展潜力巨大。",
            "image": "images/rank3_中国入境_20260110_133525.jpg"
        },
        {
            "rank": 4,
            "title": "麦当劳回应汉堡尺寸过小",
            "source_platform": "向阳VIDEO",
            "source_url": "https://mbd.baidu.com/newspage/data/videolanding?nid=sv_4931494914789539814",
            "content": "网友吐槽麦当劳汉堡尺寸过小，引发热议，麦当劳客服表示已记录问题。",
            "image": "images/rank4_麦当劳回_20260110_133525.jpg"
        },
        {
            "rank": 5,
            "title": "消费者买到山寨小米电视",
            "source_platform": "经视直播",
            "source_url": "https://www.baidu.com/s?wd=%E6%B6%88%E8%B4%B9%E8%80%85%E4%B9%B0%E5%88%B0xiaonnri%E7%94%B5%E8%A7%86+%E5%B0%8F%E7%B1%B3%E5%9B%9E%E5%BA%94&sa=fyb_news&rsv_dl=fyb_news",
            "content": "网友称购买游戏机套餐配电视商标为山寨版，小米客服回应将交由专员处置。",
            "image": "images/rank5_消费者买_20260110_133525.jpg"
        },
        {
            "rank": 6,
            "title": "鼻病毒引发上呼吸道感染",
            "source_platform": "央视新闻",
            "source_url": "https://baijiahao.baidu.com/s?id=1853896217430169127",
            "content": "鼻病毒是常见上呼吸道感染病毒，症状包括鼻塞、打喷嚏、流鼻涕等，儿童或抵抗力低者可能发烧。",
            "image": "images/rank6_鼻病毒引_20260110_133525.jpg"
        },
        {
            "rank": 7,
            "title": "超市羽绒服成中产抢手货",
            "source_platform": "中国新闻周刊",
            "source_url": "https://www.toutiao.com/article/7593356829121954330/",
            "content": "胖东来、Costco、山姆等超市三四百元羽绒服因性价比高成为中产抢手货，部分款式已断货。",
            "image": "images/rank7_超市羽绒_20260110_133525.jpeg"
        },
        {
            "rank": 8,
            "title": "王曼昱不敌韩莹无缘四强",
            "source_platform": "足球部落",
            "source_url": "https://www.toutiao.com/article/7593605167912665626/",
            "content": "WTT多哈冠军赛女单1/4决赛，中国选手王曼昱3-4不敌德国华裔选手韩莹，无缘四强。",
            "image": "images/rank8_王曼昱不_20260110_133525.jpeg"
        },
        {
            "rank": 9,
            "title": "外贸企业开年加速跑",
            "source_platform": "新华社三农",
            "source_url": "https://www.toutiao.com/article/7593631158370370084",
            "content": "2026年伊始，外贸企业以开年即冲刺姿态抢抓旺季机遇，订单增长、产能升级，展现韧性。",
            "image": "images/rank9_外贸企业_20260110_133525.jpeg"
        }
    ],
    "timestamp": "20260110_133525"
}