{
    "news": [
        {
            "rank": 0,
            "title": "胖东来下架车厘子？",
            "original_title": "",
            "source_platform": "",
            "source_url": "",
            "content": "",
            "image": ""
        },
        {
            "rank": 1,
            "title": "胖东来下架全部智利车厘子",
            "original_title": "",
            "source_platform": "极目新闻",
            "source_url": "https://baijiahao.baidu.com/s?id=1856951662370838433",
            "content": "胖东来因智利车厘子坏果多、人工筛选耗力，全面下架该品类。业内称坏果系春节晚、中间商囤货致存放过久变质。",
            "image": "images/rank1_胖东来下架全_20260213_062915.jpg"
        },
        {
            "rank": 2,
            "title": "9岁男孩拍短剧一天挣2000",
            "original_title": "",
            "source_platform": "极目新闻",
            "source_url": "https://baijiahao.baidu.com/s?id=1856919922841173991",
            "content": "杭州9岁男孩李星澄因拍摄短剧火出圈，片酬达一天2000元。他曾与郭晶晶、林更新等合作，参演近200个广告和10余部短剧。",
            "image": "images/rank2_9岁男孩拍短_20260213_062915.jpg"
        },
        {
            "rank": 3,
            "title": "孙龙短道速滑1000米夺银牌",
            "original_title": "",
            "source_platform": "纯侃体育",
            "source_url": "https://baijiahao.baidu.com/s?id=1856956788380885030",
            "content": "在米兰冬奥会短道速滑男子1000米决赛中，中国选手孙龙以1分24秒565的成绩获得银牌，与冠军仅差0.028秒。",
            "image": "images/rank3_孙龙短道速滑_20260213_062915.jpg"
        },
        {
            "rank": 4,
            "title": "男子火车上打盹5分钟被偷49000元",
            "original_title": "",
            "source_platform": "深圳新闻网",
            "source_url": "https://baijiahao.baidu.com/s?id=1856885175901416993",
            "content": "旅客王先生在火车上打盹5分钟，被郑某某盗走行李架背包内4.9万元现金。警方于广州出租屋将其抓获，追回4.86万元。",
            "image": "images/rank4_男子火车上打_20260213_062915.jpg"
        },
        {
            "rank": 5,
            "title": "潮汕女孩火遍全网 神似古典美人",
            "original_title": "",
            "source_platform": "深广电第一现场",
            "source_url": "https://baijiahao.baidu.com/s?id=1856937961085214996",
            "content": "广东汕头民俗活动路训现场，一位女生眉眼如画，神似敦煌壁画里的古典美。她为参加奉敬宋朝大元帅活动，已训练一年多。",
            "image": "images/rank5_潮汕女孩火遍_20260213_062915.jpg"
        },
        {
            "rank": 6,
            "title": "湘雅医院外籍患者就诊人次翻6倍",
            "original_title": "",
            "source_platform": "湖南日报",
            "source_url": "https://baijiahao.baidu.com/s?id=1856920710097727775",
            "content": "湘雅医院外籍患者就诊人次翻6倍，显示入境医疗需求显著增长。",
            "image": "images/rank6_湘雅医院外籍_20260213_062915.jpg"
        },
        {
            "rank": 7,
            "title": "葛卫东家族“组团”入股江淮汽车",
            "original_title": "",
            "source_platform": "蓝鲸新闻",
            "source_url": "https://news.qq.com/rain/a/20260212A06ECQ00",
            "content": "知名投资人葛卫东、牛散章建平的妻子方文艳各斥资10亿元入股江淮汽车，获配金额并列第一。亲友提前建仓收益或已翻倍。",
            "image": "images/rank7_葛卫东家族__20260213_062915.jpg"
        },
        {
            "rank": 8,
            "title": "钟南山说会用证据让全世界服气",
            "original_title": "",
            "source_platform": "极目新闻",
            "source_url": "https://www.toutiao.com/article/7605871976313324047/",
            "content": "钟南山院士表示，国际主流认可的“慢阻肺无症状就不用管”理念错误。他坚持早筛早诊早干预，用临床实效和科学数据让全球信服。",
            "image": "images/rank8_钟南山说会用_20260213_062915.jpg"
        },
        {
            "rank": 9,
            "title": "今年为何没有“年三十”",
            "original_title": "",
            "source_platform": "央视新闻",
            "source_url": "https://www.toutiao.com/article/7605969214909710902/",
            "content": "今年除夕是腊月二十九，没有“大年三十”。专家解释，这与我国传统历法农历的编算规则有关，主要取决于朔日的时间。",
            "image": "images/rank9_今年为何没有_20260213_062915.jpg"
        }
    ],
    "timestamp": "20260213_062915"
}