{
    "news": [
        {
            "rank": 0,
            "title": "塔利班高层决裂！喀布尔派公然抗命，阿富汗内战一触即发？",
            "original_title": "",
            "source_platform": "",
            "source_url": "",
            "content": "",
            "image": ""
        },
        {
            "rank": 1,
            "title": "塔利班高层内部分裂曝光，喀布尔派违抗最高领袖命令恢复网络",
            "original_title": "Rift at top of the Taliban: BBC reveals clash of wills behind internet shutdown",
            "source_platform": "BBC News",
            "source_url": "https://www.bbc.com/news/articles/cg7vdpy1l2vo",
            "content": "BBC调查揭示塔利班高层存在严重分裂。喀布尔派系违抗最高领袖阿洪扎达的命令，在后者下令全国断网后，强行恢复了互联网连接。",
            "image": "images/rank1_塔利班高层内_20260115_183952.jpg"
        },
        {
            "rank": 2,
            "title": "斯汀向警察乐队前队友支付超59万英镑版税",
            "original_title": "Sting pays Police bandmates £600,000 in royalties",
            "source_platform": "BBC News",
            "source_url": "https://www.bbc.com/news/articles/cn42lp1135vo",
            "content": "歌手斯汀承认少付版税，已向警察乐队前队友支付超过59.5万英镑。双方因流媒体收入分配问题仍在进行法律诉讼。",
            "image": "images/rank2_斯汀向警察乐_20260115_183952.jpg"
        },
        {
            "rank": 3,
            "title": "特朗普称伊朗已停止杀害抗议者，但未排除军事行动",
            "original_title": "Trump told 'killing has stopped' in Iran after violent protest crackdown",
            "source_platform": "BBC News",
            "source_url": "https://www.bbc.com/news/articles/c07xpndjdd8o",
            "content": "美国总统特朗普表示被告知伊朗“已停止杀害抗议者”，但未排除对该国暴力镇压抗议活动采取军事行动的可能性。",
            "image": "images/rank3_特朗普称伊朗_20260115_183952.jpg"
        },
        {
            "rank": 4,
            "title": "美国联邦特工在明尼阿波利斯开枪击伤一名男子",
            "original_title": "Federal agent shoots Minneapolis man in leg after attack, officials say",
            "source_platform": "BBC News",
            "source_url": "https://www.bbc.com/news/articles/c205677pxvxo",
            "content": "美国国土安全部称，一名联邦特工在明尼阿波利斯市遭多人袭击后，开枪击中一名男子腿部。此事加剧了当地移民执法引发的紧张局势。",
            "image": "images/rank4_美国联邦特工_20260115_183952.jpg"
        },
        {
            "rank": 5,
            "title": "丹麦警告与美国在格陵兰问题上存在“根本分歧”",
            "original_title": "Denmark warns of 'fundamental disagreement' after White House talks on Greenland",
            "source_platform": "BBC News",
            "source_url": "https://www.bbc.com/news/articles/cx20vzz0g8vo",
            "content": "丹麦外长表示，与美国在格陵兰问题上存在“根本分歧”，称特朗普总统坚持“征服”该岛“完全不可接受”。双方同意成立高级别工作组。",
            "image": "images/rank5_丹麦警告与美_20260115_183952.jpg"
        },
        {
            "rank": 6,
            "title": "加拿大两省因皇冠威士忌工厂搬迁问题爆发争执",
            "original_title": "Why two Canadian provinces are in a spat over Crown Royal whisky",
            "source_platform": "BBC News",
            "source_url": "https://www.bbc.com/news/articles/c8x9v241z2qo",
            "content": "因皇冠威士忌生产商计划关闭安大略省装瓶厂，该省省长威胁下架产品，引发产品主要蒸馏地曼尼托巴省的强烈反对。",
            "image": "images/rank6_加拿大两省因_20260115_183952.jpg"
        },
        {
            "rank": 7,
            "title": "泽连斯基宣布能源紧急状态，基辅严寒中再遭俄军打击",
            "original_title": "Zelensky declares energy emergency as biting cold persists",
            "source_platform": "BBC News",
            "source_url": "https://www.bbc.com/news/articles/cq6vm677z76o",
            "content": "乌克兰总统泽连斯基宣布全国能源部门进入紧急状态。俄军持续袭击导致基辅等地数千居民在严寒中失去电力与供暖。",
            "image": "images/rank7_泽连斯基宣布_20260115_183952.jpg"
        },
        {
            "rank": 8,
            "title": "泰国施工起重机倒塌砸中行驶列车，致多人死亡",
            "original_title": "Multiple fatalities as construction crane collapses onto moving train in Thailand",
            "source_platform": "CNN",
            "source_url": "https://edition.cnn.com/2026/01/14/asia/thailand-train-deaths-intl-hnk",
            "content": "泰国一处建筑工地的起重机倒塌，砸中一列正在行驶的火车，造成多人死亡。事故原因正在调查中。",
            "image": "images/rank8_泰国施工起重_20260115_183952.jpg"
        },
        {
            "rank": 9,
            "title": "NASA宇航员因“严重医疗状况”首次执行紧急返回任务",
            "original_title": "NASA latest: Astronauts back on Earth after first ever emergency return over 'serious medical condition'",
            "source_platform": "Sky News",
            "source_url": "https://news.sky.com/story/nasa-latest-spacex-crew-to-return-early-after-serious-medical-condition-13494209",
            "content": "NASA因一名宇航员出现“严重医疗状况”，首次紧急中止国际空间站任务。SpaceX载人龙飞船已成功将四名宇航员送回地球。",
            "image": "images/rank9_NASA宇航_20260115_183952.jpg"
        }
    ],
    "timestamp": "20260115_183952"
}