{
    "news": [
        {
            "rank": 0,
            "title": "王室、巨星、外星人，全炸了！",
            "original_title": "",
            "source_platform": "",
            "source_url": "",
            "content": "",
            "image": ""
        },
        {
            "rank": 1,
            "title": "英国政府考虑立法剥夺安德鲁王位继承权",
            "original_title": "Government considers removing Andrew from royal line of succession",
            "source_platform": "BBC News",
            "source_url": "https://www.bbc.com/news/articles/c1kgv837wvdo",
            "content": "英国政府正考虑立法，将安德鲁·蒙巴顿-温莎从王室继承顺位中移除，以防其未来成为国王。",
            "image": "images/rank1_英国政府考虑_20260221_062223.jpg"
        },
        {
            "rank": 2,
            "title": "美最高法院裁定特朗普关税违宪，重挫其议程",
            "original_title": "Tariffs ruling is major blow to Trump's second-term agenda",
            "source_platform": "BBC News",
            "source_url": "https://www.bbc.com/news/articles/cx2jqgdn719o",
            "content": "美国最高法院裁定，特朗普总统无权依据《1977年紧急经济权力法》单方面征收关税，此举对其贸易政策构成重大打击。",
            "image": "images/rank2_美最高法院裁_20260221_062223.jpg"
        },
        {
            "rank": 3,
            "title": "《实习医生格蕾》男星埃里克·戴恩因渐冻症去世",
            "original_title": "Grey's Anatomy star Eric Dane dies at 53 after ALS diagnosis",
            "source_platform": "BBC News",
            "source_url": "https://www.bbc.com/news/articles/c78j01n775ko",
            "content": "因出演《实习医生格蕾》闻名的美国演员埃里克·戴恩在与肌萎缩侧索硬化症抗争十个月后去世，终年53岁。",
            "image": "images/rank3__实习医生格_20260221_062223.jpg"
        },
        {
            "rank": 4,
            "title": "特朗普下令政府准备公开外星人与UFO档案",
            "original_title": "Trump directs US government to prepare release of files on aliens and UFOs",
            "source_platform": "BBC News",
            "source_url": "https://www.bbc.com/news/articles/c4g57gqqln1o",
            "content": "美国总统特朗普表示，将指示国防部等机构开始识别并公开有关外星生命、不明空中现象及UFO的政府文件。",
            "image": "images/rank4_特朗普下令政_20260221_062223.jpg"
        },
        {
            "rank": 5,
            "title": "女子因在拉斯维加斯机场遗弃宠物狗被起诉",
            "original_title": "Woman charged over abandoning dog at Las Vegas airport",
            "source_platform": "BBC News",
            "source_url": "https://www.bbc.com/news/articles/c9dnqqdp75go",
            "content": "一名女子因涉嫌将两岁的宠物狗遗弃在拉斯维加斯机场的行李称重处，被警方以遗弃动物罪起诉。",
            "image": "images/rank5_女子因在拉斯_20260221_062223.jpg"
        },
        {
            "rank": 6,
            "title": "澳大利亚内陆小镇举办“远离海洋”的沙滩排球节",
            "original_title": "Welcome to Australia's hottest beach event - nowhere near the sea",
            "source_platform": "BBC News",
            "source_url": "https://www.bbc.com/news/articles/crrx792qk81o",
            "content": "澳大利亚内陆小镇库塔曼德拉在远离海洋400公里的街道上，用近900吨沙子打造临时沙滩，举办年度排球节，吸引数千游客。",
            "image": "images/rank6_澳大利亚内陆_20260221_062223.jpg"
        },
        {
            "rank": 7,
            "title": "梅拉尼娅·特朗普向史密森尼博物馆捐赠第二任期就职礼服",
            "original_title": "Melania Trump donates inaugural gown to Smithsonian",
            "source_platform": "CNN",
            "source_url": "https://edition.cnn.com/2026/02/20/style/melania-trump-inauguration-gown-smithsonian",
            "content": "美国前第一夫人梅拉尼娅·特朗普将其在丈夫第二个总统任期就职典礼上所穿的白色礼服捐赠给史密森尼国家历史博物馆。",
            "image": "images/rank7_梅拉尼娅_特_20260221_062223.jpg"
        },
        {
            "rank": 8,
            "title": "美国东海岸将迎强冬季风暴，多地发布暴雪预警",
            "original_title": "Snow chances are trending up along the East Coast from a nor’easter. Here are the latest scenarios",
            "source_platform": "CNN",
            "source_url": "https://edition.cnn.com/2026/02/19/weather/snow-east-coast-weather-forecast-climate",
            "content": "一股强冬季风暴预计将袭击美国东北部，部分地区可能降雪超6英寸，纽约长岛等地可能出现暴风雪天气。",
            "image": "images/rank8_美国东海岸将_20260221_062223.jpg"
        },
        {
            "rank": 9,
            "title": "MLS总裁希望维尼修斯和姆巴佩未来加盟美国足球大联盟",
            "original_title": "MLS Commissioner Don Garber ‘would love’ to see Vinícius Jr. and Kylian Mbappé join the league",
            "source_platform": "CNN",
            "source_url": "https://edition.cnn.com/2026/02/20/sport/don-garber-mls-commissioner-vinicius-kylian-mbappe-soccer",
            "content": "美国职业足球大联盟总裁唐·加伯表示，希望未来能看到皇马球星维尼修斯和姆巴佩加盟MLS，在北美踢球。",
            "image": "images/rank9_MLS总裁希_20260221_062223.jpg"
        }
    ],
    "timestamp": "20260221_062223"
}