{
    "news": [
        {
            "rank": 0,
            "title": "盟友翻脸，全球炸锅！",
            "original_title": "",
            "source_platform": "",
            "source_url": "",
            "content": "",
            "image": ""
        },
        {
            "rank": 1,
            "title": "特朗普威胁对八国加征关税以强购格陵兰",
            "original_title": "'Europe won't be blackmailed,' Danish PM says in wake of Trump Greenland threats",
            "source_platform": "BBC News",
            "source_url": "https://www.bbc.com/news/articles/ceqz0llpnyqo",
            "content": "特朗普威胁对丹麦等八个欧洲国家加征关税，以迫使对方同意美国购买格陵兰岛。欧洲多国领导人表示“不会被勒索”。",
            "image": "images/rank1_特朗普威胁对_20260119_183814.jpg"
        },
        {
            "rank": 2,
            "title": "西班牙高速列车相撞致至少39人遇难",
            "original_title": "High-speed train crash in Spain kills at least 39",
            "source_platform": "BBC News",
            "source_url": "https://www.bbc.com/news/articles/cedw6ylpynyo",
            "content": "西班牙南部发生高速列车相撞事故，造成至少39人死亡，数十人受伤，为该国十余年来最严重铁路灾难。",
            "image": "images/rank2_西班牙高速列_20260119_183814.jpg"
        },
        {
            "rank": 3,
            "title": "悉尼两天内发生三起鲨鱼袭击事件",
            "original_title": "Boy and man seriously injured as Sydney sees three shark attacks in two days",
            "source_platform": "BBC News",
            "source_url": "https://www.bbc.com/news/articles/c8013p5v2yvo",
            "content": "澳大利亚悉尼在24小时内发生三起鲨鱼袭击事件，一名男孩和一名男子受重伤，北部海滩已全部关闭。",
            "image": "images/rank3_悉尼两天内发_20260119_183814.jpg"
        },
        {
            "rank": 4,
            "title": "美国向芬兰订购顶级破冰船强化北极存在",
            "original_title": "'The finest in the world': Why the US is buying icebreakers from Finland",
            "source_platform": "BBC News",
            "source_url": "https://www.bbc.com/news/articles/c0q48d71ke8o",
            "content": "为强化北极地区存在，美国向世界领先的芬兰订购多艘顶级破冰船，以应对俄罗斯和中国的竞争。",
            "image": "images/rank4_美国向芬兰订_20260119_183814.jpg"
        },
        {
            "rank": 5,
            "title": "特朗普移民政策在明尼苏达州引发激烈对峙",
            "original_title": "Trump tests boundaries of his power as Minnesota pushes back",
            "source_platform": "BBC News",
            "source_url": "https://www.bbc.com/news/articles/cpqy5q1eeywo",
            "content": "特朗普的移民执法行动在明尼苏达州引发大规模抗议，联邦与地方政府及民众关系紧张，局势持续升级。",
            "image": "images/rank5_特朗普移民政_20260119_183814.jpg"
        },
        {
            "rank": 6,
            "title": "布里斯班公布23亿美元奥运场馆设计引争议",
            "original_title": "Plans for $2.3 billion stadium ignite debate in 2032 Olympics host city",
            "source_platform": "CNN",
            "source_url": "https://edition.cnn.com/2026/01/07/style/australia-brisbane-olympic-stadium-victoria-park-hnk-intl",
            "content": "2032年奥运会主办城市布里斯班公布价值23亿美元的新体育场设计，灵感源于当地民居，但选址遗产公园引发争议。",
            "image": "images/rank6_布里斯班公布_20260119_183814.jpg"
        },
        {
            "rank": 7,
            "title": "智利南部野火肆虐致至少18人死亡",
            "original_title": "Chile fires kill at least 18 as firefighters battle extreme heat, winds",
            "source_platform": "CNN",
            "source_url": "https://edition.cnn.com/2026/01/18/americas/chile-catastrophe-wildfires-dead-intl-latam",
            "content": "智利南部两个地区因极端高温和大风引发严重野火，已造成至少18人死亡，约2万人被迫疏散。",
            "image": "images/rank7_智利南部野火_20260119_183814.jpg"
        },
        {
            "rank": 8,
            "title": "哈里王子起诉《每日邮报》出版商案开庭",
            "original_title": "What to Know About Prince Harry’s Case Against Daily Mail Publisher",
            "source_platform": "New York Times",
            "source_url": "https://www.nytimes.com/2026/01/19/world/europe/prince-harry-trial-daily-mail-associated-newspapers-uk.html",
            "content": "哈里王子与埃尔顿·约翰等名人起诉《每日邮报》出版商，指控其非法信息收集和侵犯隐私，案件在伦敦高等法院开庭。",
            "image": "images/rank8_哈里王子起诉_20260119_183814.jpg"
        },
        {
            "rank": 9,
            "title": "联合国秘书长批美“强权凌驾于国际法”",
            "original_title": "US believes its power matters more than international law, UN chief tells BBC",
            "source_platform": "BBC News",
            "source_url": "https://www.bbc.com/news/articles/c4g0zx0llpzo",
            "content": "联合国秘书长古特雷斯批评美国行事不受约束，认为其强权比国际法更重要，并警告联合国基本原则正受威胁。",
            "image": "images/rank9_联合国秘书长_20260119_183814.jpg"
        }
    ],
    "timestamp": "20260119_183814"
}