{
    "news": [
        {
            "rank": 0,
            "title": "美伊摊牌！全球紧盯",
            "original_title": "",
            "source_platform": "",
            "source_url": "",
            "content": "",
            "image": ""
        },
        {
            "rank": 1,
            "title": "特朗普签署行政令威胁对与伊朗贸易国加征关税",
            "original_title": "Trump threatens tariffs for countries trading with Iran",
            "source_platform": "BBC News",
            "source_url": "https://www.bbc.com/news/articles/c4glgz2l83vo",
            "content": "美国总统特朗普签署行政令，威胁对继续与伊朗进行贸易的国家加征额外关税，以施压伊朗核问题。",
            "image": "images/rank1_特朗普签署行_20260207_183531.jpg"
        },
        {
            "rank": 2,
            "title": "加拿大四名工程系学生涉爆炸物及枪支被捕",
            "original_title": "Motive unclear after Canada engineering students charged in explosives case",
            "source_platform": "BBC News",
            "source_url": "https://www.bbc.com/news/articles/cwy1ydnvgneo",
            "content": "加拿大四名工程系学生因涉嫌持有爆炸物和枪支被捕，警方称其动机尚不明确，仍在调查中。",
            "image": "images/rank2_加拿大四名工_20260207_183531.jpg"
        },
        {
            "rank": 3,
            "title": "美国殡仪馆老板因虐待近200具尸体被判40年",
            "original_title": "Colorado funeral home director sentenced to 40 years for corpse abuse",
            "source_platform": "BBC News",
            "source_url": "https://www.bbc.com/news/articles/c0q4q7w237yo",
            "content": "美国科罗拉多州一家殡仪馆的老板因不当存放近200具腐烂尸体，并向家属提供虚假骨灰，被判处40年监禁。",
            "image": "images/rank3_美国殡仪馆老_20260207_183531.jpg"
        },
        {
            "rank": 4,
            "title": "警方调查新线索以寻找失踪主播母亲",
            "original_title": "Police investigating new message in search for mother of Savannah Guthrie",
            "source_platform": "BBC News",
            "source_url": "https://www.bbc.com/news/articles/c2e1e7nlegko",
            "content": "美国警方正在调查一条发送给当地电视台的新信息，该信息可能与新闻主播萨凡纳·格思里母亲的疑似绑架案有关。",
            "image": "images/rank4_警方调查新线_20260207_183531.jpg"
        },
        {
            "rank": 5,
            "title": "卫星图像显示伊朗正修复导弹与核设施",
            "original_title": "Iran Is at Work on Missile and Nuclear Sites, Satellite Images Show",
            "source_platform": "New York Times",
            "source_url": "https://www.nytimes.com/2026/02/06/world/middleeast/iran-missile-nuclear-repairs.html",
            "content": "卫星图像分析显示，伊朗正快速修复去年遭袭的弹道导弹设施，但对主要核设施的修复进展有限。",
            "image": "images/rank5_卫星图像显示_20260207_183531.jpg"
        },
        {
            "rank": 6,
            "title": "数学家探讨人工智能对数学领域的挑战",
            "original_title": "These Mathematicians Are Putting A.I. to the Test",
            "source_platform": "New York Times",
            "source_url": "https://www.nytimes.com/2026/02/07/science/mathematics-ai-proof-hairer.html",
            "content": "随着人工智能的崛起，数学家们正探讨AI是否会取代人类在数学领域的核心地位及其对学科“魔力”的影响。",
            "image": "images/rank6_数学家探讨人_20260207_183531.jpg"
        },
        {
            "rank": 7,
            "title": "优步因司机性侵案被判赔偿850万美元",
            "original_title": "Uber must pay $8.5 million in driver sexual assault case, jury says. Here’s what it could mean for thousands of similar cases",
            "source_platform": "CNN",
            "source_url": "https://edition.cnn.com/2026/02/06/tech/uber-sexual-assault-case-verdict",
            "content": "美国一陪审团裁定，优步公司因其司机强奸乘客需赔偿850万美元，此案可能为数千起类似索赔案设定先例。",
            "image": "images/rank7_优步因司机性_20260207_183531.jpg"
        },
        {
            "rank": 8,
            "title": "风暴“莱昂纳多”致西葡逾1.1万人撤离",
            "original_title": "Storm Leonardo forces more than 11,000 in Spain and Portugal to evacuate their homes",
            "source_platform": "Sky News",
            "source_url": "https://news.sky.com/story/storm-leonardo-forces-more-than-11-000-in-spain-and-portugal-to-evacuate-their-homes-13504289",
            "content": "风暴“莱昂纳多”带来的连续强风和暴雨袭击西班牙和葡萄牙，已导致至少1.1万人被迫撤离家园，并造成人员死亡。",
            "image": "images/rank8_风暴_莱昂纳_20260207_183531.jpg"
        },
        {
            "rank": 9,
            "title": "印度“植树奶奶”萨鲁马拉达逝世，享年约113岁",
            "original_title": "Saalumarada Thimmakka Dies; Planted and Nurtured Thousands of Trees",
            "source_platform": "New York Times",
            "source_url": "https://www.nytimes.com/2026/02/06/world/asia/saalumarada-thimmakka-dead.html",
            "content": "印度环保先驱萨鲁马拉达·蒂玛卡逝世，她因无法生育而将悲伤转化为行动，在七十多年间种植并照料了数千棵树。",
            "image": "images/rank9_印度_植树奶_20260207_183531.jpg"
        }
    ],
    "timestamp": "20260207_183531"
}