{
    "news": [
        {
            "rank": 0,
            "title": "【翻车】人设崩塌？争议不断的明星们经历了什么",
            "original_title": "",
            "source_platform": "",
            "source_url": "",
            "content": "",
            "image": ""
        },
        {
            "rank": 1,
            "title": "71岁演员凯瑟琳·奥哈拉去世，《小鬼当家》主演发文",
            "original_title": "",
            "source_platform": "腾讯娱乐",
            "source_url": "https://news.qq.com/rain/a/20260131A01XP600",
            "content": "71岁演员凯瑟琳·奥哈拉去世，《小鬼当家》主演发文",
            "image": "images/rank1_71岁演员凯_20260131_183355.jpg"
        },
        {
            "rank": 2,
            "title": "张呈雷淞然亮相央视春晚彩排",
            "original_title": "",
            "source_platform": "腾讯娱乐",
            "source_url": "https://news.qq.com/rain/a/20260130V06UAM00",
            "content": "张呈雷淞然亮相央视春晚彩排",
            "image": "images/rank2_张呈雷淞然亮_20260131_183355.jpg"
        },
        {
            "rank": 3,
            "title": "张雨绮代孕风波后现身迪拜，不敢回应争议",
            "original_title": "",
            "source_platform": "腾讯娱乐",
            "source_url": "https://news.qq.com/rain/a/20260131V02QY200",
            "content": "张雨绮代孕风波后现身迪拜，不敢回应争议",
            "image": "images/rank3_张雨绮代孕风_20260131_183355.jpg"
        },
        {
            "rank": 4,
            "title": "《乡村爱情18》赵四葬礼：刘能痛哭，谢广坤吓破胆",
            "original_title": "",
            "source_platform": "腾讯娱乐",
            "source_url": "https://news.qq.com/rain/a/20260130V05UGJ00",
            "content": "《乡村爱情18》赵四葬礼：刘能痛哭，谢广坤吓破胆",
            "image": "images/rank4__乡村爱情1_20260131_183355.jpg"
        },
        {
            "rank": 5,
            "title": "于和伟蝉联总台视帝，凭演技征服观众",
            "original_title": "",
            "source_platform": "腾讯娱乐",
            "source_url": "https://news.qq.com/rain/a/20260130V056VA00",
            "content": "于和伟蝉联总台视帝，凭演技征服观众",
            "image": "images/rank5_于和伟蝉联总_20260131_183355.jpg"
        },
        {
            "rank": 6,
            "title": "2026春节档电影票房预测：堪称神仙打架",
            "original_title": "",
            "source_platform": "腾讯娱乐",
            "source_url": "https://news.qq.com/rain/a/20260130V05JPD00",
            "content": "2026春节档电影票房预测：堪称神仙打架",
            "image": "images/rank6_2026春节_20260131_183355.jpg"
        },
        {
            "rank": 7,
            "title": "古巴宣布进入国际紧急状态",
            "original_title": "",
            "source_platform": "抖音热榜",
            "source_url": "https://www.douyin.com/hot/2384823",
            "content": "古巴宣布进入国际紧急状态",
            "image": "images/rank7_古巴宣布进入_20260131_183355.jpg"
        },
        {
            "rank": 8,
            "title": "应急管理部部长王祥喜被查",
            "original_title": "",
            "source_platform": "抖音热榜",
            "source_url": "https://www.douyin.com/hot/2385295",
            "content": "应急管理部部长王祥喜被查",
            "image": "images/rank8_应急管理部部_20260131_183355.jpg"
        },
        {
            "rank": 9,
            "title": "张帅组合获得澳网女双冠军",
            "original_title": "",
            "source_platform": "抖音热榜",
            "source_url": "https://www.douyin.com/hot/2384978",
            "content": "张帅组合获得澳网女双冠军",
            "image": "images/rank9_张帅组合获得_20260131_183355.jpg"
        }
    ],
    "timestamp": "20260131_183355"
}