{
    "news": [
        {
            "rank": 0,
            "title": "返程机票近万？",
            "original_title": "",
            "source_platform": "",
            "source_url": "",
            "content": "",
            "image": ""
        },
        {
            "rank": 1,
            "title": "春节返程高速上演“冰火两重天”",
            "original_title": "",
            "source_platform": "焦点24小时",
            "source_url": "https://baijiahao.baidu.com/s?id=1857937046015209883",
            "content": "春节返程高峰期间，高速一侧拥堵暂停，另一侧畅通无阻，形成鲜明对比。",
            "image": "images/rank1_春节返程高速_20260224_063733.jpg"
        },
        {
            "rank": 2,
            "title": "警号408015突然被点名",
            "original_title": "",
            "source_platform": "人民日报",
            "source_url": "https://baijiahao.baidu.com/s?id=1857897613024806039",
            "content": "云南民警赵顺云退休前最后一班岗被点名致敬，42年从警生涯获赞誉。",
            "image": "images/rank2_警号4080_20260224_063733.jpg"
        },
        {
            "rank": 3,
            "title": "小狗坐长途面相都变了",
            "original_title": "",
            "source_platform": "旅途天下",
            "source_url": "https://baijiahao.baidu.com/s?id=1857956763731803361",
            "content": "春运期间，小狗坐十几个小时长途车后，面相疲惫涣散，模样委屈。",
            "image": "images/rank3_小狗坐长途面_20260224_063733.jpg"
        },
        {
            "rank": 4,
            "title": "西安暴雪24小时内温差20度",
            "original_title": "",
            "source_platform": "深广电第一现场",
            "source_url": "https://baijiahao.baidu.com/s?id=1857924035447537668",
            "content": "西安遭遇罕见暴雪，24小时内温差超20℃，游客体验一日穿越冬夏。",
            "image": "images/rank4_西安暴雪24_20260224_063733.jpg"
        },
        {
            "rank": 5,
            "title": "北大团队实现芯片领域重要突破",
            "original_title": "",
            "source_platform": "全民小视频",
            "source_url": "https://baijiahao.baidu.com/s?id=1857929103323944766",
            "content": "北京大学科研团队在芯片技术领域取得重要突破，具体细节未公开。",
            "image": "images/rank5_北大团队实现_20260224_063733.jpg"
        },
        {
            "rank": 6,
            "title": "三亚飞北上广深机票逼近万元",
            "original_title": "",
            "source_platform": "环球时报新媒体",
            "source_url": "https://news.qq.com/rain/a/20260223A04VEP00",
            "content": "春节返程高峰，三亚飞往北上广深等核心城市机票价格逼近万元大关。",
            "image": "images/rank6_三亚飞北上广_20260224_063733.jpg"
        },
        {
            "rank": 7,
            "title": "问界通报“广东惠州车辆起火事件”",
            "original_title": "",
            "source_platform": "政事儿",
            "source_url": "https://news.qq.com/rain/a/20260223A03XBR00",
            "content": "问界汽车通报广东惠州车辆起火事件，初步调查判断非车辆自身原因导致。",
            "image": "images/rank7_问界通报_广_20260224_063733.jpg"
        },
        {
            "rank": 8,
            "title": "春节消费观察：反向团圆成主流",
            "original_title": "",
            "source_platform": "财联社",
            "source_url": "https://news.qq.com/rain/a/20260223A0616C00",
            "content": "春节消费数据显示，反向团圆成为主流，AI订单暴涨8倍，非遗团购消费大增。",
            "image": "images/rank8_春节消费观察_20260224_063733.jpg"
        },
        {
            "rank": 9,
            "title": "史上最贵iPhone或将到来",
            "original_title": "",
            "source_platform": "雷科技",
            "source_url": "https://www.toutiao.com/article/7609665681075847707/",
            "content": "消息称苹果计划今年量产iPhone Fold和iPhone 18 Pro，售价可能创历史新高。",
            "image": "images/rank9_史上最贵iP_20260224_063733.jpg"
        }
    ],
    "timestamp": "20260224_063733"
}