{
    "news": [
        {
            "rank": 0,
            "title": "炸锅！特朗普视频惹众怒",
            "original_title": "",
            "source_platform": "",
            "source_url": "",
            "content": "",
            "image": ""
        },
        {
            "rank": 1,
            "title": "特朗普分享种族主义视频后删除，引发两党谴责",
            "original_title": "Trump removes video with racist clip depicting Obamas as apes",
            "source_platform": "BBC News",
            "source_url": "https://www.bbc.com/news/articles/ce8r8y78g10o",
            "content": "美国总统特朗普在社交媒体分享了一段将奥巴马夫妇描绘成猿猴的种族主义视频，引发两党强烈批评后，该视频已被删除。",
            "image": "images/rank1_特朗普分享种_20260207_062043.jpg"
        },
        {
            "rank": 2,
            "title": "挪威王储妃为与爱泼斯坦的友谊公开致歉",
            "original_title": "Norway's crown princess apologises after pressure over Epstein friendship",
            "source_platform": "BBC News",
            "source_url": "https://www.bbc.com/news/articles/c78v8wx6jjxo",
            "content": "挪威王储妃梅特-玛丽特就她与已故性犯罪者爱泼斯坦长达三年的邮件往来，向挪威人民发表“深刻道歉”。",
            "image": "images/rank2_挪威王储妃为_20260207_062043.jpg"
        },
        {
            "rank": 3,
            "title": "中国酒店偷拍产业：情侣私密视频被直播给数千人",
            "original_title": "We had sex in a Chinese hotel, then found we had been broadcast to thousands",
            "source_platform": "BBC News",
            "source_url": "https://www.bbc.com/news/articles/c62rexy9y3no",
            "content": "一对情侣在深圳酒店入住后，发现其私密时刻被隐藏摄像头偷拍，视频被上传至社交平台供数千人付费观看。",
            "image": "images/rank3_中国酒店偷拍_20260207_062043.jpg"
        },
        {
            "rank": 4,
            "title": "说唱歌手Lil Jon之子失踪数日后被推定死亡",
            "original_title": "Son of rapper Lil Jon believed dead, days after going missing",
            "source_platform": "BBC News",
            "source_url": "https://www.bbc.com/news/articles/c4grg64l892o",
            "content": "美国说唱歌手Lil Jon的儿子在佐治亚州家中失踪数日后，警方在附近池塘发现一具遗体，初步认定是其本人。",
            "image": "images/rank4_说唱歌手Li_20260207_062043.jpg"
        },
        {
            "rank": 5,
            "title": "乌克兰士兵“死而复生”，被俘三年后与家人通话",
            "original_title": "Ukrainian mother's joy after phone call with son she thought had been killed",
            "source_platform": "BBC News",
            "source_url": "https://www.bbc.com/news/articles/cedwdljyx46o",
            "content": "一名被认定阵亡并已安葬的乌克兰士兵，在俄乌战俘交换中被释放，与以为他已牺牲的母亲通上电话。",
            "image": "images/rank5_乌克兰士兵__20260207_062043.jpg"
        },
        {
            "rank": 6,
            "title": "姐妹被困苏格兰古堡60英尺高墙，惊险求生",
            "original_title": "The sisters who got stuck in a Scottish castle",
            "source_platform": "CNN",
            "source_url": "https://edition.cnn.com/travel/sisters-stuck-scottish-castle-dunstaffnage-great-escapes",
            "content": "两名姐妹在苏格兰邓斯塔夫纳奇城堡游览时被困在约60英尺高的城墙顶部，一度面临险境。",
            "image": "images/rank6_姐妹被困苏格_20260207_062043.jpg"
        },
        {
            "rank": 7,
            "title": "罕见2000年前木乃伊肖像画拍出近89万美元",
            "original_title": "Striking 2,000-year-old mummy portrait sells for $889,000",
            "source_platform": "CNN",
            "source_url": "https://edition.cnn.com/2026/01/31/style/fayum-mummy-portrait-sothebys-masters-week",
            "content": "一幅来自罗马埃及时期、描绘一位眼神深邃男子的罕见木乃伊肖像画，在苏富比拍卖行以88.9万美元成交，远超估价。",
            "image": "images/rank7_罕见2000_20260207_062043.jpg"
        },
        {
            "rank": 8,
            "title": "美国东西部天气“冰火两重天”格局即将改变",
            "original_title": "The eastern US has been gripped by an Arctic freeze. That’s about to change",
            "source_platform": "CNN",
            "source_url": "https://edition.cnn.com/2026/02/06/weather/cold-east-warm-west-weather-pattern-change-climate",
            "content": "美国东部严寒、西部温暖的极端天气格局已持续数周，预计将在本周末迎来一次重大转变。",
            "image": "images/rank8_美国东西部天_20260207_062043.jpg"
        },
        {
            "rank": 9,
            "title": "日本首相高市早苗豪赌闪电选举，人气能否转化为选票？",
            "original_title": "Japan’s conservative leader bets big on Takaichi mania with snap election. Will her gamble pay off?",
            "source_platform": "CNN",
            "source_url": "https://edition.cnn.com/2026/02/06/asia/japan-sanae-takaichi-election-intl-hnk-dst",
            "content": "日本首相高市早苗上任仅三个月便宣布解散众议院举行大选，并承诺若自民党未获多数席位将辞职，政治豪赌引发关注。",
            "image": "images/rank9_日本首相高市_20260207_062043.jpg"
        }
    ],
    "timestamp": "20260207_062043"
}