{
    "news": [
        {
            "rank": 0,
            "title": "【翻车】人设崩塌？争议不断的明星们经历了什么",
            "original_title": "",
            "source_platform": "",
            "source_url": "",
            "content": "",
            "image": ""
        },
        {
            "rank": 1,
            "title": "李亚鹏直播5小时销售额超千万",
            "original_title": "",
            "source_platform": "腾讯娱乐",
            "source_url": "https://news.qq.com/rain/a/20260118A047OJ00",
            "content": "李亚鹏直播5小时销售额超千万",
            "image": "images/rank1_李亚鹏直播5_20260119_061808.jpg"
        },
        {
            "rank": 2,
            "title": "曝释小龙疑似酒驾",
            "original_title": "",
            "source_platform": "腾讯娱乐",
            "source_url": "https://news.qq.com/rain/a/20260118A05GJB00",
            "content": "曝释小龙疑似酒驾",
            "image": "images/rank2_曝释小龙疑似_20260119_061808.jpg"
        },
        {
            "rank": 3,
            "title": "王鹤棣演唱会与赵露思热舞",
            "original_title": "",
            "source_platform": "腾讯娱乐",
            "source_url": "https://news.qq.com/rain/a/20260118V04PA600",
            "content": "王鹤棣演唱会与赵露思热舞",
            "image": "images/rank3_王鹤棣演唱会_20260119_061808.jpg"
        },
        {
            "rank": 4,
            "title": "吴磊恋情疑曝光工作室回应",
            "original_title": "",
            "source_platform": "腾讯娱乐",
            "source_url": "https://news.qq.com/rain/a/20260118V06ZT800",
            "content": "吴磊恋情疑曝光工作室回应",
            "image": "images/rank4_吴磊恋情疑曝_20260119_061808.jpg"
        },
        {
            "rank": 5,
            "title": "徐帆牵徐朵遭拒引争议",
            "original_title": "",
            "source_platform": "腾讯娱乐",
            "source_url": "https://news.qq.com/rain/a/20260118V00RIE00",
            "content": "徐帆牵徐朵遭拒引争议",
            "image": "images/rank5_徐帆牵徐朵遭_20260119_061808.jpg"
        },
        {
            "rank": 6,
            "title": "孙怡董子健离婚后首互动",
            "original_title": "",
            "source_platform": "腾讯娱乐",
            "source_url": "https://news.qq.com/rain/a/20260118V0646B00",
            "content": "孙怡董子健离婚后首互动",
            "image": "images/rank6_孙怡董子健离_20260119_061808.jpg"
        },
        {
            "rank": 7,
            "title": "李幼斌：5大角色炼成定海神针",
            "original_title": "",
            "source_platform": "腾讯娱乐",
            "source_url": "https://news.qq.com/rain/a/20260117V04AMO00",
            "content": "李幼斌：5大角色炼成定海神针",
            "image": "images/rank7_李幼斌_5大_20260119_061808.jpg"
        },
        {
            "rank": 8,
            "title": "鄱阳湖鸟类之殇",
            "original_title": "",
            "source_platform": "抖音热榜",
            "source_url": "https://www.douyin.com/hot/2372175",
            "content": "鄱阳湖鸟类之殇",
            "image": "images/rank8_鄱阳湖鸟类之_20260119_061808.jpg"
        },
        {
            "rank": 9,
            "title": "误购火车票可限时免费退票",
            "original_title": "",
            "source_platform": "抖音热榜",
            "source_url": "https://www.douyin.com/hot/2371443",
            "content": "误购火车票可限时免费退票",
            "image": "images/rank9_误购火车票可_20260119_061808.jpg"
        }
    ],
    "timestamp": "20260119_061808"
}