{
    "news": [
        {
            "rank": 0,
            "title": "【轰动】01月17日娱乐圈再起风波，众明星或被卷入其中",
            "original_title": "",
            "source_platform": "",
            "source_url": "",
            "content": "",
            "image": ""
        },
        {
            "rank": 1,
            "title": "李湘被禁后频繁上线",
            "original_title": "",
            "source_platform": "腾讯娱乐",
            "source_url": "https://news.qq.com/rain/a/20260116V05AWE00",
            "content": "李湘被禁后频繁上线",
            "image": "images/rank1_李湘被禁后频_20260117_094155.jpg"
        },
        {
            "rank": 2,
            "title": "被欠薪4个月！42岁短剧演员送外卖",
            "original_title": "",
            "source_platform": "腾讯娱乐",
            "source_url": "https://news.qq.com/rain/a/20260116A05XY200",
            "content": "被欠薪4个月！42岁短剧演员送外卖",
            "image": "images/rank2_被欠薪4个月_20260117_094155.jpg"
        },
        {
            "rank": 3,
            "title": "鹿哈自曝经济紧张连30万都拿不出",
            "original_title": "",
            "source_platform": "腾讯娱乐",
            "source_url": "https://news.qq.com/rain/a/20260116V06FOA00",
            "content": "鹿哈自曝经济紧张连30万都拿不出",
            "image": "images/rank3_鹿哈自曝经济_20260117_094155.jpg"
        },
        {
            "rank": 4,
            "title": "“50+恋综”抓马出圈",
            "original_title": "",
            "source_platform": "腾讯娱乐",
            "source_url": "https://news.qq.com/rain/a/20260116A07N0W00",
            "content": "“50+恋综”抓马出圈",
            "image": "images/rank4__50_恋综_20260117_094155.jpg"
        },
        {
            "rank": 5,
            "title": "黄晓明发文感谢李秋萍",
            "original_title": "",
            "source_platform": "腾讯娱乐",
            "source_url": "https://news.qq.com/rain/a/20260116A06S0Q00",
            "content": "黄晓明发文感谢李秋萍",
            "image": "images/rank5_黄晓明发文感_20260117_094155.jpg"
        },
        {
            "rank": 6,
            "title": "童年女神们的“黑化”之路",
            "original_title": "",
            "source_platform": "腾讯娱乐",
            "source_url": "https://news.qq.com/rain/a/20260116A03DPY00",
            "content": "童年女神们的“黑化”之路",
            "image": "images/rank6_童年女神们的_20260117_094155.jpg"
        },
        {
            "rank": 7,
            "title": "郭有才中式大婚引热议",
            "original_title": "",
            "source_platform": "腾讯娱乐",
            "source_url": "https://news.qq.com/rain/a/20260116V071D900",
            "content": "郭有才中式大婚引热议",
            "image": "images/rank7_郭有才中式大_20260117_094155.jpg"
        },
        {
            "rank": 8,
            "title": "张予曦逆战音乐节唱《爱如火》",
            "original_title": "",
            "source_platform": "腾讯娱乐",
            "source_url": "https://news.qq.com/rain/a/20260116V07PRY00",
            "content": "张予曦逆战音乐节唱《爱如火》",
            "image": "images/rank8_张予曦逆战音_20260117_094155.jpg"
        },
        {
            "rank": 9,
            "title": "加拿大将进口4.9万辆中国电车",
            "original_title": "",
            "source_platform": "抖音热榜",
            "source_url": "https://www.douyin.com/hot/2370315",
            "content": "加拿大将进口4.9万辆中国电车",
            "image": "images/rank9_加拿大将进口_20260117_094155.jpg"
        }
    ],
    "timestamp": "20260117_094155"
}