{
    "news": [
        {
            "rank": 0,
            "title": "自嗨锅输给方便面？",
            "original_title": "",
            "source_platform": "",
            "source_url": "",
            "content": "",
            "image": ""
        },
        {
            "rank": 1,
            "title": "泰国机场凌晨堵满中国人",
            "original_title": "",
            "source_platform": "极目新闻",
            "source_url": "https://baijiahao.baidu.com/s?id=1857266455924858032",
            "content": "春节期间赴泰旅游火爆，泰国机场凌晨排起长队，游客称入境需1个多小时，多个旅行社春节泰国游项目售罄。",
            "image": "images/rank1_泰国机场凌晨_20260216_185705.jpg"
        },
        {
            "rank": 2,
            "title": "30元自嗨锅输给5元方便面",
            "original_title": "",
            "source_platform": "新周刊",
            "source_url": "https://baijiahao.baidu.com/s?id=1857273558450926875",
            "content": "曾经风靡一时的自嗨锅市场遇冷，消费者更青睐省时省力且口感更好的方便面，反映速食市场回归理性。",
            "image": "images/rank2_30元自嗨锅_20260216_185705.jpg"
        },
        {
            "rank": 3,
            "title": "小伙带女友回家受列队欢迎",
            "original_title": "",
            "source_platform": "都市快报橙柿互动",
            "source_url": "https://baijiahao.baidu.com/s?id=1857261401019474671",
            "content": "安徽临泉小伙带相恋2年的女友首次回家，全家10几口人列队热情迎接，父亲表示要让女孩感受到家庭温暖。",
            "image": "images/rank3_小伙带女友回_20260216_185705.jpg"
        },
        {
            "rank": 4,
            "title": "杨利伟透露首批航天员停航",
            "original_title": "",
            "source_platform": "IT之家",
            "source_url": "https://news.qq.com/rain/a/20260215A04WNU00",
            "content": "中国载人航天工程副总设计师杨利伟透露，我国第一批航天员已在2025年10月停航，但随时准备为祖国重返太空。",
            "image": "images/rank4_杨利伟透露首_20260216_185705.jpg"
        },
        {
            "rank": 5,
            "title": "国投白银LOF补偿方案公布",
            "original_title": "",
            "source_platform": "界面新闻",
            "source_url": "https://news.qq.com/rain/a/20260215A06PNY00",
            "content": "国投瑞银基金公布白银基金补偿方案，受白银市场价格极端行情影响进行估值调整，1000元以下损失全额补偿。",
            "image": "images/rank5_国投白银LO_20260216_185705.jpg"
        },
        {
            "rank": 6,
            "title": "新娘结婚当天才知伴郎团全帅哥",
            "original_title": "",
            "source_platform": "重庆城市TV生活",
            "source_url": "https://www.toutiao.com/video/7607109966205304872",
            "content": "新娘在结婚当天惊喜发现伴郎团全是帅哥，视频引发网友热议，成为婚礼上的意外亮点。",
            "image": "images/rank6_新娘结婚当天_20260216_185705.jpg"
        },
        {
            "rank": 7,
            "title": "硬核老丈人三女婚事都简办",
            "original_title": "",
            "source_platform": "河南日报",
            "source_url": "https://www.toutiao.com/video/7607294658330574902/",
            "content": "一位父亲坚持为三个女儿的婚事都从简办理，倡导节俭新风，视频引发网友点赞，被称为“硬核老丈人”。",
            "image": "images/rank7_硬核老丈人三_20260216_185705.jpg"
        },
        {
            "rank": 8,
            "title": "外国人也爱上中国年",
            "original_title": "",
            "source_platform": "三湘都市报",
            "source_url": "https://www.toutiao.com/article/7607388293533139494/",
            "content": "来到中国的外国人积极参与春节庆祝，学说吉祥话送祝福，体验中国传统文化，表达对马年的美好祝愿。",
            "image": "images/rank8_外国人也爱上_20260216_185705.jpg"
        },
        {
            "rank": 9,
            "title": "拼手气红包怎么抢最大",
            "original_title": "",
            "source_platform": "青蜂侠",
            "source_url": "https://www.toutiao.com/video/7607316595031212038/",
            "content": "春节抢红包技巧引发关注，网友分享如何提高抢到拼手气红包最大金额的概率，成为节日热门话题。",
            "image": "images/rank9_拼手气红包怎_20260216_185705.jpg"
        }
    ],
    "timestamp": "20260216_185705"
}