{
    "news": [
        {
            "rank": 0,
            "title": "王室危机！伊朗抗议！",
            "original_title": "",
            "source_platform": "",
            "source_url": "",
            "content": "",
            "image": ""
        },
        {
            "rank": 1,
            "title": "安德鲁丑闻成威廉未来国王的难题",
            "original_title": "Andrew is Prince William's problem too - and it makes his future job harder",
            "source_platform": "BBC News",
            "source_url": "https://www.bbc.com/news/articles/c5y6kgky2evo",
            "content": "安德鲁王子被捕事件持续发酵，分析指出这给未来国王威廉王子的工作带来巨大挑战，并可能损害王室声誉。",
            "image": "images/rank1_安德鲁丑闻成_20260222_183457.jpg"
        },
        {
            "rank": 2,
            "title": "巴基斯坦空袭阿富汗致数十人死伤",
            "original_title": "Pakistan launches strikes on Afghanistan, with Taliban saying dozens killed",
            "source_platform": "BBC News",
            "source_url": "https://www.bbc.com/news/articles/cdxgln3gnd6o",
            "content": "巴基斯坦对阿富汗境内目标发动空袭，塔利班称袭击造成数十人伤亡，包括妇女儿童。巴方称此举是对近期自杀式袭击的回应。",
            "image": "images/rank2_巴基斯坦空袭_20260222_183457.jpg"
        },
        {
            "rank": 3,
            "title": "伊朗学生举行大规模反政府抗议",
            "original_title": "Iran students stage first large anti-government protests since deadly crackdown",
            "source_platform": "BBC News",
            "source_url": "https://www.bbc.com/news/articles/c5yj2kzkrj0o",
            "content": "伊朗多所大学学生举行反政府抗议活动，这是自上月当局血腥镇压以来的首次大规模集会。",
            "image": "images/rank3_伊朗学生举行_20260222_183457.jpg"
        },
        {
            "rank": 4,
            "title": "特朗普将全球关税提高至15%",
            "original_title": "Trump says he will increase his new global tariffs to 15%",
            "source_platform": "BBC News",
            "source_url": "https://www.bbc.com/news/articles/cn8z48xwqn3o",
            "content": "美国总统特朗普宣布，将把新的全球进口关税税率从10%提高至15%，以回应最高法院此前推翻其关税政策的裁决。",
            "image": "images/rank4_特朗普将全球_20260222_183457.jpg"
        },
        {
            "rank": 5,
            "title": "特朗普政策蓝图“2025计划”过半已实施",
            "original_title": "From Venezuela to immigration crackdown, Project 2025 provided Trump's roadmap",
            "source_platform": "BBC News",
            "source_url": "https://www.bbc.com/news/articles/c5yvvjw8pdvo",
            "content": "分析显示，特朗普第二任期过半政策与保守派智库“遗产基金会”制定的“2025计划”蓝图相符，包括移民打击和外交转向。",
            "image": "images/rank5_特朗普政策蓝_20260222_183457.jpg"
        },
        {
            "rank": 6,
            "title": "研究质疑英国Z世代“宗教复兴”数据",
            "original_title": "We thought Gen Z had started going to church in droves. But the truth is more complicated",
            "source_platform": "BBC News",
            "source_url": "https://www.bbc.com/news/articles/c0k1jddl51no",
            "content": "一份报告称英国Z世代涌向教堂，但专家质疑其调查方法，其他数据显示基督教长期衰退趋势未变。",
            "image": "images/rank6_研究质疑英国_20260222_183457.jpg"
        },
        {
            "rank": 7,
            "title": "俄前出租车司机被指策划欧洲破坏行动",
            "original_title": "The Ex-Taxi Driver at the Center of Russia’s Shadow War",
            "source_platform": "New York Times",
            "source_url": "https://www.nytimes.com/2026/02/22/world/europe/russia-sabotage-europe.html",
            "content": "西方安全官员称，一名俄罗斯前出租车司机在俄情报部门协助下，策划了针对波兰、立陶宛等欧洲多国的破坏行动。",
            "image": "images/rank7_俄前出租车司_20260222_183457.jpg"
        },
        {
            "rank": 8,
            "title": "加州雪崩致九名滑雪者遇难",
            "original_title": "Close friends and sisters among nine skiers killed in California avalanche",
            "source_platform": "Sky News",
            "source_url": "https://news.sky.com/story/close-friends-and-sisters-among-nine-skiers-killed-in-california-avalanche-13510632",
            "content": "美国加州发生雪崩，九名越野滑雪者遇难，其中包括六位关系密切的朋友和母亲。恶劣天气阻碍了救援。",
            "image": "images/rank8_加州雪崩致九_20260222_183457.jpg"
        },
        {
            "rank": 9,
            "title": "挪威速滑老将40岁再夺奥运金牌",
            "original_title": "For Dutch speedskater, age doesn’t matter.",
            "source_platform": "New York Times",
            "source_url": "https://www.nytimes.com/2026/02/21/world/speedskating-jordan-stolz.html",
            "content": "40岁的荷兰速滑名将伯格兹马在冬奥会男子集体出发项目中夺冠，为荷兰男子项目赢得本届赛事首金。",
            "image": "images/rank9_挪威速滑老将_20260222_183457.jpg"
        }
    ],
    "timestamp": "20260222_183457"
}