{
    "news": [
        {
            "rank": 0,
            "title": "AI视频要颠覆行业？",
            "original_title": "",
            "source_platform": "",
            "source_url": "",
            "content": "",
            "image": ""
        },
        {
            "rank": 1,
            "title": "永州1200年古树燃烧近10小时终扑灭",
            "original_title": "",
            "source_platform": "潇湘晨报",
            "source_url": "https://baijiahao.baidu.com/s?id=1856720864377412710",
            "content": "湖南永州一棵1200年树龄的古樟树起火，燃烧近10小时后被扑灭，当地政府表示古树仍有救治希望。",
            "image": "images/rank1_永州1200_20260210_190159.jpg"
        },
        {
            "rank": 2,
            "title": "村书记记录下村民的0岁到102岁",
            "original_title": "",
            "source_platform": "新华社",
            "source_url": "https://baijiahao.baidu.com/s?id=1856732607524161349",
            "content": "安徽广德前程村村书记拍摄视频记录村民从0岁到102岁的年龄跨度，引发网友情感共鸣。",
            "image": "images/rank2_村书记记录下_20260210_190159.jpg"
        },
        {
            "rank": 3,
            "title": "天南地北的年货都来了",
            "original_title": "",
            "source_platform": "央视新闻",
            "source_url": "https://baijiahao.baidu.com/s?id=1856708308977137861",
            "content": "年货市场开启，云南红糖、新疆羊肉等各地特色产品齐聚，物流与电商助力年货流动更丰富。",
            "image": "images/rank3_天南地北的年_20260210_190159.jpg"
        },
        {
            "rank": 4,
            "title": "亲哥去世 弟弟到底能不能请丧葬假",
            "original_title": "",
            "source_platform": "大众日报",
            "source_url": "https://baijiahao.baidu.com/s?id=1856660084397106041",
            "content": "北京一厨师因亲哥去世请假被辞退，法院判决公司解雇违法，需支付赔偿金，事假合理性受关注。",
            "image": "images/rank4_亲哥去世_弟_20260210_190159.jpg"
        },
        {
            "rank": 5,
            "title": "两位外国人从海南打车到哈尔滨",
            "original_title": "",
            "source_platform": "极目新闻",
            "source_url": "https://baijiahao.baidu.com/s?id=1856715196522585549",
            "content": "两位外国友人打车从海南到约4000公里外的哈尔滨，视频走红网络，司机罗师傅已返回海口。",
            "image": "images/rank5_两位外国人从_20260210_190159.jpg"
        },
        {
            "rank": 6,
            "title": "瑞幸咖啡杯套把“假”字写错了",
            "original_title": "",
            "source_platform": "红星新闻",
            "source_url": "https://baijiahao.baidu.com/s?id=1856716977917894202",
            "content": "瑞幸咖啡与线条小狗联名杯套宣传语出现错别字，将“假期心里也都是你”中的“假”字写错。",
            "image": "images/rank6_瑞幸咖啡杯套_20260210_190159.jpg"
        },
        {
            "rank": 7,
            "title": "0.38分之差！谷爱凌坡障决赛屈居亚军",
            "original_title": "",
            "source_platform": "全景体育",
            "source_url": "https://news.qq.com/rain/a/20260209A06ST700",
            "content": "米兰冬奥会自由式滑雪女子坡面障碍技巧决赛，谷爱凌以0.38分之差获银牌，连续两届冬奥会摘银。",
            "image": "images/rank7_0_38分之_20260210_190159.jpg"
        },
        {
            "rank": 8,
            "title": "Seedance2.0爆火出圈 被称“颠覆行业”",
            "original_title": "",
            "source_platform": "科创板日报",
            "source_url": "https://www.toutiao.com/article/7604671990665937443/",
            "content": "字节跳动推出AI视频生成模型Seedance2.0，可根据文本或图像在60秒内生成带音频的多镜头视频。",
            "image": "images/rank8_Seedan_20260210_190159.jpg"
        },
        {
            "rank": 9,
            "title": "涠洲岛网红鲸鱼“刀疤哥”遭渔船撞击",
            "original_title": "",
            "source_platform": "大河报",
            "source_url": "https://www.toutiao.com/article/7605154968747688483/",
            "content": "广西北海涠洲岛海域，一艘渔船撞击布氏鲸致其背部受伤，该鲸鱼为国家一级保护野生动物。",
            "image": "images/rank9_涠洲岛网红鲸_20260210_190159.jpg"
        }
    ],
    "timestamp": "20260210_190159"
}