{
    "news": [
        {
            "rank": 0,
            "title": "特朗普怒斥法官，全球关税战再起",
            "original_title": "",
            "source_platform": "",
            "source_url": "",
            "content": "",
            "image": ""
        },
        {
            "rank": 1,
            "title": "加拿大寻求贸易谈判，美最高法院推翻特朗普关税",
            "original_title": "Canada looks to trade talks after US Supreme Court tosses Trump's tariffs",
            "source_platform": "BBC News",
            "source_url": "https://www.bbc.com/news/articles/cly8r1n46yqo",
            "content": "美国最高法院裁定特朗普全球关税违宪，加拿大对此表示欢迎，但强调仍需应对钢铁、汽车等领域的遗留关税，并准备启动美墨加贸易协定的审议。",
            "image": "images/rank1_加拿大寻求贸_20260221_183522.jpg"
        },
        {
            "rank": 2,
            "title": "药物副作用引发成瘾，数百患者向BBC倾诉",
            "original_title": "'That's me!': Hundreds tell BBC how medication triggered gambling and other addictions",
            "source_platform": "BBC News",
            "source_url": "https://www.bbc.com/news/articles/ce948d9gxevo",
            "content": "数百名患者向BBC表示，用于治疗帕金森等疾病的药物引发了赌博、性瘾等冲动行为，导致巨额债务和家庭破裂，而医生对此警告不足。",
            "image": "images/rank2_药物副作用引_20260221_183522.jpg"
        },
        {
            "rank": 3,
            "title": "法国极左翼因学生被杀案陷入困境",
            "original_title": "Killing of nationalist student leaves French far left in deep trouble as elections loom",
            "source_platform": "BBC News",
            "source_url": "https://www.bbc.com/news/articles/cnv61zv534eo",
            "content": "一名民族主义学生在里昂被疑似极左翼分子杀害，导致法国极左翼政党“不屈法国”及其领袖梅朗雄遭到广泛谴责，可能改变法国政治格局。",
            "image": "images/rank3_法国极左翼因_20260221_183522.jpg"
        },
        {
            "rank": 4,
            "title": "特朗普称考虑对伊朗进行有限军事打击",
            "original_title": "Trump says he is considering limited military strike on Iran",
            "source_platform": "BBC News",
            "source_url": "https://www.bbc.com/news/articles/cdxzk4gvzp0o",
            "content": "美国总统特朗普表示，为施压伊朗达成核协议，他正考虑对伊朗进行有限军事打击，并称世界将在十天内知晓结果。",
            "image": "images/rank4_特朗普称考虑_20260221_183522.jpg"
        },
        {
            "rank": 5,
            "title": "曼迪·摩尔夫妇在洛杉矶大火后重建梦想家园",
            "original_title": "Mandy Moore and Taylor Goldsmith nearly lost their dream home in the LA fires. Here’s how they rebuilt",
            "source_platform": "CNN",
            "source_url": "https://edition.cnn.com/2026/02/11/style/mandy-moore-home-altadena-ad",
            "content": "美国女星曼迪·摩尔夫妇位于洛杉矶的梦想家园在去年野火中严重受损，他们耗时数年进行重建，并在《建筑文摘》中分享了这一历程。",
            "image": "images/rank5_曼迪_摩尔夫_20260221_183522.jpg"
        },
        {
            "rank": 6,
            "title": "波兰维利奇卡盐矿：欧洲最奇特的地下景点",
            "original_title": "The underground salt kingdom that became one of Europe’s strangest attractions",
            "source_platform": "CNN",
            "source_url": "https://edition.cnn.com/travel/wieliczka-salt-mine-tours-poland",
            "content": "波兰维利奇卡盐矿拥有700年历史，如今成为联合国教科文组织世界遗产，每日吸引数千游客深入地下，探索这座由盐构成的“地下王国”。",
            "image": "images/rank6_波兰维利奇卡_20260221_183522.jpg"
        },
        {
            "rank": 7,
            "title": "布里斯班公布23亿美元奥运场馆设计引争议",
            "original_title": "Plans for $2.3 billion stadium ignite debate in 2032 Olympics host city",
            "source_platform": "CNN",
            "source_url": "https://edition.cnn.com/2026/01/07/style/australia-brisbane-olympic-stadium-victoria-park-hnk-intl",
            "content": "澳大利亚布里斯班公布2032年奥运会主场馆设计，灵感源自当地“昆士兰”式住宅，但耗资23亿美元在遗产公园内新建场馆的计划引发争议。",
            "image": "images/rank7_布里斯班公布_20260221_183522.jpg"
        },
        {
            "rank": 8,
            "title": "哥伦比亚叛军用廉价无人机挑战政府军",
            "original_title": "How $600 Drones Are Outsmarting Colombia’s Billion-Dollar Military",
            "source_platform": "New York Times",
            "source_url": "https://www.nytimes.com/2026/02/21/world/americas/colombia-combat-drones-military.html",
            "content": "哥伦比亚反政府武装使用数百美元的商用无人机，改装后携带手榴弹攻击政府军和设施，以低成本战术挑战数十亿美元的国防预算。",
            "image": "images/rank8_哥伦比亚叛军_20260221_183522.jpg"
        },
        {
            "rank": 9,
            "title": "奥地利阿尔卑斯山发生雪崩致三人死亡",
            "original_title": "3 People Are Killed in Series of Avalanches in Austrian Alps",
            "source_platform": "New York Times",
            "source_url": "https://www.nytimes.com/2026/02/20/world/europe/austrian-alps-avalanche-skiing-death.html",
            "content": "奥地利阿尔卑斯山区发生一系列雪崩，导致三名滑雪者死亡，其中包括一名偏离标记滑道的德国男子及其儿子。",
            "image": "images/rank9_奥地利阿尔卑_20260221_183522.jpg"
        }
    ],
    "timestamp": "20260221_183522"
}