{
    "news": [
        {
            "rank": 0,
            "title": "风暴眼：全球炸锅！",
            "original_title": "",
            "source_platform": "",
            "source_url": "",
            "content": "",
            "image": ""
        },
        {
            "rank": 1,
            "title": "前奥运选手涉跨国贩毒在墨西哥被捕",
            "original_title": "Alleged drug kingpin and ex-Olympian Ryan Wedding arrested after years on the run",
            "source_platform": "BBC News",
            "source_url": "https://www.bbc.com/news/articles/cj0nd8z1z59o",
            "content": "前加拿大奥运滑雪板选手、被指控为贩毒集团头目的瑞安·韦丁在墨西哥被捕，将被引渡至美国。",
            "image": "images/rank1_前奥运选手涉_20260124_061629.jpg"
        },
        {
            "rank": 2,
            "title": "哈里王子呼吁尊重北约士兵牺牲",
            "original_title": "Harry says sacrifices by Nato troops in Afghanistan deserve 'respect'",
            "source_platform": "BBC News",
            "source_url": "https://www.bbc.com/news/articles/clym2l7d75eo",
            "content": "哈里王子回应特朗普言论，呼吁应“真实且尊重地”谈论北约士兵在阿富汗的牺牲。",
            "image": "images/rank2_哈里王子呼吁_20260124_061629.jpg"
        },
        {
            "rank": 3,
            "title": "贝克汉姆长子婚礼DJ曝尴尬舞蹈内幕",
            "original_title": "Brooklyn Beckham's wedding DJ speaks about 'awkward' dance",
            "source_platform": "BBC News",
            "source_url": "https://www.bbc.com/news/articles/cp8220err46o",
            "content": "婚礼DJ称，歌手马克·安东尼误邀维多利亚上台，导致新娘哭泣离场，场面十分尴尬。",
            "image": "images/rank3_贝克汉姆长子_20260124_061629.jpg"
        },
        {
            "rank": 4,
            "title": "明尼苏达州企业罢工抗议移民执法",
            "original_title": "Minnesota holds economic strike to protest ICE presence",
            "source_platform": "BBC News",
            "source_url": "https://www.bbc.com/news/articles/c1dk67g4q91o",
            "content": "数百家企业关闭，居民被呼吁停止工作与购物，以抗议美国移民与海关执法局在当地的活动。",
            "image": "images/rank4_明尼苏达州企_20260124_061629.jpg"
        },
        {
            "rank": 5,
            "title": "澳大利亚东海岸48小时内连发四起鲨鱼袭人事件",
            "original_title": "Four attacks in 48 hours: How east Australia's beaches became a 'perfect storm' for sharks",
            "source_platform": "BBC News",
            "source_url": "https://www.bbc.com/news/articles/c0err023g5lo",
            "content": "悉尼及附近海岸在48小时内发生四起鲨鱼袭击事件，专家称暴雨等环境因素或为诱因。",
            "image": "images/rank5_澳大利亚东海_20260124_061629.jpg"
        },
        {
            "rank": 6,
            "title": "法国高铁新设“禁止儿童”高级车厢引争议",
            "original_title": "Outcry after France’s famed TGV rail service bans children from new premium-class carriage",
            "source_platform": "CNN",
            "source_url": "https://edition.cnn.com/2026/01/23/travel/tgv-rail-bans-children-france-intl-scli",
            "content": "法国高铁TGV INOUI推出禁止儿童入内的新高级车厢，旨在提供安静空间，但引发公众强烈反弹。",
            "image": "images/rank6_法国高铁新设_20260124_061629.jpg"
        },
        {
            "rank": 7,
            "title": "皮草时尚在争议中悄然回归",
            "original_title": "Everyone’s trying to feel good about wearing fur",
            "source_platform": "CNN",
            "source_url": "https://edition.cnn.com/2026/01/23/style/vintage-fur-shearling-trend",
            "content": "曾被视为禁忌的动物皮草外套，如今在纽约等城市街头重新流行，引发关于时尚与伦理的讨论。",
            "image": "images/rank7_皮草时尚在争_20260124_061629.jpg"
        },
        {
            "rank": 8,
            "title": "美俄乌三方在阿布扎比举行首次和平会谈",
            "original_title": "Ukrainian, Russian and U.S. Officials Meet in Abu Dhabi for Peace Talks",
            "source_platform": "New York Times",
            "source_url": "https://www.nytimes.com/2026/01/23/world/europe/ukraine-russia-war-us-peace-talks-abu-dhabi.html",
            "content": "乌克兰、俄罗斯和美国官员在阿联酋举行三方会谈，这是自战争爆发以来的首次，标志着和平努力取得进展。",
            "image": "images/rank8_美俄乌三方在_20260124_061629.jpg"
        },
        {
            "rank": 9,
            "title": "南非法院驳回阻止曼德拉纪念品拍卖的上诉",
            "original_title": "Nelson Mandela Memorabilia Can Go to Auction, Court Says",
            "source_platform": "New York Times",
            "source_url": "https://www.nytimes.com/2026/01/23/world/africa/nelson-mandela-memorabilia-auction.html",
            "content": "南非法院裁定，曼德拉的女儿及前狱警可拍卖其个人纪念品，包括各国元首赠礼及个人物品。",
            "image": "images/rank9_南非法院驳回_20260124_061629.jpg"
        }
    ],
    "timestamp": "20260124_061629"
}