{
    "news": [
        {
            "rank": 0,
            "title": "【轰动】风波再起！众明星卷入，谁能独善其身？",
            "original_title": "",
            "source_platform": "",
            "source_url": "",
            "content": "",
            "image": ""
        },
        {
            "rank": 1,
            "title": "平台辟谣否认白珊珊被盗号",
            "original_title": "",
            "source_platform": "腾讯娱乐",
            "source_url": "https://news.qq.com/rain/a/20260119A059B700",
            "content": "平台辟谣否认白珊珊被盗号",
            "image": "images/rank1_平台辟谣否认_20260119_183814.jpg"
        },
        {
            "rank": 2,
            "title": "央视春晚彩排：37位明星亮相",
            "original_title": "",
            "source_platform": "腾讯娱乐",
            "source_url": "https://news.qq.com/rain/a/20260119A028LE00",
            "content": "央视春晚彩排：37位明星亮相",
            "image": "images/rank2_央视春晚彩排_20260119_183814.jpg"
        },
        {
            "rank": 3,
            "title": "王鹤棣演唱会与赵露思热舞",
            "original_title": "",
            "source_platform": "腾讯娱乐",
            "source_url": "https://news.qq.com/rain/a/20260118V04PA600",
            "content": "王鹤棣演唱会与赵露思热舞",
            "image": "images/rank3_王鹤棣演唱会_20260119_183814.jpg"
        },
        {
            "rank": 4,
            "title": "李幼斌：5大角色炼成定海神针",
            "original_title": "",
            "source_platform": "腾讯娱乐",
            "source_url": "https://news.qq.com/rain/a/20260117V04AMO00",
            "content": "李幼斌：5大角色炼成定海神针",
            "image": "images/rank4_李幼斌_5大_20260119_183814.jpg"
        },
        {
            "rank": 5,
            "title": "神20成功着陆",
            "original_title": "",
            "source_platform": "抖音热榜",
            "source_url": "https://www.douyin.com/hot/2372453",
            "content": "神20成功着陆",
            "image": "images/rank5_神20成功着_20260119_183814.jpg"
        },
        {
            "rank": 6,
            "title": "国务院挂牌督办包钢爆炸事故",
            "original_title": "",
            "source_platform": "抖音热榜",
            "source_url": "https://www.douyin.com/hot/2372757",
            "content": "国务院挂牌督办包钢爆炸事故",
            "image": "images/rank6_国务院挂牌督_20260119_183814.jpg"
        },
        {
            "rank": 7,
            "title": "河南进入雨雪最强时段",
            "original_title": "",
            "source_platform": "抖音热榜",
            "source_url": "https://www.douyin.com/hot/2372603",
            "content": "河南进入雨雪最强时段",
            "image": "images/rank7_河南进入雨雪_20260119_183814.jpg"
        },
        {
            "rank": 8,
            "title": "传统口技表演《武松打虎》",
            "original_title": "",
            "source_platform": "BBoxer酋长",
            "source_url": "https://www.bilibili.com/video/BV1PurRBcEk8",
            "content": "传统口技表演《武松打虎》",
            "image": "images/rank8_传统口技表演_20260119_183814.jpg"
        },
        {
            "rank": 9,
            "title": "《鸣潮》动画短片 | 拯救",
            "original_title": "",
            "source_platform": "鸣潮",
            "source_url": "https://www.bilibili.com/video/BV13MrQBPEec",
            "content": "《鸣潮》动画短片 | 拯救",
            "image": "images/rank9__鸣潮_动画_20260119_183814.jpg"
        }
    ],
    "timestamp": "20260119_183814"
}