{
    "news": [
        {
            "rank": 0,
            "title": "【轰动】风波再起！众明星卷入，谁能独善其身？",
            "original_title": "",
            "source_platform": "",
            "source_url": "",
            "content": "",
            "image": ""
        },
        {
            "rank": 1,
            "title": "《生命树》官宣定档",
            "original_title": "",
            "source_platform": "腾讯娱乐",
            "source_url": "https://news.qq.com/rain/a/20260127V02RLW00",
            "content": "《生命树》官宣定档",
            "image": "images/rank1__生命树_官_20260127_140328.jpg"
        },
        {
            "rank": 2,
            "title": "翟宇佳凭什么逆袭成实力派演员",
            "original_title": "",
            "source_platform": "腾讯娱乐",
            "source_url": "https://news.qq.com/rain/a/20260127V00BBQ00",
            "content": "翟宇佳凭什么逆袭成实力派演员",
            "image": "images/rank2_翟宇佳凭什么_20260127_140328.jpg"
        },
        {
            "rank": 3,
            "title": "妈妈的味道离家多久都不会忘",
            "original_title": "",
            "source_platform": "抖音热榜",
            "source_url": "https://www.douyin.com/hot/2380761",
            "content": "妈妈的味道离家多久都不会忘",
            "image": "images/rank3_妈妈的味道离_20260127_140328.jpg"
        },
        {
            "rank": 4,
            "title": "尼帕病毒人际传播效率相对较低",
            "original_title": "",
            "source_platform": "抖音热榜",
            "source_url": "https://www.douyin.com/hot/2380604",
            "content": "尼帕病毒人际传播效率相对较低",
            "image": "images/rank4_尼帕病毒人际_20260127_140328.jpg"
        },
        {
            "rank": 5,
            "title": "2026年经济九大风向",
            "original_title": "",
            "source_platform": "抖音热榜",
            "source_url": "https://www.douyin.com/hot/2380959",
            "content": "2026年经济九大风向",
            "image": "images/rank5_2026年经_20260127_140328.jpg"
        },
        {
            "rank": 6,
            "title": "国科大星际航行学院正式成立",
            "original_title": "",
            "source_platform": "抖音热榜",
            "source_url": "https://www.douyin.com/hot/2380695",
            "content": "国科大星际航行学院正式成立",
            "image": "images/rank6_国科大星际航_20260127_140328.jpg"
        },
        {
            "rank": 7,
            "title": "如何防控尼帕病毒",
            "original_title": "",
            "source_platform": "抖音热榜",
            "source_url": "https://www.douyin.com/hot/2380063",
            "content": "如何防控尼帕病毒",
            "image": "images/rank7_如何防控尼帕_20260127_140328.jpg"
        },
        {
            "rank": 8,
            "title": "万亿城区来了",
            "original_title": "",
            "source_platform": "抖音热榜",
            "source_url": "https://www.douyin.com/hot/2380759",
            "content": "万亿城区来了",
            "image": "images/rank8_万亿城区来了_20260127_140328.jpg"
        },
        {
            "rank": 9,
            "title": "舒马赫已可以借助轮椅活动",
            "original_title": "",
            "source_platform": "抖音热榜",
            "source_url": "https://www.douyin.com/hot/2380584",
            "content": "舒马赫已可以借助轮椅活动",
            "image": "images/rank9_舒马赫已可以_20260127_140328.jpg"
        }
    ],
    "timestamp": "20260127_140328"
}