{
    "news": [
        {
            "rank": 0,
            "title": "世界重回丛林法则？",
            "original_title": "",
            "source_platform": "",
            "source_url": "",
            "content": "",
            "image": ""
        },
        {
            "rank": 1,
            "title": "美国边境巡逻队在明尼阿波利斯枪杀公民护士",
            "original_title": "What we know about fatal shooting of Alex Pretti by federal agents in Minneapolis",
            "source_platform": "BBC News",
            "source_url": "https://www.bbc.com/news/articles/c20zjyxep99o",
            "content": "美国联邦特工在明尼阿波利斯枪杀一名37岁的ICU护士，家属指控当局关于其持枪的说法是“令人作呕的谎言”。",
            "image": "images/rank1_美国边境巡逻_20260125_183040.jpg"
        },
        {
            "rank": 2,
            "title": "徒手攀岩家霍诺德无保护登顶台北101",
            "original_title": "Climber Alex Honnold scales 101-floor skyscraper without safety gear",
            "source_platform": "BBC News",
            "source_url": "https://www.bbc.com/news/articles/c4gl0njzxjdo",
            "content": "美国著名徒手攀岩家亚历克斯·霍诺德在无绳索保护下，耗时1小时31分钟成功登顶508米高的台北101摩天大楼。",
            "image": "images/rank2_徒手攀岩家霍_20260125_183040.jpg"
        },
        {
            "rank": 3,
            "title": "特朗普威胁对加拿大商品征收100%关税",
            "original_title": "Trump threatens Canada with 100% tariffs if it 'makes a deal with China'",
            "source_platform": "BBC News",
            "source_url": "https://www.bbc.com/news/articles/cy4qww3w72lo",
            "content": "美国总统特朗普威胁称，若加拿大与中国达成贸易协议，将对所有加拿大输美商品征收100%的关税。",
            "image": "images/rank3_特朗普威胁对_20260125_183040.jpg"
        },
        {
            "rank": 4,
            "title": "美财长称阿尔伯塔是美国的“天然伙伴”",
            "original_title": "'A natural partner': US treasury secretary weighs in on Alberta separatism",
            "source_platform": "BBC News",
            "source_url": "https://www.bbc.com/news/articles/cy8ylqx0zw4o",
            "content": "美国财政部长贝森特称加拿大阿尔伯塔省是美国的“天然伙伴”，此番言论介入该省分离主义运动，引发加方不满。",
            "image": "images/rank4_美财长称阿尔_20260125_183040.jpg"
        },
        {
            "rank": 5,
            "title": "美俄乌三方和平会谈结束，战火未停",
            "original_title": "Peace talks on Russia-Ukraine war end as fighting rages",
            "source_platform": "BBC News",
            "source_url": "https://www.bbc.com/news/articles/cwyr6p30054o",
            "content": "俄罗斯、乌克兰和美国在阿布扎比举行的三方和平会谈结束，未取得明显突破。会谈期间，俄军对乌能源设施发动空袭。",
            "image": "images/rank5_美俄乌三方和_20260125_183040.jpg"
        },
        {
            "rank": 6,
            "title": "伊朗安全部队武力镇压抗议活动",
            "original_title": "How Iran Crushed a Citizen Uprising With Lethal Force",
            "source_platform": "New York Times",
            "source_url": "https://www.nytimes.com/2026/01/25/world/middleeast/iran-how-crackdown-was-done.html",
            "content": "伊朗安全部队在多个城市向抗议者开火，以致命武力镇压了因经济衰退而引发的大规模民众起义。",
            "image": "images/rank6_伊朗安全部队_20260125_183040.jpg"
        },
        {
            "rank": 7,
            "title": "日本首位女首相因性别禁忌缺席相扑颁奖",
            "original_title": "Why Japan’s Leader Won’t Enter the Male-Dominated Sumo Ring",
            "source_platform": "New York Times",
            "source_url": "https://www.nytimes.com/2026/01/25/world/asia/japan-takaichi-sumo-gender.html",
            "content": "日本首位女首相高市早苗因相扑界禁止女性登上土俵的传统，未出席新年大相扑颁奖典礼，改由男性教育大臣代劳。",
            "image": "images/rank7_日本首位女首_20260125_183040.jpg"
        },
        {
            "rank": 8,
            "title": "美国将组建“英国版FBI”打击严重犯罪",
            "original_title": "National Police Service: New 'British FBI' to fight serious crime and help local police tackle everyday offences",
            "source_platform": "Sky News",
            "source_url": "https://news.sky.com/story/national-police-service-new-british-fbi-to-fight-serious-crime-and-help-local-police-tackle-everyday-offences-13498076",
            "content": "英国将成立国家警察局，专注于打击恐怖主义、欺诈和有组织犯罪等严重罪行，被形容为“英国版FBI”。",
            "image": "images/rank8_美国将组建__20260125_183040.jpg"
        },
        {
            "rank": 9,
            "title": "美国遭遇“危及生命”的冬季风暴袭击",
            "original_title": "'Life-threatening' storm forecast in US as more than a dozen states declare emergency",
            "source_platform": "Sky News",
            "source_url": "https://news.sky.com/story/life-threatening-winter-storm-to-hit-us-with-snow-ice-and-dangerously-cold-temperatures-13497899",
            "content": "一场“危及生命”的冬季风暴袭击美国，超十州进入紧急状态，约1.4亿人受影响，部分地区风寒温度低至零下46摄氏度。",
            "image": "images/rank9_美国遭遇_危_20260125_183040.jpg"
        }
    ],
    "timestamp": "20260125_183040"
}