{
    "news": [
        {
            "rank": 0,
            "title": "返程堵哭？",
            "original_title": "",
            "source_platform": "",
            "source_url": "",
            "content": "",
            "image": ""
        },
        {
            "rank": 1,
            "title": "第一批返程的人已堵哭",
            "original_title": "",
            "source_platform": "齐鲁壹点",
            "source_url": "https://baijiahao.baidu.com/s?id=1857813749486216424",
            "content": "大年初六返程高峰开启，多地高速车流爆满，有车主10小时路程开成15小时，服务区排队严重。",
            "image": "images/rank1_第一批返程的_20260222_183457.jpg"
        },
        {
            "rank": 2,
            "title": "远嫁姐姐回家 47岁弟弟激动得像孩子",
            "original_title": "",
            "source_platform": "抽屉精选",
            "source_url": "https://baijiahao.baidu.com/s?id=1857809583496568211",
            "content": "47岁弟弟在村口蹦跳迎接远嫁姐姐，姐姐车内拍摄时感动落泪，展现深厚姐弟情谊。",
            "image": "images/rank2_远嫁姐姐回家_20260222_183457.jpg"
        },
        {
            "rank": 3,
            "title": "给妈妈的红包被放回 女儿打开后破防",
            "original_title": "",
            "source_platform": "钱江晚报",
            "source_url": "https://baijiahao.baidu.com/s?id=1857794874808340272",
            "content": "女儿给妈妈的红包被妈妈悄悄放回行李包，打开一看钱更多了，妈妈还准备了一车厢蔬菜。",
            "image": "images/rank3_给妈妈的红包_20260222_183457.jpg"
        },
        {
            "rank": 4,
            "title": "河南矿山开工第一天 大厅被挤爆",
            "original_title": "",
            "source_platform": "河南都市频道",
            "source_url": "https://baijiahao.baidu.com/s?id=1857810211509032084",
            "content": "河南矿山开工第一天大厅被挤爆，客户排队交钱，女销售表示去年签约4个亿，产品性价比好。",
            "image": "images/rank4_河南矿山开工_20260222_183457.jpg"
        },
        {
            "rank": 5,
            "title": "“银发留学”正在悄然兴起",
            "original_title": "",
            "source_platform": "光明网",
            "source_url": "https://baijiahao.baidu.com/s?id=1857786633923910170",
            "content": "50岁到80岁老人背起书包飞越重洋，以学生身份沉浸式学习，追寻精神丰盈与自我价值。",
            "image": "images/rank5__银发留学__20260222_183457.jpg"
        },
        {
            "rank": 6,
            "title": "年轻人流行“重新养父母”",
            "original_title": "",
            "source_platform": "北京日报客户端",
            "source_url": "https://baijiahao.baidu.com/s?id=1857786474992245727",
            "content": "年轻人通过“反向哺育”平衡内耗，将父母拉到“合伙人”阵营，共同守护家庭。",
            "image": "images/rank6_年轻人流行__20260222_183457.jpg"
        },
        {
            "rank": 7,
            "title": "父亲屋外透气看见儿子坠楼接住",
            "original_title": "",
            "source_platform": "大象新闻",
            "source_url": "https://www.toutiao.com/video/7609512894435115059/",
            "content": "父亲在屋外透气时，意外看见儿子坠楼，迅速反应将其接住，避免了悲剧发生。",
            "image": "images/rank7_父亲屋外透气_20260222_183457.jpg"
        },
        {
            "rank": 8,
            "title": "年轻人过年把洗浴中心玩成性价比酒店",
            "original_title": "",
            "source_platform": "中新经纬",
            "source_url": "https://www.toutiao.com/article/7609505813795422747/",
            "content": "年轻人将集吃喝玩乐泡搓洗蒸于一体的洗浴中心，作为休闲度假的新选择，客流量集中。",
            "image": "images/rank8_年轻人过年把_20260222_183457.jpg"
        },
        {
            "rank": 9,
            "title": "暴雪大风沙尘大范围降雨上线",
            "original_title": "",
            "source_platform": "央视新闻",
            "source_url": "https://news.qq.com/rain/a/20260221A05B9X00",
            "content": "寒潮、大风、沙尘暴、暴雪四预警连发，北方多地降温超10℃，南方大范围降雨上线。",
            "image": "images/rank9_暴雪大风沙尘_20260222_183457.jpg"
        }
    ],
    "timestamp": "20260222_183457"
}