{
    "news": [
        {
            "rank": 0,
            "title": "【轰动】01月16日娱乐圈再起风波，众明星或被卷入其中",
            "original_title": "",
            "source_platform": "",
            "source_url": "",
            "content": "",
            "image": ""
        },
        {
            "rank": 1,
            "title": "冯远征、曹可凡发文悼念陶玉玲",
            "original_title": "",
            "source_platform": "腾讯娱乐",
            "source_url": "https://news.qq.com/rain/a/20260115A07VGM00",
            "content": "冯远征、曹可凡发文悼念陶玉玲",
            "image": "images/rank1_冯远征_曹可_20260116_062027.jpg"
        },
        {
            "rank": 2,
            "title": "闫学晶哭穷风波后现身机场",
            "original_title": "",
            "source_platform": "腾讯娱乐",
            "source_url": "https://news.qq.com/rain/a/20260115V03VJR00",
            "content": "闫学晶哭穷风波后现身机场",
            "image": "images/rank2_闫学晶哭穷风_20260116_062027.jpg"
        },
        {
            "rank": 3,
            "title": "周杰伦澳网出局，《斗牛》照进现实",
            "original_title": "",
            "source_platform": "腾讯娱乐",
            "source_url": "https://news.qq.com/rain/a/20260115V08GV200",
            "content": "周杰伦澳网出局，《斗牛》照进现实",
            "image": "images/rank3_周杰伦澳网出_20260116_062027.jpg"
        },
        {
            "rank": 4,
            "title": "7岁嫁人15岁生子短剧被下架",
            "original_title": "",
            "source_platform": "腾讯娱乐",
            "source_url": "https://news.qq.com/rain/a/20260115A08F0B00",
            "content": "7岁嫁人15岁生子短剧被下架",
            "image": "images/rank4_7岁嫁人15_20260116_062027.jpg"
        },
        {
            "rank": 5,
            "title": "王天放现身央视春晚彩排",
            "original_title": "",
            "source_platform": "腾讯娱乐",
            "source_url": "https://news.qq.com/rain/a/20260115V06W1S00",
            "content": "王天放现身央视春晚彩排",
            "image": "images/rank5_王天放现身央_20260116_062027.jpg"
        },
        {
            "rank": 6,
            "title": "郭有才中式婚礼比电视剧还震撼",
            "original_title": "",
            "source_platform": "腾讯娱乐",
            "source_url": "https://news.qq.com/rain/a/20260115V06JV000",
            "content": "郭有才中式婚礼比电视剧还震撼",
            "image": "images/rank6_郭有才中式婚_20260116_062027.jpg"
        },
        {
            "rank": 7,
            "title": "张艺兴牵头中巴建交75周年主题曲",
            "original_title": "",
            "source_platform": "腾讯娱乐",
            "source_url": "https://news.qq.com/rain/a/20260115V0492T00",
            "content": "张艺兴牵头中巴建交75周年主题曲",
            "image": "images/rank7_张艺兴牵头中_20260116_062027.jpg"
        },
        {
            "rank": 8,
            "title": "保剑锋被前妻指控出轨：20年旧账真假难断",
            "original_title": "",
            "source_platform": "腾讯娱乐",
            "source_url": "https://news.qq.com/rain/a/20260115V04F5100",
            "content": "保剑锋被前妻指控出轨：20年旧账真假难断",
            "image": "images/rank8_保剑锋被前妻_20260116_062027.jpg"
        },
        {
            "rank": 9,
            "title": "欧洲多国将向格陵兰岛派兵",
            "original_title": "",
            "source_platform": "抖音热榜",
            "source_url": "https://www.douyin.com/hot/2368088",
            "content": "欧洲多国将向格陵兰岛派兵",
            "image": "images/rank9_欧洲多国将向_20260116_062027.jpg"
        }
    ],
    "timestamp": "20260116_062027"
}