{
    "news": [
        {
            "rank": 0,
            "title": "AI说谢谢会耗电？",
            "original_title": "",
            "source_platform": "",
            "source_url": "",
            "content": "",
            "image": ""
        },
        {
            "rank": 1,
            "title": "不要对AI说谢谢",
            "original_title": "",
            "source_platform": "人民日报",
            "source_url": "https://baijiahao.baidu.com/s?id=1855639982975907679",
            "content": "对AI说“谢谢”会被视为指令，每次回复消耗0.0003度电，建议避免以节约能源。",
            "image": "images/rank1_不要对AI说_20260210_063317.jpg"
        },
        {
            "rank": 2,
            "title": "小鸟撞商场玻璃墙死亡",
            "original_title": "",
            "source_platform": "河山新闻",
            "source_url": "https://baijiahao.baidu.com/s?id=1856688370445247191",
            "content": "西安万象城多只小鸟撞击玻璃幕墙死亡，商场回应将挪移树木并加装防撞贴纸。",
            "image": "images/rank2_小鸟撞商场玻_20260210_063317.jpg"
        },
        {
            "rank": 3,
            "title": "中国经济最强县GDP超5600亿",
            "original_title": "",
            "source_platform": "第一财经",
            "source_url": "https://baijiahao.baidu.com/s?id=1856647973869608282",
            "content": "昆山市2025年GDP达5615.34亿元，连续22年位居全国百强县市榜首。",
            "image": "images/rank3_中国经济最强_20260210_063317.jpg"
        },
        {
            "rank": 4,
            "title": "保姆分房睡老人离世成被告",
            "original_title": "",
            "source_platform": "河山新闻",
            "source_url": "https://baijiahao.baidu.com/s?id=1856564109263136477",
            "content": "保姆按合同分房睡，老人摔倒去世后家属起诉被驳回，法院认定保姆已尽义务。",
            "image": "images/rank4_保姆分房睡老_20260210_063317.jpg"
        },
        {
            "rank": 5,
            "title": "罐车运输食用油迎新规",
            "original_title": "",
            "source_platform": "南方都市报",
            "source_url": "https://news.qq.com/rain/a/20260209A06EJV00",
            "content": "市场监管总局针对罐车运输食用植物油乱象，将出台新规解决“能运什么、用什么运”。",
            "image": "images/rank5_罐车运输食用_20260210_063317.jpg"
        },
        {
            "rank": 6,
            "title": "人民币汇率升破6.93关口",
            "original_title": "",
            "source_platform": "澎湃新闻",
            "source_url": "https://news.qq.com/rain/a/20260209A04ZSH00",
            "content": "人民币对美元即期汇率升破6.93，创33个月新高，离岸市场同步上涨。",
            "image": "images/rank6_人民币汇率升_20260210_063317.jpg"
        },
        {
            "rank": 7,
            "title": "8部影片定档春节档",
            "original_title": "",
            "source_platform": "21世纪经济报道",
            "source_url": "https://www.toutiao.com/article/7604723152949723688/",
            "content": "2026年春节档长达9天，8部电影定档，涵盖喜剧、谍战、动画等多种类型。",
            "image": "images/rank7_8部影片定档_20260210_063317.jpg"
        },
        {
            "rank": 8,
            "title": "女孩穿丑相亲竟被相中",
            "original_title": "",
            "source_platform": "观象视频",
            "source_url": "https://www.toutiao.com/video/7604693212051046427/",
            "content": "女孩自称故意穿丑去相亲，结果意外被对方相中，引发网友热议。",
            "image": "images/rank8_女孩穿丑相亲_20260210_063317.jpg"
        },
        {
            "rank": 9,
            "title": "黄光裕2.23亿股权被冻结",
            "original_title": "",
            "source_platform": "界面快讯",
            "source_url": "https://www.toutiao.com/article/7604675684690084362/",
            "content": "黄光裕所持北京鹏润投资有限公司2.23亿元股权被冻结，期限三年。",
            "image": "images/rank9_黄光裕2_2_20260210_063317.jpg"
        }
    ],
    "timestamp": "20260210_063317"
}