{
    "news": [
        {
            "rank": 0,
            "title": "机器人卖爆了？",
            "original_title": "",
            "source_platform": "",
            "source_url": "",
            "content": "",
            "image": ""
        },
        {
            "rank": 1,
            "title": "104岁老人过年 近百名子孙排队磕头",
            "original_title": "",
            "source_platform": "star星视频",
            "source_url": "https://baijiahao.baidu.com/s?id=1857363399635423670",
            "content": "河南驻马店一位104岁老人在正月初一接受家族近百名子孙按传统礼仪排队磕头拜年，现场形成五世同堂的温馨场景。",
            "image": "images/rank1_104岁老人_20260217_185525.jpg"
        },
        {
            "rank": 2,
            "title": "宇树春晚同款机器人售价208850元",
            "original_title": "",
            "source_platform": "极目新闻",
            "source_url": "https://baijiahao.baidu.com/s?id=1857346106399960758",
            "content": "宇树科技春晚同款机器人G1EDUU2进阶版已上架，售价208850元，用户可通过京东、抖音等渠道线上购买。",
            "image": "images/rank2_宇树春晚同款_20260217_185525.jpg"
        },
        {
            "rank": 3,
            "title": "魔术师邓男子回应春晚魔术被揭秘",
            "original_title": "",
            "source_platform": "红星新闻",
            "source_url": "https://baijiahao.baidu.com/s?id=1857343273234947004",
            "content": "魔术师邓男子回应春晚魔术被网友揭秘称属常态，在AI加持下讨论更快传播，能成为观众茶余饭后的话题。",
            "image": "images/rank3_魔术师邓男子_20260217_185525.jpg"
        },
        {
            "rank": 4,
            "title": "编造春运绿皮车超员 多人被罚",
            "original_title": "",
            "source_platform": "公安部网安局",
            "source_url": "https://baijiahao.baidu.com/s?id=1857344165011577038",
            "content": "网上传播多条声称“2026年春运绿皮车严重超员”的视频，经查为历史画面拼凑翻炒、部分系AI生成的不实信息，制作者被行政处罚。",
            "image": "images/rank4_编造春运绿皮_20260217_185525.jpg"
        },
        {
            "rank": 5,
            "title": "沈腾春晚说错词 撒贝宁倒吸一口气",
            "original_title": "",
            "source_platform": "齐鲁壹点",
            "source_url": "https://baijiahao.baidu.com/s?id=1857356538104019849",
            "content": "沈腾和马丽亮相2026年春晚，在互动环节沈腾说错了词，撒贝宁直接倒吸一口气，引发观众热议。",
            "image": "images/rank5_沈腾春晚说错_20260217_185525.jpg"
        },
        {
            "rank": 6,
            "title": "90后男生春节在上海狂赚16万元",
            "original_title": "",
            "source_platform": "大河报",
            "source_url": "https://news.qq.com/rain/a/20260217A039Y300",
            "content": "90后男生春节在上海从事上门喂养宠物服务，7天狂赚16万元，每天只睡3小时，这一新职业在春节期间爆火。",
            "image": "images/rank6_90后男生春_20260217_185525.jpg"
        },
        {
            "rank": 7,
            "title": "23个小辈拜年舅舅给每人发100元红包",
            "original_title": "",
            "source_platform": "红星新闻",
            "source_url": "https://www.toutiao.com/article/7607737134782464547/",
            "content": "广东潮汕陈先生有23个外甥外甥女，大年初一他们集体来拜年，陈先生给每人发了100元红包，场面热闹温馨。",
            "image": "images/rank7_23个小辈拜_20260217_185525.jpg"
        },
        {
            "rank": 8,
            "title": "2026年春节档票房破10亿",
            "original_title": "",
            "source_platform": "央视新闻",
            "source_url": "https://www.toutiao.com/article/7607696721035919923",
            "content": "2026年春节档电影总票房（含预售）破10亿，《飞驰人生3》《惊蛰无声》《熊出没·年年有熊》位列前三。",
            "image": "images/rank8_2026年春_20260217_185525.jpg"
        },
        {
            "rank": 9,
            "title": "尼格买提已经主持12年春晚了",
            "original_title": "",
            "source_platform": "北京日报",
            "source_url": "https://www.toutiao.com/article/7607747103028298281/",
            "content": "尼格买提从羊年到马年已连续主持12届春晚，完成一个生肖轮回，他在社交媒体分享心路历程。",
            "image": "images/rank9_尼格买提已经_20260217_185525.jpg"
        }
    ],
    "timestamp": "20260217_185525"
}