{
    "news": [
        {
            "rank": 0,
            "title": "王室、战争、疫苗：全球炸锅！",
            "original_title": "",
            "source_platform": "",
            "source_url": "",
            "content": "",
            "image": ""
        },
        {
            "rank": 1,
            "title": "特朗普称世界将在十天内知晓伊朗协议结果",
            "original_title": "Trump says world has 10 days to see if Iran deal reached",
            "source_platform": "BBC News",
            "source_url": "https://www.bbc.com/news/articles/c86yjnw4x49o",
            "content": "美国总统特朗普表示，世界将在未来约十天内知晓美国是与伊朗达成协议还是采取军事行动。",
            "image": "images/rank1_特朗普称世界_20260220_062829.jpg"
        },
        {
            "rank": 2,
            "title": "英国未同意美使用其基地打击伊朗",
            "original_title": "UK has not given US permission to use RAF bases for Iran strikes",
            "source_platform": "BBC News",
            "source_url": "https://www.bbc.com/news/articles/cj98egkl7l1o",
            "content": "英国政府尚未同意美国使用其军事基地支持对伊朗的潜在打击，包括迪戈加西亚和格洛斯特郡的基地。",
            "image": "images/rank2_英国未同意美_20260220_062829.jpg"
        },
        {
            "rank": 3,
            "title": "美议员呼吁在安德鲁被捕后追究爱泼斯坦同伙",
            "original_title": "'Who's next?' - American lawmakers call for 'justice' in the US after Andrew arrest",
            "source_platform": "BBC News",
            "source_url": "https://www.bbc.com/news/articles/c86yj2vjp5go",
            "content": "美国国会议员敦促政府效仿英国，对与杰弗里·爱泼斯坦关系密切者采取更强硬行动。",
            "image": "images/rank3_美议员呼吁在_20260220_062829.jpg"
        },
        {
            "rank": 4,
            "title": "研究称单一鼻喷疫苗或可抵御所有呼吸道疾病",
            "original_title": "Single vaccine could protect against all coughs, colds and flus, researchers say",
            "source_platform": "BBC News",
            "source_url": "https://www.bbc.com/news/articles/cx2g8rz7yedo",
            "content": "美国研究人员称，一种单一鼻喷疫苗或可抵御所有咳嗽、感冒、流感及细菌性肺部感染，甚至缓解过敏。",
            "image": "images/rank4_研究称单一鼻_20260220_062829.jpg"
        },
        {
            "rank": 5,
            "title": "特朗普和平委员会成员承诺提供70亿美元加沙援助",
            "original_title": "Trump's Board of Peace members pledge $7bn in Gaza relief",
            "source_platform": "BBC News",
            "source_url": "https://www.bbc.com/news/articles/cp8rke05kv4o",
            "content": "特朗普宣布，加入其“和平委员会”的数个国家已承诺为加沙“援助计划”提供超过70亿美元。",
            "image": "images/rank5_特朗普和平委_20260220_062829.jpg"
        },
        {
            "rank": 6,
            "title": "美国贸易逆差创历史新高",
            "original_title": "US trade deficit hits fresh high despite Trump's tariffs",
            "source_platform": "BBC News",
            "source_url": "https://www.bbc.com/news/articles/c4ge4yxwnlno",
            "content": "尽管特朗普实施广泛关税，美国去年商品进口额仍远超出口，贸易逆差创下约1.2万亿美元新高。",
            "image": "images/rank6_美国贸易逆差_20260220_062829.jpg"
        },
        {
            "rank": 7,
            "title": "西弗吉尼亚州就儿童性虐材料起诉苹果公司",
            "original_title": "State sues Apple for negligence over the alleged distribution of child sexual abuse materials on iCloud and devices",
            "source_platform": "CNN",
            "source_url": "https://edition.cnn.com/2026/02/19/tech/apple-west-virginia-lawsuit-icloud",
            "content": "西弗吉尼亚州总检察长办公室起诉苹果公司，指控其允许儿童性虐材料在其iCloud服务上存储和传播。",
            "image": "images/rank7_西弗吉尼亚州_20260220_062829.jpg"
        },
        {
            "rank": 8,
            "title": "秘鲁总统因“中餐门”丑闻遭罢免",
            "original_title": "Peru’s leader José Jerí ousted over ‘Chifa-gate’ scandal, as presidential ‘curse’ strikes again",
            "source_platform": "CNN",
            "source_url": "https://edition.cnn.com/2026/02/17/americas/peru-president-jose-jeri-ousted-intl-latam",
            "content": "秘鲁国会通过不信任动议，罢免总统何塞·杰里，这是该国近十年来的第八次领导人更迭。",
            "image": "images/rank8_秘鲁总统因__20260220_062829.jpg"
        },
        {
            "rank": 9,
            "title": "俄罗斯“英雄”军官被控策划士兵自伤骗补",
            "original_title": "Russia Celebrated Him. Now He’s Accused of Having Troops Shoot Themselves.",
            "source_platform": "New York Times",
            "source_url": "https://www.nytimes.com/2026/02/19/world/europe/russia-military-corruption.html",
            "content": "一名曾被俄罗斯宣传为英雄的军官被指控策划让30多名士兵和医护人员开枪自伤，以骗取战场伤害补助。",
            "image": "images/rank9_俄罗斯_英雄_20260220_062829.jpg"
        }
    ],
    "timestamp": "20260220_062829"
}