{
    "news": [
        {
            "rank": 0,
            "title": "【轰动】风波再起！众明星卷入，谁能独善其身？",
            "original_title": "",
            "source_platform": "",
            "source_url": "",
            "content": "",
            "image": ""
        },
        {
            "rank": 1,
            "title": "李兰迪现身央视春晚彩排",
            "original_title": "",
            "source_platform": "腾讯娱乐",
            "source_url": "https://news.qq.com/rain/a/20260121V046IW00",
            "content": "李兰迪现身央视春晚彩排",
            "image": "images/rank1_李兰迪现身央_20260122_062200.jpg"
        },
        {
            "rank": 2,
            "title": "再不定档，就过年了",
            "original_title": "",
            "source_platform": "腾讯娱乐",
            "source_url": "https://news.qq.com/rain/a/20260121A07C6J00",
            "content": "再不定档，就过年了",
            "image": "images/rank2_再不定档_就_20260122_062200.jpg"
        },
        {
            "rank": 3,
            "title": "LV大秀王嘉尔王鹤棣徐明浩同框",
            "original_title": "",
            "source_platform": "腾讯娱乐",
            "source_url": "https://news.qq.com/rain/a/20260121A02EQZ00",
            "content": "LV大秀王嘉尔王鹤棣徐明浩同框",
            "image": "images/rank3_LV大秀王嘉_20260122_062200.jpg"
        },
        {
            "rank": 4,
            "title": "周深郎朗岳云鹏等录制辽视春晚",
            "original_title": "",
            "source_platform": "腾讯娱乐",
            "source_url": "https://news.qq.com/rain/a/20260121V06I5K00",
            "content": "周深郎朗岳云鹏等录制辽视春晚",
            "image": "images/rank4_周深郎朗岳云_20260122_062200.jpg"
        },
        {
            "rank": 5,
            "title": "李幼斌新片道尽晚年孤独",
            "original_title": "",
            "source_platform": "腾讯娱乐",
            "source_url": "https://news.qq.com/rain/a/20260121V020P300",
            "content": "李幼斌新片道尽晚年孤独",
            "image": "images/rank5_李幼斌新片道_20260122_062200.jpg"
        },
        {
            "rank": 6,
            "title": "卓依婷湾区春晚唱《迎春花》",
            "original_title": "",
            "source_platform": "腾讯娱乐",
            "source_url": "https://news.qq.com/rain/a/20260121V059MD00",
            "content": "卓依婷湾区春晚唱《迎春花》",
            "image": "images/rank6_卓依婷湾区春_20260122_062200.jpg"
        },
        {
            "rank": 7,
            "title": "BLACKPINK日本演唱会引争议",
            "original_title": "",
            "source_platform": "腾讯娱乐",
            "source_url": "https://news.qq.com/rain/a/20260121V06CVX00",
            "content": "BLACKPINK日本演唱会引争议",
            "image": "images/rank7_BLACKP_20260122_062200.jpg"
        },
        {
            "rank": 8,
            "title": "铁路部门推出便民新服务",
            "original_title": "",
            "source_platform": "抖音热榜",
            "source_url": "https://www.douyin.com/hot/2375568",
            "content": "铁路部门推出便民新服务",
            "image": "images/rank8_铁路部门推出_20260122_062200.jpg"
        },
        {
            "rank": 9,
            "title": "当代年轻人的香插已经next level",
            "original_title": "",
            "source_platform": "抖音热榜",
            "source_url": "https://www.douyin.com/hot/2374775",
            "content": "当代年轻人的香插已经next level",
            "image": "images/rank9_当代年轻人的_20260122_062200.jpg"
        }
    ],
    "timestamp": "20260122_062200"
}