{
    "news": [
        {
            "rank": 0,
            "title": "【轰动】风波再起！众明星卷入，谁能独善其身？",
            "original_title": "",
            "source_platform": "",
            "source_url": "",
            "content": "",
            "image": ""
        },
        {
            "rank": 1,
            "title": "岳云鹏孙越挑战倒背春晚金句",
            "original_title": "",
            "source_platform": "腾讯娱乐",
            "source_url": "https://news.qq.com/rain/a/20260217V05YA600",
            "content": "岳云鹏孙越挑战倒背春晚金句",
            "image": "images/rank1_岳云鹏孙越挑_20260218_062747.jpg"
        },
        {
            "rank": 2,
            "title": "正直播2026浙江卫视春节晚会",
            "original_title": "",
            "source_platform": "腾讯娱乐",
            "source_url": "https://news.qq.com/rain/a/RLV2026021521095200",
            "content": "正直播2026浙江卫视春节晚会",
            "image": "images/rank2_正直播202_20260218_062747.jpg"
        },
        {
            "rank": 3,
            "title": "春晚主持人妆造引热议：刘心悦惊艳，撒贝宁眉毛搞笑，马凡舒好美",
            "original_title": "",
            "source_platform": "腾讯娱乐",
            "source_url": "https://news.qq.com/rain/a/20260216A06WQ700",
            "content": "春晚主持人妆造引热议：刘心悦惊艳，撒贝宁眉毛搞笑，马凡舒好美",
            "image": "images/rank3_春晚主持人妆_20260218_062747.jpg"
        },
        {
            "rank": 4,
            "title": "是鼓励哪吒不是古力娜扎",
            "original_title": "",
            "source_platform": "腾讯娱乐",
            "source_url": "https://news.qq.com/rain/a/20260217V064LT00",
            "content": "是鼓励哪吒不是古力娜扎",
            "image": "images/rank4_是鼓励哪吒不_20260218_062747.jpg"
        },
        {
            "rank": 5,
            "title": "春晚机器人厉害在哪里",
            "original_title": "",
            "source_platform": "抖音热榜",
            "source_url": "https://www.douyin.com/hot/2404417",
            "content": "春晚机器人厉害在哪里",
            "image": "images/rank5_春晚机器人厉_20260218_062747.jpg"
        },
        {
            "rank": 6,
            "title": "春节档电影总票房破10亿",
            "original_title": "",
            "source_platform": "抖音热榜",
            "source_url": "https://www.douyin.com/hot/2403987",
            "content": "春节档电影总票房破10亿",
            "image": "images/rank6_春节档电影总_20260218_062747.jpg"
        },
        {
            "rank": 7,
            "title": "春节里的传统文化含量拉满了",
            "original_title": "",
            "source_platform": "抖音热榜",
            "source_url": "https://www.douyin.com/hot/2403811",
            "content": "春节里的传统文化含量拉满了",
            "image": "images/rank7_春节里的传统_20260218_062747.jpg"
        },
        {
            "rank": 8,
            "title": "上春晚也不忘推荐家乡美食",
            "original_title": "",
            "source_platform": "抖音热榜",
            "source_url": "https://www.douyin.com/hot/2403273",
            "content": "上春晚也不忘推荐家乡美食",
            "image": "images/rank8_上春晚也不忘_20260218_062747.jpg"
        },
        {
            "rank": 9,
            "title": "春晚粉彩风配色神来之笔",
            "original_title": "",
            "source_platform": "抖音热榜",
            "source_url": "https://www.douyin.com/hot/2403361",
            "content": "春晚粉彩风配色神来之笔",
            "image": "images/rank9_春晚粉彩风配_20260218_062747.jpg"
        }
    ],
    "timestamp": "20260218_062747"
}