{
    "news": [
        {
            "rank": 0,
            "title": "奥迪10万还豪华吗？",
            "original_title": "",
            "source_platform": "",
            "source_url": "",
            "content": "",
            "image": ""
        },
        {
            "rank": 1,
            "title": "多家银行上调存款利率",
            "original_title": "",
            "source_platform": "北京日报客户端",
            "source_url": "https://baijiahao.baidu.com/s?id=1856534693563049591",
            "content": "春节临近，多地中小银行宣布上调存款利率，部分银行还推出新年专属存款产品。",
            "image": "images/rank1_多家银行上调_20260208_183649.jpg"
        },
        {
            "rank": 2,
            "title": "奥迪入门车型降至10万级",
            "original_title": "",
            "source_platform": "每日人物社",
            "source_url": "https://baijiahao.baidu.com/s?id=1856424311133665305",
            "content": "奥迪A3等入门级车型在销售终端价格已低至10万级别，引发豪华车定位讨论。",
            "image": "images/rank2_奥迪入门车型_20260208_183649.jpg"
        },
        {
            "rank": 3,
            "title": "马年限定商品走俏市场",
            "original_title": "",
            "source_platform": "新华社",
            "source_url": "https://baijiahao.baidu.com/s?id=1856525983790209620",
            "content": "春节临近，以生肖马为灵感的创意年货走俏，天猫平台相关玩具销售额同比增长9.7%。",
            "image": "images/rank3_马年限定商品_20260208_183649.jpg"
        },
        {
            "rank": 4,
            "title": "羽绒服保暖效果下降引关注",
            "original_title": "",
            "source_platform": "红星新闻",
            "source_url": "https://baijiahao.baidu.com/s?id=1856535615316934816",
            "content": "入冬后不少人发现羽绒服保暖效果不如以前，专家探讨羽绒服是否有使用寿命。",
            "image": "images/rank4_羽绒服保暖效_20260208_183649.jpg"
        },
        {
            "rank": 5,
            "title": "苏翊鸣获中国代表团首枚奖牌",
            "original_title": "",
            "source_platform": "全景体育",
            "source_url": "https://news.qq.com/rain/a/20260208A018DL00",
            "content": "冬奥会单板滑雪男子大跳台决赛，苏翊鸣连续完成1980动作，以168.50分获得铜牌。",
            "image": "images/rank5_苏翊鸣获中国_20260208_183649.jpg"
        },
        {
            "rank": 6,
            "title": "汽车供应链拉响警报",
            "original_title": "",
            "source_platform": "中国汽车报",
            "source_url": "https://news.qq.com/rain/a/20260207A05BFB00",
            "content": "多家机构警告DRAM供应紧张，2026年汽车行业或面临存储芯片成本压力与生产中断风险。",
            "image": "images/rank6_汽车供应链拉_20260208_183649.jpg"
        },
        {
            "rank": 7,
            "title": "男子祭祖遇捕猎设备触电身亡",
            "original_title": "",
            "source_platform": "滨州传媒网",
            "source_url": "https://www.toutiao.com/article/7604348319816647210/",
            "content": "重庆巫山一男子上山祭祖返回途中，被非法安装的捕猎电网电倒，不幸身亡。",
            "image": "images/rank7_男子祭祖遇捕_20260208_183649.jpg"
        },
        {
            "rank": 8,
            "title": "一汽红旗：运动员获奖就送车",
            "original_title": "",
            "source_platform": "西安晚报",
            "source_url": "https://www.toutiao.com/article/7604389592061592105/",
            "content": "红旗宣布米兰冬奥会期间，中国运动员每获一枚奖牌，就赠送一台红旗汽车。",
            "image": "images/rank8_一汽红旗_运_20260208_183649.jpg"
        },
        {
            "rank": 9,
            "title": "十万块二手车长途渡劫",
            "original_title": "",
            "source_platform": "懂车帝原创",
            "source_url": "https://www.toutiao.com/video/7604050911597494790/",
            "content": "一段视频记录了一辆价值十万元的二手车在1200公里长途行驶中经历的种种考验。",
            "image": "images/rank9_十万块二手车_20260208_183649.jpg"
        }
    ],
    "timestamp": "20260208_183649"
}