{
    "news": [
        {
            "rank": 0,
            "title": "一夜之间，炸锅了？",
            "original_title": "",
            "source_platform": "",
            "source_url": "",
            "content": "",
            "image": ""
        },
        {
            "rank": 1,
            "title": "王楚钦胜张本智和夺亚洲杯男单冠军",
            "original_title": "",
            "source_platform": "百度图片",
            "source_url": "https://baijiahao.baidu.com/s?id=1856570086410542295",
            "content": "王楚钦在亚洲杯男单决赛中以4比2击败张本智和，成功卫冕冠军。",
            "image": "images/rank1_王楚钦胜张本_20260209_062403.jpg"
        },
        {
            "rank": 2,
            "title": "孙颖莎夺乒乓球亚洲杯女单冠军",
            "original_title": "",
            "source_platform": "央视新闻",
            "source_url": "https://baijiahao.baidu.com/s?id=1856562786964392745",
            "content": "孙颖莎在亚洲杯女单决赛中以4比3战胜王曼昱，首次夺得该项赛事冠军。",
            "image": "images/rank2_孙颖莎夺乒乓_20260209_062403.jpg"
        },
        {
            "rank": 3,
            "title": "赵心童首夺斯诺克世界大奖赛冠军",
            "original_title": "",
            "source_platform": "红星新闻",
            "source_url": "https://baijiahao.baidu.com/s?id=1856564505378361799",
            "content": "赵心童在斯诺克世界大奖赛决赛中以10比6击败张安达，夺得生涯第四个排名赛冠军。",
            "image": "images/rank3_赵心童首夺斯_20260209_062403.jpg"
        },
        {
            "rank": 4,
            "title": "男生寒假打工烤糊200多个鸡翅",
            "original_title": "",
            "source_platform": "红星新闻",
            "source_url": "https://baijiahao.baidu.com/s?id=1856545879816242344",
            "content": "山东一男生寒假打工时忘记计时，烤糊200多个鸡翅，被老板按进货价扣工资。",
            "image": "images/rank4_男生寒假打工_20260209_062403.jpg"
        },
        {
            "rank": 5,
            "title": "男子谎称过年不回家 父母寄大量年货",
            "original_title": "",
            "source_platform": "中国新闻网",
            "source_url": "https://baijiahao.baidu.com/s?id=1856572692438771666",
            "content": "重庆男子谎称不返乡过年，父母寄送大量家乡年货，包装标签详细注明烹饪方式。",
            "image": "images/rank5_男子谎称过年_20260209_062403.jpg"
        },
        {
            "rank": 6,
            "title": "在50万米高空卫星能拍到什么",
            "original_title": "",
            "source_platform": "人民网",
            "source_url": "https://baijiahao.baidu.com/s?id=1856515442488759946",
            "content": "卫星在50万米高空夜光状态下拍摄需长时间对焦，保障动态下图像清晰是技术难点。",
            "image": "images/rank6_在50万米高_20260209_062403.jpg"
        },
        {
            "rank": 7,
            "title": "全球第四大汽车巨头半年亏1500亿元",
            "original_title": "",
            "source_platform": "第一财经",
            "source_url": "https://www.toutiao.com/video/7604056695759339560/",
            "content": "全球第四大汽车巨头公布财报，显示在半年内亏损高达1500亿元人民币。",
            "image": "images/rank7_全球第四大汽_20260209_062403.jpg"
        },
        {
            "rank": 8,
            "title": "体检报告出现这几个字要重视",
            "original_title": "",
            "source_platform": "光明网",
            "source_url": "https://www.toutiao.com/article/7604461279641731611/",
            "content": "体检报告出现特定警示性字眼可能预示癌症风险，专家提醒需及时关注并就医。",
            "image": "images/rank8_体检报告出现_20260209_062403.jpg"
        },
        {
            "rank": 9,
            "title": "一夜之间4家A股公司被立案或处罚",
            "original_title": "",
            "source_platform": "第一财经",
            "source_url": "https://www.toutiao.com/article/7604441994785473074/",
            "content": "一夜之间4家A股公司因信息披露违法违规被立案调查或处罚，监管持续从严。",
            "image": "images/rank9_一夜之间4家_20260209_062403.jpg"
        }
    ],
    "timestamp": "20260209_062403"
}