{
    "news": [
        {
            "rank": 0,
            "title": "王室、绑架、爆炸！全球炸锅",
            "original_title": "",
            "source_platform": "",
            "source_url": "",
            "content": "",
            "image": ""
        },
        {
            "rank": 1,
            "title": "美主播母亲疑遭绑架，家人视频恳求“我们愿付钱”",
            "original_title": "US news anchor Savannah Guthrie says 'we will pay' in plea for mother's return",
            "source_platform": "BBC News",
            "source_url": "https://www.bbc.com/news/articles/ce9y99eg0nno",
            "content": "美国NBC主播萨凡纳·格思里的84岁母亲在家中被绑架。家人发布视频向潜在绑匪喊话，表示愿意支付赎金以求母亲安全归来。",
            "image": "images/rank1_美主播母亲疑_20260208_183649.jpg"
        },
        {
            "rank": 2,
            "title": "爱泼斯坦邮件揭露安德鲁王子奢华告别晚宴内幕",
            "original_title": "Emails reveal more details of Epstein's celeb dinner for Andrew",
            "source_platform": "BBC News",
            "source_url": "https://www.bbc.com/news/articles/c4g0gpdk7q6o",
            "content": "最新公开的爱泼斯坦邮件显示，安德鲁王子2010年声称的“告别会”实为一场名流云集的奢华晚宴，事后他还向爱泼斯坦发送节日问候。",
            "image": "images/rank2_爱泼斯坦邮件_20260208_183649.jpg"
        },
        {
            "rank": 3,
            "title": "米兰冬奥会开幕日爆发抗议冲突，六人被捕",
            "original_title": "Italian police arrest protesters after clash in Olympic host city Milan",
            "source_platform": "BBC News",
            "source_url": "https://www.bbc.com/news/articles/cgl5293n5n9o",
            "content": "意大利米兰冬奥会开幕当天，数千人上街抗议生活成本等问题，部分示威者与警方发生冲突，投掷石块并燃放信号弹，六人被捕。",
            "image": "images/rank3_米兰冬奥会开_20260208_183649.jpg"
        },
        {
            "rank": 4,
            "title": "巴基斯坦致命风筝节解禁回归，当局加强安全措施",
            "original_title": "Famous but deadly kite flying festival returns after 19-year ban",
            "source_platform": "BBC News",
            "source_url": "https://www.bbc.com/news/articles/c1dkd5ql91lo",
            "content": "巴基斯坦拉合尔著名的“巴萨特”风筝节在因致命事故被禁19年后回归。当局采取限时、禁售危险线材等措施，试图确保活动安全。",
            "image": "images/rank4_巴基斯坦致命_20260208_183649.jpg"
        },
        {
            "rank": 5,
            "title": "摇滚乐队“3 Doors Down”主唱布拉德·阿诺德因癌症去世",
            "original_title": "3 Doors Down lead singer Brad Arnold dies at 47",
            "source_platform": "BBC News",
            "source_url": "https://www.bbc.com/news/articles/cre2egrg5q1o",
            "content": "美国著名摇滚乐队“3 Doors Down”主唱兼词曲作者布拉德·阿诺德在与癌症抗争后去世，享年47岁。乐队以《Kryptonite》等金曲闻名。",
            "image": "images/rank5_摇滚乐队_3_20260208_183649.jpg"
        },
        {
            "rank": 6,
            "title": "威廉王子首访沙特引关注，将晤争议王储",
            "original_title": "Why Prince William's Saudi Arabia visit is a diplomatic maze",
            "source_platform": "BBC News",
            "source_url": "https://www.bbc.com/news/articles/c99k91gj09eo",
            "content": "英国威尔士亲王威廉应政府要求首次访问沙特阿拉伯，此行聚焦能源转型与青年议题，并将与颇具争议的王储穆罕默德·本·萨勒曼会面。",
            "image": "images/rank6_威廉王子首访_20260208_183649.jpg"
        },
        {
            "rank": 7,
            "title": "优步因司机性侵案被判赔偿850万美元",
            "original_title": "Uber must pay $8.5 million in driver sexual assault case, jury says. Here’s what it could mean for thousands of similar cases",
            "source_platform": "CNN",
            "source_url": "https://edition.cnn.com/2026/02/06/tech/uber-sexual-assault-case-verdict",
            "content": "美国亚利桑那州一陪审团裁定，优步公司须向一名声称遭其司机强奸的女性支付850万美元赔偿金。此案可能影响数千起类似索赔。",
            "image": "images/rank7_优步因司机性_20260208_183649.jpg"
        },
        {
            "rank": 8,
            "title": "巴基斯坦清真寺遭自杀式炸弹袭击，致数十人死伤",
            "original_title": "Suicide bomber kills dozens in Pakistan mosque",
            "source_platform": "CNN",
            "source_url": "https://edition.cnn.com/2026/02/06/asia/islamabad-pakistan-mosque-explosion-intl",
            "content": "巴基斯坦首都伊斯兰堡一座什叶派清真寺遭自杀式炸弹袭击，造成至少32人死亡、逾160人受伤。极端组织“伊斯兰国”宣称负责。",
            "image": "images/rank8_巴基斯坦清真_20260208_183649.jpg"
        },
        {
            "rank": 9,
            "title": "特朗普被指打破禁忌，欲控制委内瑞拉石油",
            "original_title": "Trump’s Oil Grab in Venezuela Shatters an American Taboo",
            "source_platform": "New York Times",
            "source_url": "https://www.nytimes.com/2026/02/08/us/politics/trump-oil-venezuela.html",
            "content": "美媒报道，特朗普政府正寻求直接控制委内瑞拉石油资源，此举被指打破了美国为避免“为石油而战”指责而长期遵循的禁忌。",
            "image": "images/rank9_特朗普被指打_20260208_183649.jpg"
        }
    ],
    "timestamp": "20260208_183649"
}