{
    "news": [
        {
            "rank": 0,
            "title": "风暴、诉讼与地缘博弈：全球多线叙事交织",
            "content": ""
        },
        {
            "rank": 1,
            "title": "苹果联手谷歌Gemini升级Siri人工智能",
            "source_platform": "CNN",
            "source_url": "https://edition.cnn.com/2026/01/12/tech/apple-google-gemini-siri",
            "content": "苹果与谷歌达成合作，将谷歌Gemini人工智能模型整合至Siri，旨在显著提升其对话与任务处理能力。",
            "image": "images/rank1_苹果联手_20260113_183327.jpg"
        },
        {
            "rank": 2,
            "title": "法国极右翼领袖勒庞就挪用公款案上诉",
            "source_platform": "CNN",
            "source_url": "https://edition.cnn.com/2026/01/13/europe/le-pen-france-far-right-appeal-president-2027-intl",
            "content": "法国国民联盟领导人玛丽娜·勒庞就挪用欧盟资金定罪提起上诉，其2027年总统竞选资格取决于本案结果。",
            "image": "images/rank2_法国极右_20260113_183327.JPG"
        },
        {
            "rank": 3,
            "title": "菲律宾垃圾填埋场坍塌致1死27失踪",
            "source_platform": "CNN",
            "source_url": "https://edition.cnn.com/2026/01/09/asia/landfill-collapse-philippines-intl-hnk",
            "content": "菲律宾一处垃圾填埋场发生坍塌事故，造成至少1人死亡，另有27人失踪，救援工作正在进行。",
            "image": "images/rank3_菲律宾垃_20260113_183327.jpg"
        },
        {
            "rank": 4,
            "title": "澳音乐节因取消巴勒斯坦作家邀请引争议",
            "source_platform": "BBC News",
            "source_url": "https://www.bbc.com/news/articles/cgm4jkwz2z8o",
            "content": "澳大利亚阿德莱德艺术节因取消一位巴勒斯坦裔作家的邀请，引发大规模抵制，最终导致其“作家周”活动被取消。",
            "image": "images/rank4_澳音乐节_20260113_183327.jpg"
        },
        {
            "rank": 5,
            "title": "英国监管机构调查X平台Grok AI生成露骨图像",
            "source_platform": "New York Times",
            "source_url": "https://www.nytimes.com/2026/01/12/world/europe/grok-ai-images-x-elon-musk-uk.html",
            "content": "英国通信管理局对埃隆·马斯克旗下X平台展开调查，涉及其AI聊天机器人Grok生成性暗示图像的问题。",
            "image": ""
        },
        {
            "rank": 6,
            "title": "欧洲多国机场因冰冻天气关闭或延误",
            "source_platform": "Sky News",
            "source_url": "https://news.sky.com/story/airports-close-and-flights-disrupted-across-europe-due-to-icy-weather-13493226",
            "content": "欧洲多地遭遇冰冻天气，布达佩斯、布拉迪斯拉发及维也纳等主要机场被迫关闭，大量航班延误或取消。",
            "image": "images/rank6_欧洲多国_20260113_183327.jpg"
        },
        {
            "rank": 7,
            "title": "美国最高法院将审理跨性别学生体育禁令案",
            "source_platform": "New York Times",
            "source_url": "https://www.nytimes.com/2026/01/12/us/politics/supreme-court-transgender-sports.html",
            "content": "美国最高法院将审理西弗吉尼亚州一起案件，裁定该州禁止跨性别女孩参加女子学校体育运动的法案是否违宪。",
            "image": "images/rank7_美国最高_20260113_183327.jpg"
        },
        {
            "rank": 8,
            "title": "俄制防空系统在委内瑞拉行动中失效",
            "source_platform": "New York Times",
            "source_url": "https://www.nytimes.com/2026/01/12/world/americas/venezuela-russian-weapons-fail.html",
            "content": "报道称，在美国突袭抓捕委内瑞拉总统马杜罗的行动中，该国装备的俄制先进防空系统因未连接雷达而未能发挥作用。",
            "image": "images/rank8_俄制防空_20260113_183327.jpg"
        },
        {
            "rank": 9,
            "title": "加州持续遭遇风暴袭击，洪水威胁延续",
            "source_platform": "CNN",
            "source_url": "https://edition.cnn.com/2025/12/31/weather/california-storms-rain-flooding-new-years-rose-parade-climate-hnk",
            "content": "美国加州持续遭受一系列大气河流风暴袭击，引发严重洪水和泥石流，威胁将持续至下周。",
            "image": "images/rank9_加州持续_20260113_183327.png"
        }
    ],
    "timestamp": "20260113_183327"
}