{
    "news": [
        {
            "rank": 0,
            "title": "骂人真要坐牢？",
            "original_title": "",
            "source_platform": "",
            "source_url": "",
            "content": "",
            "image": ""
        },
        {
            "rank": 1,
            "title": "演员表为啥越来越让人看不懂",
            "original_title": "",
            "source_platform": "齐鲁壹点",
            "source_url": "https://baijiahao.baidu.com/s?id=1855004150230569773",
            "content": "近期电影《镖人：风起大漠》将30位演员划分为8类称谓，同类现象见于张艺谋新片，反映出片方对明星番位和流量资源的博弈。",
            "image": "images/rank1_演员表为啥越_20260123_062018.jpg"
        },
        {
            "rank": 2,
            "title": "王树国回应50名大一学生被企业抢光",
            "original_title": "",
            "source_platform": "新京报",
            "source_url": "https://baijiahao.baidu.com/s?id=1854997169170631194",
            "content": "福耀科技大学校长王树国回应称，校方未计划过早确定学生就业去向，学校旨在培养硕士、博士层次的卓越创新人才。",
            "image": "images/rank2_王树国回应5_20260123_062018.jpg"
        },
        {
            "rank": 3,
            "title": "“这样骂人”最高可判3年",
            "original_title": "",
            "source_platform": "红星新闻",
            "source_url": "https://baijiahao.baidu.com/s?id=1854975226640282968",
            "content": "新修订的《治安管理处罚法》明确，公然侮辱、谩骂或捏造事实诽谤他人，情节严重的可构成侮辱罪、诽谤罪，最高可判三年有期徒刑。",
            "image": "images/rank3__这样骂人__20260123_062018.jpg"
        },
        {
            "rank": 4,
            "title": "于东来跳入冰水施救被困车辆",
            "original_title": "",
            "source_platform": "极目新闻",
            "source_url": "https://baijiahao.baidu.com/s?id=1854992471916690889",
            "content": "1月21日，60岁的于东来看到有车被困后，专门返程冒寒跳入冰冷河水中施救，现场视频记录了这一热心举动。",
            "image": "images/rank4_于东来跳入冰_20260123_062018.jpg"
        },
        {
            "rank": 5,
            "title": "国务院食安办将对预制菜国家标准公开征求意见",
            "original_title": "",
            "source_platform": "央视新闻",
            "source_url": "https://news.qq.com/rain/a/20260122A061XA00",
            "content": "国务院食安办等部门起草了《食品安全国家标准 预制菜》等草案，将于近日向社会公开征求意见，以维护消费者权益。",
            "image": "images/rank5_国务院食安办_20260123_062018.jpg"
        },
        {
            "rank": 6,
            "title": "一坐高铁就犯困？铁路12306回应",
            "original_title": "",
            "source_platform": "潇湘晨报",
            "source_url": "https://news.qq.com/rain/a/20260122A05J1N00",
            "content": "有旅客称高铁车厢二氧化碳浓度超标导致犯困，铁路12306已回应此问题，相关视频引发网友热议。",
            "image": "images/rank6_一坐高铁就犯_20260123_062018.jpg"
        },
        {
            "rank": 7,
            "title": "消费贷有望跌至2字头比房贷便宜",
            "original_title": "",
            "source_platform": "21世纪经济报道",
            "source_url": "https://www.toutiao.com/article/7598002492147827252/",
            "content": "财政部、央行和金融监管总局优化调整个人消费贷款财政贴息政策，居民消费贷款融资成本有望降低，单人在单一金融机构年度最高可享3000元财政贴息。",
            "image": "images/rank7_消费贷有望跌_20260123_062018.jpg"
        },
        {
            "rank": 8,
            "title": "2026高考招生严控大类招生数量",
            "original_title": "",
            "source_platform": "财联社",
            "source_url": "https://www.toutiao.com/w/1854990767877123/",
            "content": "教育部发布通知，对2026年普通高校招生工作进行部署，要求高校严控大类招生的数量和规模，优化调整学科专业设置。",
            "image": "images/rank8_2026高考_20260123_062018.jpg"
        },
        {
            "rank": 9,
            "title": "曝阿里旗下芯片公司平头哥拟独立上市",
            "original_title": "",
            "source_platform": "新浪财经",
            "source_url": "https://www.toutiao.com/article/7598105980366275091/",
            "content": "接近市场人士称，阿里巴巴集团已决定支持旗下芯片公司平头哥未来独立上市，该公司是阿里雪藏多年的“核武器”。",
            "image": "images/rank9_曝阿里旗下芯_20260123_062018.jpg"
        }
    ],
    "timestamp": "20260123_062018"
}