{
    "news": [
        {
            "rank": 0,
            "title": "【轰动】01月16日娱乐圈再起风波，众明星或被卷入其中",
            "original_title": "",
            "source_platform": "",
            "source_url": "",
            "content": "",
            "image": ""
        },
        {
            "rank": 1,
            "title": "李湘多平台账号被禁止关注",
            "original_title": "",
            "source_platform": "腾讯娱乐",
            "source_url": "https://news.qq.com/rain/a/20260116A0307300",
            "content": "李湘多平台账号被禁止关注",
            "image": "images/rank1_李湘多平台账_20260116_183334.jpg"
        },
        {
            "rank": 2,
            "title": "窦骁何超莲同框出席活动",
            "original_title": "",
            "source_platform": "腾讯娱乐",
            "source_url": "https://news.qq.com/rain/a/20260116A0656000",
            "content": "窦骁何超莲同框出席活动",
            "image": "images/rank2_窦骁何超莲同_20260116_183334.jpg"
        },
        {
            "rank": 3,
            "title": "章泽天新播客干翻“高知人设”",
            "original_title": "",
            "source_platform": "腾讯娱乐",
            "source_url": "https://news.qq.com/rain/a/20260115A06NMO00",
            "content": "章泽天新播客干翻“高知人设”",
            "image": "images/rank3_章泽天新播客_20260116_183334.jpg"
        },
        {
            "rank": 4,
            "title": "郭有才中式婚礼比电视剧还震撼",
            "original_title": "",
            "source_platform": "腾讯娱乐",
            "source_url": "https://news.qq.com/rain/a/20260115V06JV000",
            "content": "郭有才中式婚礼比电视剧还震撼",
            "image": "images/rank4_郭有才中式婚_20260116_183334.jpg"
        },
        {
            "rank": 5,
            "title": "香港旅游局局长致谢周深",
            "original_title": "",
            "source_platform": "腾讯娱乐",
            "source_url": "https://news.qq.com/rain/a/20260115V06YX200",
            "content": "香港旅游局局长致谢周深",
            "image": "images/rank5_香港旅游局局_20260116_183334.jpg"
        },
        {
            "rank": 6,
            "title": "闫学晶哭穷风波后现身机场",
            "original_title": "",
            "source_platform": "腾讯娱乐",
            "source_url": "https://news.qq.com/rain/a/20260115V03VJR00",
            "content": "闫学晶哭穷风波后现身机场",
            "image": "images/rank6_闫学晶哭穷风_20260116_183334.jpg"
        },
        {
            "rank": 7,
            "title": "王天放现身央视春晚彩排",
            "original_title": "",
            "source_platform": "腾讯娱乐",
            "source_url": "https://news.qq.com/rain/a/20260115V06W1S00",
            "content": "王天放现身央视春晚彩排",
            "image": "images/rank7_王天放现身央_20260116_183334.jpg"
        },
        {
            "rank": 8,
            "title": "表演艺术家陶玉玲去世",
            "original_title": "",
            "source_platform": "腾讯娱乐",
            "source_url": "https://news.qq.com/rain/a/20260115A07V6S00",
            "content": "表演艺术家陶玉玲去世",
            "image": "images/rank8_表演艺术家陶_20260116_183334.jpg"
        },
        {
            "rank": 9,
            "title": "天南地北年货大赏",
            "original_title": "",
            "source_platform": "抖音热榜",
            "source_url": "https://www.douyin.com/hot/2369650",
            "content": "天南地北年货大赏",
            "image": "images/rank9_天南地北年货_20260116_183334.jpg"
        }
    ],
    "timestamp": "20260116_183334"
}