{
    "news": [
        {
            "rank": 0,
            "title": "【轰动】风波再起！众明星卷入，谁能独善其身？",
            "original_title": "",
            "source_platform": "",
            "source_url": "",
            "content": "",
            "image": ""
        },
        {
            "rank": 1,
            "title": "黄晓明曝艺人红毯假摔：为博眼球有流量",
            "original_title": "",
            "source_platform": "腾讯娱乐",
            "source_url": "https://news.qq.com/rain/a/20260221V05N6000",
            "content": "黄晓明曝艺人红毯假摔：为博眼球有流量",
            "image": "images/rank1_黄晓明曝艺人_20260222_061955.jpg"
        },
        {
            "rank": 2,
            "title": "张钧甯赞《立春》搭档魅力似水",
            "original_title": "",
            "source_platform": "腾讯娱乐",
            "source_url": "https://news.qq.com/rain/a/20260219V06SE400",
            "content": "张钧甯赞《立春》搭档魅力似水",
            "image": "images/rank2_张钧甯赞_立_20260222_061955.jpg"
        },
        {
            "rank": 3,
            "title": "梁源批欧阳娣娣没天赋",
            "original_title": "",
            "source_platform": "腾讯娱乐",
            "source_url": "https://news.qq.com/rain/a/20260220V05VLT00",
            "content": "梁源批欧阳娣娣没天赋",
            "image": "images/rank3_梁源批欧阳娣_20260222_061955.jpg"
        },
        {
            "rank": 4,
            "title": "过年好像一场热闹的梦",
            "original_title": "",
            "source_platform": "抖音热榜",
            "source_url": "https://www.douyin.com/hot/2407722",
            "content": "过年好像一场热闹的梦",
            "image": "images/rank4_过年好像一场_20260222_061955.jpg"
        },
        {
            "rank": 5,
            "title": "春节档电影总票房突破40亿元",
            "original_title": "",
            "source_platform": "抖音热榜",
            "source_url": "https://www.douyin.com/hot/2408064",
            "content": "春节档电影总票房突破40亿元",
            "image": "images/rank5_春节档电影总_20260222_061955.jpg"
        },
        {
            "rank": 6,
            "title": "新春穿搭不重样挑战",
            "original_title": "",
            "source_platform": "抖音热榜",
            "source_url": "https://www.douyin.com/hot/2407798",
            "content": "新春穿搭不重样挑战",
            "image": "images/rank6_新春穿搭不重_20260222_061955.jpg"
        },
        {
            "rank": 7,
            "title": "中国队空中技巧混合团体摘铜",
            "original_title": "",
            "source_platform": "抖音热榜",
            "source_url": "https://www.douyin.com/hot/2407411",
            "content": "中国队空中技巧混合团体摘铜",
            "image": "images/rank7_中国队空中技_20260222_061955.jpg"
        },
        {
            "rank": 8,
            "title": "消息称美考虑打击哈梅内伊父子",
            "original_title": "",
            "source_platform": "抖音热榜",
            "source_url": "https://www.douyin.com/hot/2407540",
            "content": "消息称美考虑打击哈梅内伊父子",
            "image": "images/rank8_消息称美考虑_20260222_061955.jpg"
        },
        {
            "rank": 9,
            "title": "宁忠岩直播“验”冬奥金牌",
            "original_title": "",
            "source_platform": "抖音热榜",
            "source_url": "https://www.douyin.com/hot/2408088",
            "content": "宁忠岩直播“验”冬奥金牌",
            "image": "images/rank9_宁忠岩直播__20260222_061955.jpg"
        }
    ],
    "timestamp": "20260222_061955"
}