{
    "news": [
        {
            "rank": 0,
            "title": "【轰动】风波再起！众明星卷入，谁能独善其身？",
            "original_title": "",
            "source_platform": "",
            "source_url": "",
            "content": "",
            "image": ""
        },
        {
            "rank": 1,
            "title": "宁忠岩速滑男子1000米夺铜",
            "original_title": "",
            "source_platform": "抖音热榜",
            "source_url": "https://www.douyin.com/hot/2397674",
            "content": "宁忠岩速滑男子1000米夺铜",
            "image": "images/rank1_宁忠岩速滑男_20260212_062642.jpg"
        },
        {
            "rank": 2,
            "title": "U17国足3:2绝杀印尼",
            "original_title": "",
            "source_platform": "抖音热榜",
            "source_url": "https://www.douyin.com/hot/2397506",
            "content": "U17国足3:2绝杀印尼",
            "image": "images/rank2_U17国足3_20260212_062642.jpg"
        },
        {
            "rank": 3,
            "title": "我国首个载人登月发射场初具规模",
            "original_title": "",
            "source_platform": "抖音热榜",
            "source_url": "https://www.douyin.com/hot/2397541",
            "content": "我国首个载人登月发射场初具规模",
            "image": "images/rank3_我国首个载人_20260212_062642.jpg"
        },
        {
            "rank": 4,
            "title": "赵睿被停赛3场罚款5万",
            "original_title": "",
            "source_platform": "抖音热榜",
            "source_url": "https://www.douyin.com/hot/2397583",
            "content": "赵睿被停赛3场罚款5万",
            "image": "images/rank4_赵睿被停赛3_20260212_062642.jpg"
        },
        {
            "rank": 5,
            "title": "【TF家族练习生】荣耀之战演唱会:《第二类我》纯享版（DAY2）",
            "original_title": "",
            "source_platform": "TF家族",
            "source_url": "https://www.bilibili.com/video/BV1CNFmzsEjH",
            "content": "【TF家族练习生】荣耀之战演唱会:《第二类我》纯享版（DAY2）",
            "image": "images/rank5__TF家族练_20260212_062642.jpg"
        },
        {
            "rank": 6,
            "title": "《崩坏：星穹铁道》「齐乐绒绒大冒险」公益短片：星穹下的格桑花",
            "original_title": "",
            "source_platform": "崩坏星穹铁道",
            "source_url": "https://www.bilibili.com/video/BV1woFQzKEmY",
            "content": "《崩坏：星穹铁道》「齐乐绒绒大冒险」公益短片：星穹下的格桑花",
            "image": "images/rank6__崩坏_星穹_20260212_062642.jpg"
        },
        {
            "rank": 7,
            "title": "“前方开启护眼模式～”",
            "original_title": "",
            "source_platform": "予野_治愈记",
            "source_url": "https://www.bilibili.com/video/BV12CrCBTEEq",
            "content": "“前方开启护眼模式～”",
            "image": "images/rank7__前方开启护_20260212_062642.jpg"
        },
        {
            "rank": 8,
            "title": "霍乱：地图上的幽灵与一场科学叛变",
            "original_title": "",
            "source_platform": "大圆镜科普",
            "source_url": "https://www.bilibili.com/video/BV1S8cMzZEor",
            "content": "霍乱：地图上的幽灵与一场科学叛变",
            "image": "images/rank8_霍乱_地图上_20260212_062642.jpg"
        },
        {
            "rank": 9,
            "title": "当你穿进老钱班（春节篇）",
            "original_title": "",
            "source_platform": "侯绿萝",
            "source_url": "https://www.bilibili.com/video/BV1QMF2zYEPi",
            "content": "当你穿进老钱班（春节篇）",
            "image": "images/rank9_当你穿进老钱_20260212_062642.jpg"
        }
    ],
    "timestamp": "20260212_062642"
}